leg_id,icao24,callsign,runway,approach_start_utc,approach_end_utc,outcome,touchdown,coverage_truncated,min_agl_ft,t_low_utc,lat_low,lon_low,level_low_duration_s,climb_start_utc,init_agl_ft,init_dist_thr_nm,peak_climb_fpm,alt_regain_ft,next_action,next_gap_s,t_local
a61443_20250104_220748,a61443,ERU491,07R,2025-01-04 22:26:23+00:00,2025-01-04 22:27:01+00:00,go_around,False,False,41.0,2025-01-04 22:26:41+00:00,29.175476,-81.058238,7.0,2025-01-04 22:26:47+00:00,66.0,-0.045,1088.0,825.0,reapproach,144.0,2025-01-04 17:26:41-05:00
ab113e_20250105_134958,ab113e,ERU812,25L,2025-01-05 14:23:40+00:00,2025-01-05 14:24:26+00:00,go_around,False,False,341.0,2025-01-05 14:24:04+00:00,29.180944,-81.044635,8.0,2025-01-05 14:24:10+00:00,341.0,0.073,704.0,550.0,reapproach,268.0,2025-01-05 09:24:04-05:00
ab113e_20250105_134958,ab113e,ERU812,25L,2025-01-05 14:28:54+00:00,2025-01-05 14:29:54+00:00,go_around,False,False,216.0,2025-01-05 14:29:32+00:00,29.180805,-81.045012,9.0,2025-01-05 14:29:39+00:00,241.0,0.035,768.0,675.0,reapproach,277.0,2025-01-05 09:29:32-05:00
ad1c78_20250105_165756,ad1c78,ERU944,07L,2025-01-05 17:10:53+00:00,2025-01-05 17:13:58+00:00,ga_ambiguous,False,False,216.0,2025-01-05 17:13:44+00:00,29.172272,-81.079102,29.0,2025-01-05 17:14:07+00:00,341.0,-0.518,1024.0,1575.0,reapproach,778.0,2025-01-05 12:13:44-05:00
abba5f_20250106_032013,abba5f,ERU855,07L,2025-01-06 04:12:33+00:00,2025-01-06 04:15:22+00:00,go_around,False,False,191.0,2025-01-06 04:14:46+00:00,29.169067,-81.086391,8.0,2025-01-06 04:14:48+00:00,191.0,0.432,1152.0,1700.0,reapproach,829.0,2025-01-05 23:14:46-05:00
ab113e_20250107_022003,ab113e,ERU812,25R,2025-01-07 02:37:01+00:00,2025-01-07 02:38:02+00:00,go_around,False,False,116.0,2025-01-07 02:37:32+00:00,29.187182,-81.041619,4.0,2025-01-07 02:37:36+00:00,141.0,0.3,960.0,2300.0,reapproach,2426.0,2025-01-06 21:37:32-05:00
ac910f_20250107_212822,ac910f,ERU909,34,2025-01-07 22:24:40+00:00,2025-01-07 22:28:37+00:00,ga_ambiguous,False,False,191.0,2025-01-07 22:28:22+00:00,29.175498,-81.049482,21.0,2025-01-07 22:28:26+00:00,191.0,-0.087,1216.0,1675.0,reapproach,1145.0,2025-01-07 17:28:22-05:00
a35621_20250108_145630,a35621,ERU314,34,2025-01-08 15:37:29+00:00,2025-01-08 15:41:15+00:00,go_around,False,False,91.0,2025-01-08 15:40:42+00:00,29.169662,-81.046248,19.0,2025-01-08 15:40:53+00:00,91.0,0.304,1408.0,1950.0,reapproach,1688.0,2025-01-08 10:40:42-05:00
ab314f_20250108_185153,ab314f,ERU820,25L,2025-01-08 19:49:23+00:00,2025-01-08 19:49:56+00:00,go_around,False,False,141.0,2025-01-08 19:49:34+00:00,29.180572,-81.045712,7.0,2025-01-08 19:49:38+00:00,166.0,0.033,1216.0,850.0,reapproach,107.0,2025-01-08 14:49:34-05:00
ab3506_20250109_000001,ab3506,ERU821,25L,2025-01-09 00:41:09+00:00,2025-01-09 00:44:26+00:00,go_around,False,False,66.0,2025-01-09 00:43:51+00:00,29.182571,-81.040702,11.0,2025-01-09 00:43:56+00:00,91.0,0.32,896.0,850.0,reapproach,334.0,2025-01-08 19:43:51-05:00
a388c5_20250110_163127,a388c5,ERU327,07L,2025-01-10 17:08:27+00:00,2025-01-10 17:12:12+00:00,go_around,False,False,141.0,2025-01-10 17:11:07+00:00,29.170029,-81.084331,12.0,2025-01-10 17:11:17+00:00,141.0,0.103,1344.0,775.0,reapproach,181.0,2025-01-10 12:11:07-05:00
a59a0f_20250110_000004,a59a0f,ERU460,34,2025-01-10 00:31:00+00:00,2025-01-10 00:35:10+00:00,go_around,False,False,216.0,2025-01-10 00:34:13+00:00,29.161253,-81.042265,17.0,2025-01-10 00:34:23+00:00,241.0,0.729,1216.0,1675.0,reapproach,637.0,2025-01-09 19:34:13-05:00
a5f432_20250110_192248,a5f432,ERU483,07R,2025-01-10 19:44:49+00:00,2025-01-10 19:45:43+00:00,go_around,False,False,66.0,2025-01-10 19:45:24+00:00,29.175963,-81.057129,9.0,2025-01-10 19:45:28+00:00,91.0,-0.04,832.0,850.0,reapproach,224.0,2025-01-10 14:45:24-05:00
a626d6_20250110_143559,a626d6,ERU496,07R,2025-01-10 15:35:03+00:00,2025-01-10 15:35:43+00:00,go_around,False,False,141.0,2025-01-10 15:35:18+00:00,29.1748,-81.059499,9.0,2025-01-10 15:35:25+00:00,141.0,0.015,960.0,875.0,reapproach,217.0,2025-01-10 10:35:18-05:00
ab38bd_20250110_190048,ab38bd,ERU822,07R,2025-01-10 19:40:43+00:00,2025-01-10 19:42:23+00:00,go_around,False,False,141.0,2025-01-10 19:41:56+00:00,29.174927,-81.059559,11.0,2025-01-10 19:42:03+00:00,141.0,0.037,960.0,725.0,reapproach,287.0,2025-01-10 14:41:56-05:00
abab83_20250110_023244,abab83,ERU851,34,2025-01-10 02:47:00+00:00,2025-01-10 02:50:40+00:00,go_around,False,False,191.0,2025-01-10 02:49:54+00:00,29.165117,-81.043827,11.0,2025-01-10 02:49:59+00:00,216.0,0.571,1088.0,2050.0,reapproach,1910.0,2025-01-09 21:49:54-05:00
ac54a4_20250110_210542,ac54a4,ERU894,07L,2025-01-10 21:47:22+00:00,2025-01-10 21:48:53+00:00,go_around,False,False,791.0,2025-01-10 21:48:44+00:00,29.153711,-81.12407,16.0,2025-01-10 21:48:55+00:00,816.0,2.398,1216.0,1175.0,reapproach,1916.0,2025-01-10 16:48:44-05:00
ac910f_20250110_171727,ac910f,ERU909,07R,2025-01-10 17:58:49+00:00,2025-01-10 17:59:47+00:00,ga_ambiguous,False,False,166.0,2025-01-10 17:59:25+00:00,29.175312,-81.058637,24.0,2025-01-10 17:59:48+00:00,241.0,-0.33,1664.0,700.0,reapproach,174.0,2025-01-10 12:59:25-05:00
ad001e_20250110_014312,ad001e,ERU937,07L,2025-01-10 01:58:58+00:00,2025-01-10 02:00:47+00:00,go_around,False,False,766.0,2025-01-10 02:00:22+00:00,29.151849,-81.128594,8.0,2025-01-10 02:00:28+00:00,791.0,2.801,1024.0,1625.0,reapproach,981.0,2025-01-09 21:00:22-05:00
ad03d5_20250110_015757,ad03d5,ERU938,34,2025-01-10 02:32:52+00:00,2025-01-10 02:33:34+00:00,go_around,False,False,166.0,2025-01-10 02:33:12+00:00,29.175312,-81.048889,20.0,2025-01-10 02:33:23+00:00,216.0,-0.146,1024.0,1775.0,reapproach,990.0,2025-01-09 21:33:12-05:00
a48aab_20250111_233126,a48aab,ERU392,34,2025-01-11 23:49:16+00:00,2025-01-11 23:53:11+00:00,ga_ambiguous,False,False,266.0,2025-01-11 23:52:03+00:00,29.157296,-81.040165,25.0,2025-01-11 23:52:24+00:00,291.0,0.74,1152.0,1575.0,leg_end,,2025-01-11 18:52:03-05:00
a4dfb9_20250111_185433,a4dfb9,ERU413,25L,2025-01-11 18:57:54+00:00,2025-01-11 18:59:04+00:00,go_around,False,False,41.0,2025-01-11 18:58:42+00:00,29.17992,-81.04722,6.0,2025-01-11 18:58:48+00:00,91.0,-0.059,832.0,900.0,reapproach,242.0,2025-01-11 13:58:42-05:00
abaf3a_20250111_165608,abaf3a,ERU852,25L,2025-01-11 18:02:24+00:00,2025-01-11 18:03:05+00:00,go_around,False,False,316.0,2025-01-11 18:02:37+00:00,29.181922,-81.04178,5.0,2025-01-11 18:02:41+00:00,316.0,0.253,960.0,575.0,reapproach,203.0,2025-01-11 13:02:37-05:00
abba5f_20250111_132644,abba5f,ERU855,25L,2025-01-11 13:47:24+00:00,2025-01-11 13:50:37+00:00,go_around,False,False,66.0,2025-01-11 13:50:03+00:00,29.181885,-81.042498,11.0,2025-01-11 13:50:07+00:00,116.0,0.236,1344.0,900.0,reapproach,267.0,2025-01-11 08:50:03-05:00
abf0ba_20250111_205954,abf0ba,ERU869,34,2025-01-11 21:17:36+00:00,2025-01-11 21:20:38+00:00,ga_ambiguous,False,False,191.0,2025-01-11 21:20:01+00:00,29.167282,-81.045086,22.0,2025-01-11 21:20:10+00:00,216.0,0.336,1280.0,1700.0,reapproach,807.0,2025-01-11 16:20:01-05:00
ab38bd_20250112_161501,ab38bd,ERU822,07R,2025-01-12 16:18:02+00:00,2025-01-12 16:18:41+00:00,ga_ambiguous,False,False,166.0,2025-01-12 16:18:17+00:00,29.174474,-81.060576,28.0,2025-01-12 16:18:41+00:00,291.0,-0.267,1024.0,700.0,reapproach,180.0,2025-01-12 11:18:17-05:00
abba5f_20250112_014737,abba5f,ERU855,34,2025-01-12 02:13:50+00:00,2025-01-12 02:17:10+00:00,ga_ambiguous,False,False,216.0,2025-01-12 02:16:36+00:00,29.163534,-81.043288,21.0,2025-01-12 02:16:47+00:00,266.0,0.517,1408.0,1675.0,reapproach,661.0,2025-01-11 21:16:36-05:00
a5f07b_20250113_000003,a5f07b,ERU482,07L,2025-01-13 00:00:03+00:00,2025-01-13 00:04:09+00:00,go_around,False,False,91.0,2025-01-13 00:02:54+00:00,29.170749,-81.081956,16.0,2025-01-13 00:03:04+00:00,116.0,0.009,1344.0,1850.0,reapproach,689.0,2025-01-12 19:02:54-05:00
a5f07b_20250113_000003,a5f07b,ERU482,07L,2025-01-13 00:15:38+00:00,2025-01-13 00:19:50+00:00,go_around,False,False,91.0,2025-01-13 00:18:35+00:00,29.170395,-81.08264,13.0,2025-01-13 00:18:43+00:00,141.0,0.063,1344.0,2300.0,reapproach,1292.0,2025-01-12 19:18:35-05:00
ab6f18_20250113_221035,ab6f18,ERU836,07R,2025-01-13 22:55:59+00:00,2025-01-13 22:56:49+00:00,ga_ambiguous,False,False,141.0,2025-01-13 22:56:14+00:00,29.17345,-81.063107,21.0,2025-01-13 22:56:33+00:00,241.0,0.061,832.0,750.0,reapproach,109.0,2025-01-13 17:56:14-05:00
abba5f_20250113_014425,abba5f,ERU855,07L,2025-01-13 02:15:06+00:00,2025-01-13 02:19:19+00:00,ga_ambiguous,False,False,91.0,2025-01-13 02:18:11+00:00,29.171029,-81.081956,27.0,2025-01-13 02:18:33+00:00,366.0,-0.268,832.0,1825.0,reapproach,811.0,2025-01-12 21:18:11-05:00
ac54a4_20250113_211116,ac54a4,ERU894,07L,2025-01-13 21:48:05+00:00,2025-01-13 21:51:15+00:00,go_around,False,False,41.0,2025-01-13 21:51:03+00:00,29.172286,-81.078078,12.0,2025-01-13 21:51:06+00:00,41.0,-0.066,1152.0,2300.0,reapproach,1075.0,2025-01-13 16:51:03-05:00
ad6b76_20250113_000003,ad6b76,ERU964,07L,2025-01-13 00:05:20+00:00,2025-01-13 00:09:01+00:00,go_around,False,False,216.0,2025-01-13 00:08:07+00:00,29.16898,-81.086857,20.0,2025-01-13 00:08:22+00:00,241.0,0.117,1728.0,1650.0,reapproach,1061.0,2025-01-12 19:08:07-05:00
ad6b76_20250113_020246,ad6b76,ERU964,07L,2025-01-13 02:48:03+00:00,2025-01-13 02:51:31+00:00,go_around,False,False,66.0,2025-01-13 02:51:07+00:00,29.171127,-81.081954,13.0,2025-01-13 02:51:15+00:00,66.0,0.042,1088.0,1775.0,reapproach,649.0,2025-01-12 21:51:07-05:00
ad8f3e_20250113_015156,ad8f3e,ERU973,07L,2025-01-13 02:06:58+00:00,2025-01-13 02:11:09+00:00,go_around,False,False,66.0,2025-01-13 02:10:02+00:00,29.171906,-81.079735,15.0,2025-01-13 02:10:08+00:00,91.0,-0.052,1664.0,1850.0,reapproach,794.0,2025-01-12 21:10:02-05:00
ad8f3e_20250113_015156,ad8f3e,ERU973,07L,2025-01-13 02:24:23+00:00,2025-01-13 02:28:31+00:00,go_around,False,False,41.0,2025-01-13 02:27:22+00:00,29.171774,-81.079856,13.0,2025-01-13 02:27:29+00:00,91.0,-0.054,1280.0,1875.0,reapproach,1638.0,2025-01-12 21:27:22-05:00
a57290_20250114_010247,a57290,ERU450,34,2025-01-14 01:16:08+00:00,2025-01-14 01:18:26+00:00,go_around,False,False,666.0,2025-01-14 01:17:41+00:00,29.141282,-81.032464,15.0,2025-01-14 01:17:52+00:00,741.0,2.007,1024.0,1850.0,reapproach,704.0,2025-01-13 20:17:41-05:00
ab113e_20250114_001012,ab113e,ERU812,07L,2025-01-14 00:27:44+00:00,2025-01-14 00:31:49+00:00,go_around,False,False,66.0,2025-01-14 00:30:44+00:00,29.171356,-81.080422,16.0,2025-01-14 00:30:52+00:00,66.0,-0.071,1472.0,1925.0,reapproach,896.0,2025-01-13 19:30:44-05:00
ab113e_20250114_203941,ab113e,ERU812,07R,2025-01-14 21:03:37+00:00,2025-01-14 21:04:57+00:00,go_around,False,False,66.0,2025-01-14 21:04:41+00:00,29.176056,-81.056698,9.0,2025-01-14 21:04:46+00:00,91.0,-0.093,960.0,775.0,reapproach,207.0,2025-01-14 16:04:41-05:00
ab3506_20250114_231824,ab3506,ERU821,07L,2025-01-14 23:31:09+00:00,2025-01-14 23:34:48+00:00,go_around,False,False,466.0,2025-01-14 23:33:33+00:00,29.162649,-81.102474,11.0,2025-01-14 23:33:39+00:00,466.0,1.294,1216.0,1450.0,reapproach,529.0,2025-01-14 18:33:33-05:00
ab4b50_20250114_000003,ab4b50,ERU827,07L,2025-01-14 00:00:04+00:00,2025-01-14 00:04:05+00:00,go_around,False,False,66.0,2025-01-14 00:02:57+00:00,29.17099,-81.081584,12.0,2025-01-14 00:03:04+00:00,66.0,0.023,1280.0,1900.0,reapproach,1181.0,2025-01-13 19:02:57-05:00
ac2d25_20250114_173509,ac2d25,ERU884,34,2025-01-14 18:37:06+00:00,2025-01-14 18:40:51+00:00,go_around,False,False,66.0,2025-01-14 18:40:24+00:00,29.170715,-81.046565,13.0,2025-01-14 18:40:25+00:00,66.0,0.325,1472.0,825.0,reapproach,210.0,2025-01-14 13:40:24-05:00
ad52d3_20250114_164323,ad52d3,ERU958,34,2025-01-14 17:34:01+00:00,2025-01-14 17:37:24+00:00,go_around,False,False,241.0,2025-01-14 17:37:01+00:00,29.166138,-81.044452,13.0,2025-01-14 17:37:09+00:00,266.0,0.495,1280.0,700.0,reapproach,128.0,2025-01-14 12:37:01-05:00
a54b11_20250115_205122,a54b11,ERU440,07R,2025-01-15 21:54:18+00:00,2025-01-15 21:55:31+00:00,go_around,False,False,116.0,2025-01-15 21:55:06+00:00,29.174423,-81.060668,6.0,2025-01-15 21:55:09+00:00,116.0,0.155,1152.0,800.0,reapproach,296.0,2025-01-15 16:55:06-05:00
ab113e_20250115_000043,ab113e,ERU812,07L,2025-01-15 00:13:35+00:00,2025-01-15 00:18:03+00:00,go_around,False,False,66.0,2025-01-15 00:16:50+00:00,29.171127,-81.081214,13.0,2025-01-15 00:17:00+00:00,66.0,-0.034,1280.0,1900.0,reapproach,3079.0,2025-01-14 19:16:50-05:00
ab38bd_20250115_014545,ab38bd,ERU822,07L,2025-01-15 01:58:10+00:00,2025-01-15 02:01:46+00:00,go_around,False,False,91.0,2025-01-15 02:01:18+00:00,29.170441,-81.083116,11.0,2025-01-15 02:01:24+00:00,116.0,0.165,1152.0,2250.0,reapproach,2875.0,2025-01-14 21:01:18-05:00
ab5c85_20250115_000002,ab5c85,ERU831,07L,2025-01-15 00:00:26+00:00,2025-01-15 00:03:42+00:00,go_around,False,False,541.0,2025-01-15 00:02:29+00:00,29.159577,-81.10926,15.0,2025-01-15 00:02:36+00:00,591.0,1.653,1280.0,1375.0,reapproach,736.0,2025-01-14 19:02:29-05:00
ab5c85_20250115_050817,ab5c85,ERU831,07L,2025-01-15 05:51:28+00:00,2025-01-15 05:54:33+00:00,go_around,False,False,366.0,2025-01-15 05:53:59+00:00,29.163953,-81.098705,13.0,2025-01-15 05:54:09+00:00,416.0,0.957,1280.0,1500.0,reapproach,574.0,2025-01-15 00:53:59-05:00
ac5fc9_20250115_201329,ac5fc9,ERU897,07L,2025-01-15 21:22:22+00:00,2025-01-15 21:26:42+00:00,go_around,False,False,91.0,2025-01-15 21:25:33+00:00,29.171402,-81.081214,13.0,2025-01-15 21:25:39+00:00,116.0,0.031,1216.0,950.0,reapproach,266.0,2025-01-15 16:25:33-05:00
ad8f3e_20250115_214456,ad8f3e,ERU973,07R,2025-01-15 21:59:26+00:00,2025-01-15 22:01:06+00:00,go_around,False,False,66.0,2025-01-15 22:00:30+00:00,29.173356,-81.063322,12.0,2025-01-15 22:00:33+00:00,66.0,0.343,1152.0,2625.0,reapproach,4555.0,2025-01-15 17:00:30-05:00
a54b11_20250116_021343,a54b11,ERU440,07L,2025-01-16 04:59:21+00:00,2025-01-16 05:03:23+00:00,go_around,False,False,116.0,2025-01-16 05:02:24+00:00,29.170005,-81.084002,10.0,2025-01-16 05:02:31+00:00,166.0,0.159,1344.0,1775.0,reapproach,776.0,2025-01-16 00:02:24-05:00
a5c545_20250116_020139,a5c545,ERU471,07L,2025-01-16 02:53:33+00:00,2025-01-16 02:58:08+00:00,go_around,False,False,191.0,2025-01-16 02:56:55+00:00,29.170578,-81.081795,16.0,2025-01-16 02:57:03+00:00,191.0,0.047,1088.0,1650.0,reapproach,1054.0,2025-01-15 21:56:55-05:00
a5c8fc_20250116_163324,a5c8fc,ERU472,25L,2025-01-16 16:41:25+00:00,2025-01-16 16:42:10+00:00,go_around,False,False,41.0,2025-01-16 16:41:54+00:00,29.179827,-81.047489,14.0,2025-01-16 16:42:02+00:00,66.0,0.018,1152.0,775.0,reapproach,188.0,2025-01-16 11:41:54-05:00
a606c5_20250116_133416,a606c5,ERU488,25R,2025-01-16 15:02:56+00:00,2025-01-16 15:04:37+00:00,ga_ambiguous,False,False,266.0,2025-01-16 15:04:10+00:00,29.185776,-81.045192,27.0,2025-01-16 15:04:32+00:00,341.0,-0.296,768.0,700.0,reapproach,347.0,2025-01-16 10:04:10-05:00
a6108c_20250116_203202,a6108c,ERU490,07R,2025-01-16 20:42:14+00:00,2025-01-16 20:42:48+00:00,go_around,False,False,66.0,2025-01-16 20:42:33+00:00,29.176289,-81.056321,9.0,2025-01-16 20:42:38+00:00,91.0,-0.127,1216.0,925.0,reapproach,385.0,2025-01-16 15:42:33-05:00
abba5f_20250116_192106,abba5f,ERU855,07R,2025-01-16 20:37:56+00:00,2025-01-16 20:38:28+00:00,go_around,False,False,41.0,2025-01-16 20:38:10+00:00,29.175568,-81.058185,8.0,2025-01-16 20:38:15+00:00,41.0,0.011,1024.0,925.0,reapproach,178.0,2025-01-16 15:38:10-05:00
ad8f3e_20250116_014954,ad8f3e,ERU973,07L,2025-01-16 02:06:45+00:00,2025-01-16 02:11:14+00:00,go_around,False,False,391.0,2025-01-16 02:09:59+00:00,29.171122,-81.080017,13.0,2025-01-16 02:10:08+00:00,416.0,-0.07,1408.0,1525.0,reapproach,1099.0,2025-01-15 21:09:59-05:00
ada588_20250116_000237,ada588,ERU979,07L,2025-01-16 00:09:05+00:00,2025-01-16 00:13:29+00:00,ga_ambiguous,False,False,241.0,2025-01-16 00:11:51+00:00,29.166687,-81.092201,24.0,2025-01-16 00:12:10+00:00,291.0,0.362,1408.0,1650.0,reapproach,779.0,2025-01-15 19:11:51-05:00
ab113e_20250117_224330,ab113e,ERU812,07R,2025-01-17 23:06:15+00:00,2025-01-17 23:06:56+00:00,go_around,False,False,91.0,2025-01-17 23:06:36+00:00,29.175451,-81.05826,10.0,2025-01-17 23:06:40+00:00,116.0,-0.001,960.0,825.0,reapproach,216.0,2025-01-17 18:06:36-05:00
ac5fc9_20250117_015909,ac5fc9,ERU897,16,2025-01-17 02:28:40+00:00,2025-01-17 02:32:49+00:00,ga_ambiguous,False,False,366.0,2025-01-17 02:32:04+00:00,29.191086,-81.040914,25.0,2025-01-17 02:32:27+00:00,441.0,-0.463,896.0,1500.0,reapproach,593.0,2025-01-16 21:32:04-05:00
ada588_20250117_004608,ada588,ERU979,25L,2025-01-17 01:05:40+00:00,2025-01-17 01:06:19+00:00,go_around,False,False,141.0,2025-01-17 01:05:57+00:00,29.180969,-81.045139,13.0,2025-01-17 01:06:08+00:00,166.0,-0.064,960.0,825.0,reapproach,232.0,2025-01-16 20:05:57-05:00
ada588_20250117_133323,ada588,ERU979,25L,2025-01-17 13:37:08+00:00,2025-01-17 13:37:38+00:00,ga_ambiguous,False,False,91.0,2025-01-17 13:37:19+00:00,29.180246,-81.046412,29.0,2025-01-17 13:37:47+00:00,316.0,-0.489,896.0,850.0,reapproach,303.0,2025-01-17 08:37:19-05:00
ada588_20250117_133323,ada588,ERU979,25L,2025-01-17 14:02:06+00:00,2025-01-17 14:02:46+00:00,go_around,False,False,41.0,2025-01-17 14:02:20+00:00,29.181152,-81.044241,4.0,2025-01-17 14:02:22+00:00,41.0,0.161,896.0,925.0,reapproach,299.0,2025-01-17 09:02:20-05:00
a5c545_20250118_015351,a5c545,ERU471,07L,2025-01-18 03:13:23+00:00,2025-01-18 03:17:19+00:00,go_around,False,False,66.0,2025-01-18 03:16:29+00:00,29.17182,-81.079748,15.0,2025-01-18 03:16:35+00:00,91.0,-0.039,1216.0,1825.0,reapproach,793.0,2025-01-17 22:16:29-05:00
a6231f_20250118_014506,a6231f,ERU495,07L,2025-01-18 03:11:10+00:00,2025-01-18 03:14:48+00:00,ga_ambiguous,False,False,216.0,2025-01-18 03:14:20+00:00,29.171448,-81.080686,22.0,2025-01-18 03:14:37+00:00,291.0,-0.326,1024.0,1875.0,reapproach,692.0,2025-01-17 22:14:20-05:00
ab314f_20250118_015004,ab314f,ERU820,07L,2025-01-18 02:35:33+00:00,2025-01-18 02:39:46+00:00,go_around,False,False,66.0,2025-01-18 02:38:33+00:00,29.170889,-81.081794,12.0,2025-01-18 02:38:40+00:00,141.0,0.049,1152.0,1875.0,reapproach,1419.0,2025-01-17 21:38:33-05:00
ab7a3d_20250118_000356,ab7a3d,ERU839,07R,2025-01-18 00:21:53+00:00,2025-01-18 00:22:49+00:00,go_around,False,False,41.0,2025-01-18 00:22:35+00:00,29.176437,-81.055861,9.0,2025-01-18 00:22:35+00:00,41.0,-0.056,832.0,875.0,reapproach,232.0,2025-01-17 19:22:35-05:00
abaf3a_20250118_014103,abaf3a,ERU852,07L,2025-01-18 02:26:56+00:00,2025-01-18 02:30:26+00:00,go_around,False,False,66.0,2025-01-18 02:29:48+00:00,29.170424,-81.082871,10.0,2025-01-18 02:29:53+00:00,116.0,0.165,1408.0,1875.0,reapproach,1469.0,2025-01-17 21:29:48-05:00
ac8d58_20250118_060848,ac8d58,ERU908,07L,2025-01-18 07:09:21+00:00,2025-01-18 07:12:29+00:00,ga_ambiguous,False,False,91.0,2025-01-18 07:11:57+00:00,29.170331,-81.083464,27.0,2025-01-18 07:12:21+00:00,266.0,-0.272,1024.0,1825.0,reapproach,1002.0,2025-01-18 02:11:57-05:00
ad52d3_20250118_192117,ad52d3,ERU958,25L,2025-01-18 19:34:24+00:00,2025-01-18 19:35:15+00:00,go_around,False,False,91.0,2025-01-18 19:34:46+00:00,29.180603,-81.045509,10.0,2025-01-18 19:34:52+00:00,141.0,0.045,768.0,900.0,reapproach,293.0,2025-01-18 14:34:46-05:00
ad8f3e_20250118_041838,ad8f3e,ERU973,07L,2025-01-18 04:35:04+00:00,2025-01-18 04:37:21+00:00,go_around,False,False,591.0,2025-01-18 04:36:57+00:00,29.158264,-81.113962,12.0,2025-01-18 04:37:04+00:00,616.0,1.884,1088.0,1300.0,reapproach,769.0,2025-01-17 23:36:57-05:00
ac384a_20250119_000001,ac384a,ERU887,25R,2025-01-19 00:01:39+00:00,2025-01-19 00:02:16+00:00,go_around,False,False,141.0,2025-01-19 00:01:47+00:00,29.187836,-81.041125,14.0,2025-01-19 00:01:57+00:00,141.0,0.182,1024.0,1800.0,reapproach,2532.0,2025-01-18 19:01:47-05:00
abba5f_20250121_001217,abba5f,ERU855,34,2025-01-21 00:41:49+00:00,2025-01-21 00:45:37+00:00,go_around,False,False,416.0,2025-01-21 00:44:16+00:00,29.149841,-81.036688,9.0,2025-01-21 00:44:21+00:00,441.0,1.573,832.0,1425.0,reapproach,911.0,2025-01-20 19:44:16-05:00
a32734_20250124_190558,a32734,ERU302,07L,2025-01-24 20:04:08+00:00,2025-01-24 20:07:53+00:00,ga_ambiguous,False,False,141.0,2025-01-24 20:06:50+00:00,29.169818,-81.08481,23.0,2025-01-24 20:07:05+00:00,216.0,0.056,1536.0,925.0,reapproach,194.0,2025-01-24 15:06:50-05:00
ab87bb_20250124_000001,ab87bb,ERU842,07L,2025-01-24 00:00:01+00:00,2025-01-24 00:02:41+00:00,go_around,False,False,116.0,2025-01-24 00:01:22+00:00,29.169479,-81.085598,11.0,2025-01-24 00:01:28+00:00,166.0,0.281,1344.0,1725.0,reapproach,646.0,2025-01-23 19:01:22-05:00
ad03d5_20250126_162849,ad03d5,ERU938,07R,2025-01-26 16:31:47+00:00,2025-01-26 16:32:58+00:00,go_around,False,False,66.0,2025-01-26 16:32:19+00:00,29.173589,-81.062891,12.0,2025-01-26 16:32:23+00:00,91.0,0.289,1216.0,900.0,reapproach,251.0,2025-01-26 11:32:19-05:00
a57290_20250127_131300,a57290,ERU450,07R,2025-01-27 13:30:08+00:00,2025-01-27 13:31:10+00:00,go_around,False,False,191.0,2025-01-27 13:30:46+00:00,29.174846,-81.059768,9.0,2025-01-27 13:30:52+00:00,191.0,0.049,768.0,700.0,reapproach,277.0,2025-01-27 08:30:46-05:00
a5f432_20250127_042023,a5f432,ERU483,07L,2025-01-27 04:35:54+00:00,2025-01-27 04:40:14+00:00,go_around,False,False,66.0,2025-01-27 04:38:59+00:00,29.17067,-81.081795,16.0,2025-01-27 04:39:08+00:00,116.0,0.035,1216.0,2450.0,reapproach,1446.0,2025-01-26 23:38:59-05:00
a606c5_20250127_144803,a606c5,ERU488,07R,2025-01-27 15:04:01+00:00,2025-01-27 15:04:51+00:00,ga_ambiguous,False,False,316.0,2025-01-27 15:04:20+00:00,29.173822,-81.062191,29.0,2025-01-27 15:04:47+00:00,516.0,-0.19,1024.0,675.0,reapproach,242.0,2025-01-27 10:04:20-05:00
ab9697_20250127_035730,ab9697,ERU846,07L,2025-01-27 04:17:15+00:00,2025-01-27 04:21:37+00:00,go_around,False,False,116.0,2025-01-27 04:20:16+00:00,29.169818,-81.084541,12.0,2025-01-27 04:20:22+00:00,141.0,0.245,1344.0,1750.0,reapproach,588.0,2025-01-26 23:20:16-05:00
abb6a8_20250127_000002,abb6a8,ERU854,07L,2025-01-27 00:02:35+00:00,2025-01-27 00:06:17+00:00,ga_ambiguous,False,False,216.0,2025-01-27 00:05:44+00:00,29.170005,-81.083948,21.0,2025-01-27 00:06:01+00:00,266.0,-0.06,1216.0,1675.0,reapproach,874.0,2025-01-26 19:05:44-05:00
abba5f_20250127_210330,abba5f,ERU855,25L,2025-01-27 22:00:03+00:00,2025-01-27 22:02:05+00:00,go_around,False,False,191.0,2025-01-27 22:01:37+00:00,29.18129,-81.043819,13.0,2025-01-27 22:01:41+00:00,191.0,0.191,832.0,775.0,reapproach,220.0,2025-01-27 17:01:37-05:00
ac2d25_20250127_163911,ac2d25,ERU884,25L,2025-01-27 17:00:03+00:00,2025-01-27 17:01:17+00:00,ga_ambiguous,False,False,166.0,2025-01-27 17:00:37+00:00,29.183738,-81.037903,25.0,2025-01-27 17:01:02+00:00,316.0,0.029,1280.0,750.0,reapproach,198.0,2025-01-27 12:00:37-05:00
ac5fc9_20250127_160749,ac5fc9,ERU897,25L,2025-01-27 17:00:52+00:00,2025-01-27 17:02:10+00:00,ga_ambiguous,False,False,116.0,2025-01-27 17:01:33+00:00,29.182481,-81.040973,26.0,2025-01-27 17:01:59+00:00,216.0,-0.006,1152.0,800.0,reapproach,272.0,2025-01-27 12:01:33-05:00
ac8d58_20250127_000553,ac8d58,ERU908,07L,2025-01-27 00:24:29+00:00,2025-01-27 00:27:55+00:00,go_around,False,False,91.0,2025-01-27 00:27:29+00:00,29.170761,-81.082799,13.0,2025-01-27 00:27:36+00:00,141.0,0.119,1600.0,1775.0,reapproach,918.0,2025-01-26 19:27:29-05:00
ac8d58_20250127_043230,ac8d58,ERU908,07L,2025-01-27 04:45:47+00:00,2025-01-27 04:50:08+00:00,go_around,False,False,66.0,2025-01-27 04:48:55+00:00,29.171356,-81.080739,12.0,2025-01-27 04:49:00+00:00,91.0,0.071,1280.0,1825.0,reapproach,2268.0,2025-01-26 23:48:55-05:00
ac8d58_20250127_043230,ac8d58,ERU908,07L,2025-01-27 05:27:56+00:00,2025-01-27 05:32:16+00:00,ga_ambiguous,False,False,191.0,2025-01-27 05:30:42+00:00,29.167258,-81.091111,25.0,2025-01-27 05:31:01+00:00,266.0,0.326,1088.0,1675.0,reapproach,1418.0,2025-01-27 00:30:42-05:00
ad03d5_20250127_015000,ad03d5,ERU938,07L,2025-01-27 02:51:26+00:00,2025-01-27 02:55:25+00:00,ga_ambiguous,False,False,241.0,2025-01-27 02:54:16+00:00,29.167677,-81.089549,26.0,2025-01-27 02:54:29+00:00,291.0,0.351,1152.0,1700.0,reapproach,917.0,2025-01-26 21:54:16-05:00
a57290_20250128_001503,a57290,ERU450,25R,2025-01-28 00:39:41+00:00,2025-01-28 00:40:45+00:00,ga_ambiguous,False,False,141.0,2025-01-28 00:40:06+00:00,29.187741,-81.040649,28.0,2025-01-28 00:40:26+00:00,241.0,0.092,1024.0,1775.0,reapproach,895.0,2025-01-27 19:40:06-05:00
a61443_20250128_180328,a61443,ERU491,25L,2025-01-28 18:54:21+00:00,2025-01-28 18:56:18+00:00,go_around,False,False,91.0,2025-01-28 18:55:43+00:00,29.181875,-81.042427,14.0,2025-01-28 18:55:47+00:00,91.0,0.256,960.0,725.0,reapproach,171.0,2025-01-28 13:55:43-05:00
aafc52_20250128_182526,aafc52,ERU807,25L,2025-01-28 18:53:45+00:00,2025-01-28 18:55:16+00:00,go_around,False,False,191.0,2025-01-28 18:54:42+00:00,29.182022,-81.042128,10.0,2025-01-28 18:54:47+00:00,191.0,0.299,1088.0,800.0,reapproach,158.0,2025-01-28 13:54:42-05:00
ac4d36_20250128_014834,ac4d36,ERU892,16,2025-01-28 02:45:55+00:00,2025-01-28 02:48:14+00:00,go_around,False,False,441.0,2025-01-28 02:47:50+00:00,29.214203,-81.066636,14.0,2025-01-28 02:47:58+00:00,466.0,1.254,768.0,275.0,reapproach,79.0,2025-01-27 21:47:50-05:00
a5c8fc_20250129_014945,a5c8fc,ERU472,07L,2025-01-29 02:04:13+00:00,2025-01-29 02:07:53+00:00,go_around,False,False,241.0,2025-01-29 02:06:47+00:00,29.16926,-81.086049,14.0,2025-01-29 02:06:54+00:00,266.0,0.315,1344.0,1700.0,reapproach,681.0,2025-01-28 21:06:47-05:00
ab113e_20250129_001216,ab113e,ERU812,07L,2025-01-29 00:47:18+00:00,2025-01-29 00:50:07+00:00,go_around,False,False,241.0,2025-01-29 00:49:23+00:00,29.167374,-81.090933,14.0,2025-01-29 00:49:31+00:00,291.0,0.549,1344.0,1825.0,reapproach,1579.0,2025-01-28 19:49:23-05:00
ab6f18_20250129_023100,ab6f18,ERU836,07R,2025-01-29 03:12:20+00:00,2025-01-29 03:13:09+00:00,go_around,False,False,116.0,2025-01-29 03:12:28+00:00,29.173828,-81.074454,10.0,2025-01-29 03:12:35+00:00,116.0,0.753,960.0,1900.0,reapproach,1638.0,2025-01-28 22:12:28-05:00
abab83_20250129_013720,abab83,ERU851,07L,2025-01-29 02:30:53+00:00,2025-01-29 02:34:18+00:00,go_around,False,False,366.0,2025-01-29 02:32:53+00:00,29.165024,-81.094558,10.0,2025-01-29 02:32:59+00:00,391.0,0.794,1088.0,1625.0,reapproach,787.0,2025-01-28 21:32:53-05:00
ac5fc9_20250129_180104,ac5fc9,ERU897,25L,2025-01-29 19:08:26+00:00,2025-01-29 19:09:29+00:00,go_around,False,False,141.0,2025-01-29 19:08:58+00:00,29.181793,-81.042604,10.0,2025-01-29 19:08:58+00:00,141.0,0.3,1152.0,775.0,reapproach,135.0,2025-01-29 14:08:58-05:00
acc9c3_20250129_012611,acc9c3,ERU923,07L,2025-01-29 02:07:17+00:00,2025-01-29 02:10:51+00:00,go_around,False,False,166.0,2025-01-29 02:09:42+00:00,29.168841,-81.086695,13.0,2025-01-29 02:09:50+00:00,166.0,0.352,1088.0,1750.0,reapproach,1398.0,2025-01-28 21:09:42-05:00
a37632_20250130_133937,a37632,ERU322,07L,2025-01-30 14:47:23+00:00,2025-01-30 14:49:41+00:00,go_around,False,False,791.0,2025-01-30 14:48:41+00:00,29.155387,-81.12057,18.0,2025-01-30 14:48:51+00:00,791.0,2.197,1472.0,775.0,reapproach,470.0,2025-01-30 09:48:41-05:00
a57db5_20250130_140550,a57db5,ERU453,07R,2025-01-30 14:37:18+00:00,2025-01-30 14:38:39+00:00,go_around,False,False,41.0,2025-01-30 14:38:19+00:00,29.175498,-81.058044,12.0,2025-01-30 14:38:27+00:00,41.0,-0.077,1216.0,850.0,reapproach,173.0,2025-01-30 09:38:19-05:00
a5d421_20250130_220602,a5d421,ERU475,07R,2025-01-30 23:21:12+00:00,2025-01-30 23:21:53+00:00,go_around,False,False,66.0,2025-01-30 23:21:38+00:00,29.176483,-81.055914,13.0,2025-01-30 23:21:42+00:00,66.0,-0.127,1088.0,875.0,reapproach,66.0,2025-01-30 18:21:38-05:00
a6231f_20250130_195453,a6231f,ERU495,07R,2025-01-30 20:36:16+00:00,2025-01-30 20:37:11+00:00,go_around,False,False,91.0,2025-01-30 20:36:42+00:00,29.174515,-81.060456,10.0,2025-01-30 20:36:42+00:00,91.0,0.211,1216.0,825.0,reapproach,146.0,2025-01-30 15:36:42-05:00
aafc52_20250130_014117,aafc52,ERU807,25R,2025-01-30 02:03:28+00:00,2025-01-30 02:04:29+00:00,go_around,False,False,116.0,2025-01-30 02:03:39+00:00,29.188626,-81.038334,13.0,2025-01-30 02:03:47+00:00,191.0,0.404,1024.0,1850.0,reapproach,650.0,2025-01-29 21:03:39-05:00
ab201a_20250130_212502,ab201a,ERU816,07R,2025-01-30 21:47:24+00:00,2025-01-30 21:48:36+00:00,go_around,False,False,116.0,2025-01-30 21:48:12+00:00,29.175172,-81.059122,20.0,2025-01-30 21:48:27+00:00,191.0,-0.137,960.0,800.0,reapproach,156.0,2025-01-30 16:48:12-05:00
ab4f07_20250130_132729,ab4f07,ERU828,16,2025-01-30 15:06:16+00:00,2025-01-30 15:07:50+00:00,go_around,False,False,741.0,2025-01-30 15:07:45+00:00,29.228027,-81.074189,15.0,2025-01-30 15:07:56+00:00,816.0,2.16,1024.0,775.0,reapproach,540.0,2025-01-30 10:07:45-05:00
a48aab_20250131_000628,a48aab,ERU392,07L,2025-01-31 00:57:06+00:00,2025-01-31 01:00:09+00:00,go_around,False,False,116.0,2025-01-31 00:59:42+00:00,29.169617,-81.084648,13.0,2025-01-31 00:59:48+00:00,141.0,0.189,1472.0,1825.0,reapproach,1126.0,2025-01-30 19:59:42-05:00
a4b83a_20250131_133710,a4b83a,ERU403,25L,2025-01-31 13:47:23+00:00,2025-01-31 13:49:54+00:00,go_around,False,False,66.0,2025-01-31 13:49:52+00:00,29.181782,-81.042642,12.0,2025-01-31 13:49:52+00:00,66.0,0.298,1152.0,900.0,reapproach,199.0,2025-01-31 08:49:52-05:00
a4dfb9_20250131_002545,a4dfb9,ERU413,16,2025-01-31 01:04:38+00:00,2025-01-31 01:07:24+00:00,go_around,False,False,366.0,2025-01-31 01:06:46+00:00,29.220383,-81.07007,3.0,2025-01-31 01:06:49+00:00,366.0,1.846,768.0,275.0,reapproach,183.0,2025-01-30 20:06:46-05:00
a54b11_20250131_143204,a54b11,ERU440,16,2025-01-31 14:55:50+00:00,2025-01-31 14:59:40+00:00,go_around,False,False,216.0,2025-01-31 14:58:53+00:00,29.20152,-81.061491,14.0,2025-01-31 14:58:58+00:00,241.0,0.59,1408.0,2025.0,reapproach,973.0,2025-01-31 09:58:53-05:00
a57290_20250131_000002,a57290,ERU450,07L,2025-01-31 00:21:14+00:00,2025-01-31 00:23:30+00:00,go_around,False,False,491.0,2025-01-31 00:23:03+00:00,29.162018,-81.103715,11.0,2025-01-31 00:23:10+00:00,491.0,1.305,1856.0,1425.0,reapproach,847.0,2025-01-30 19:23:03-05:00
a5a17d_20250131_010118,a5a17d,ERU462,07L,2025-01-31 01:21:28+00:00,2025-01-31 01:24:57+00:00,ga_ambiguous,False,False,291.0,2025-01-31 01:24:23+00:00,29.17218,-81.079418,21.0,2025-01-31 01:24:34+00:00,316.0,-0.217,1600.0,1675.0,reapproach,874.0,2025-01-30 20:24:23-05:00
a5c545_20250131_035134,a5c545,ERU471,07L,2025-01-31 04:53:57+00:00,2025-01-31 04:57:12+00:00,go_around,False,False,116.0,2025-01-31 04:56:43+00:00,29.170029,-81.083802,15.0,2025-01-31 04:56:52+00:00,116.0,0.176,1088.0,1850.0,reapproach,815.0,2025-01-30 23:56:43-05:00
ab201a_20250131_192356,ab201a,ERU816,25L,2025-01-31 19:33:15+00:00,2025-01-31 19:35:43+00:00,go_around,False,False,66.0,2025-01-31 19:35:42+00:00,29.182068,-81.042023,6.0,2025-01-31 19:35:42+00:00,66.0,0.334,1024.0,850.0,reapproach,190.0,2025-01-31 14:35:42-05:00
ab201a_20250131_192356,ab201a,ERU816,25L,2025-01-31 19:38:53+00:00,2025-01-31 19:39:43+00:00,go_around,False,False,66.0,2025-01-31 19:39:35+00:00,29.17857,-81.050505,14.0,2025-01-31 19:39:35+00:00,66.0,-0.157,1088.0,875.0,reapproach,244.0,2025-01-31 14:39:35-05:00
ab201a_20250131_192356,ab201a,ERU816,25L,2025-01-31 19:50:39+00:00,2025-01-31 19:51:27+00:00,go_around,False,False,41.0,2025-01-31 19:51:07+00:00,29.179733,-81.047569,7.0,2025-01-31 19:51:14+00:00,41.0,-0.094,1088.0,925.0,reapproach,289.0,2025-01-31 14:51:07-05:00
ab9697_20250131_002241,ab9697,ERU846,07L,2025-01-31 00:41:57+00:00,2025-01-31 00:44:50+00:00,go_around,False,False,216.0,2025-01-31 00:44:18+00:00,29.168976,-81.086602,17.0,2025-01-31 00:44:32+00:00,291.0,0.144,1408.0,1725.0,reapproach,1153.0,2025-01-30 19:44:18-05:00
abba5f_20250131_013457,abba5f,ERU855,07L,2025-01-31 02:07:21+00:00,2025-01-31 02:10:33+00:00,go_around,False,False,316.0,2025-01-31 02:09:43+00:00,29.165268,-81.095475,17.0,2025-01-31 02:09:54+00:00,316.0,0.685,832.0,1650.0,reapproach,1022.0,2025-01-30 21:09:43-05:00
ac54a4_20250131_034456,ac54a4,ERU894,07L,2025-01-31 04:28:40+00:00,2025-01-31 04:32:09+00:00,go_around,False,False,66.0,2025-01-31 04:31:48+00:00,29.173782,-81.074982,14.0,2025-01-31 04:31:57+00:00,91.0,-0.386,960.0,1850.0,reapproach,1098.0,2025-01-30 23:31:48-05:00
ac8233_20250131_015535,ac8233,ERU905,07L,2025-01-31 02:10:30+00:00,2025-01-31 02:13:41+00:00,go_around,False,False,141.0,2025-01-31 02:13:14+00:00,29.169632,-81.084002,15.0,2025-01-31 02:13:24+00:00,141.0,0.103,1088.0,1775.0,reapproach,1132.0,2025-01-30 21:13:14-05:00
ad03d5_20250131_213150,ad03d5,ERU938,25L,2025-01-31 21:57:36+00:00,2025-01-31 21:59:29+00:00,ga_ambiguous,False,False,116.0,2025-01-31 21:59:24+00:00,29.182388,-81.041125,22.0,2025-01-31 21:59:43+00:00,241.0,0.092,832.0,825.0,reapproach,251.0,2025-01-31 16:59:24-05:00
ad52d3_20250131_020235,ad52d3,ERU958,07L,2025-01-31 02:27:27+00:00,2025-01-31 02:28:20+00:00,go_around,False,False,91.0,2025-01-31 02:27:50+00:00,29.170005,-81.084218,11.0,2025-01-31 02:27:54+00:00,91.0,0.317,1152.0,1850.0,reapproach,1277.0,2025-01-30 21:27:50-05:00
ad67bf_20250131_021638,ad67bf,ERU963,07R,2025-01-31 03:21:19+00:00,2025-01-31 03:22:22+00:00,go_around,False,False,91.0,2025-01-31 03:21:53+00:00,29.17392,-81.062041,11.0,2025-01-31 03:21:59+00:00,91.0,0.179,960.0,825.0,reapproach,215.0,2025-01-30 22:21:53-05:00
ad6f2d_20250131_194841,ad6f2d,ERU965,25L,2025-01-31 20:23:29+00:00,2025-01-31 20:24:38+00:00,go_around,False,False,191.0,2025-01-31 20:24:02+00:00,29.182755,-81.040491,14.0,2025-01-31 20:24:13+00:00,241.0,0.199,768.0,700.0,reapproach,194.0,2025-01-31 15:24:02-05:00
ab4799_20250201_000001,ab4799,ERU826,25R,2025-02-01 01:00:44+00:00,2025-02-01 01:01:31+00:00,go_around,False,False,116.0,2025-02-01 01:01:02+00:00,29.186763,-81.043019,8.0,2025-02-01 01:01:02+00:00,116.0,0.284,960.0,1875.0,reapproach,951.0,2025-01-31 20:01:02-05:00
ac3493_20250201_221505,ac3493,ERU886,07L,2025-02-01 22:54:25+00:00,2025-02-01 22:58:52+00:00,go_around,False,False,91.0,2025-02-01 22:57:33+00:00,29.17047,-81.083356,16.0,2025-02-01 22:57:43+00:00,91.0,0.062,1216.0,2375.0,reapproach,1285.0,2025-02-01 17:57:33-05:00
ac5fc9_20250201_015243,ac5fc9,ERU897,16,2025-02-01 03:01:17+00:00,2025-02-01 03:03:22+00:00,go_around,False,False,741.0,2025-02-01 03:03:05+00:00,29.229492,-81.074823,11.0,2025-02-01 03:03:12+00:00,766.0,2.351,704.0,775.0,reapproach,653.0,2025-01-31 22:03:05-05:00
ac8233_20250201_132139,ac8233,ERU905,07R,2025-02-01 14:00:14+00:00,2025-02-01 14:01:05+00:00,ga_ambiguous,False,False,166.0,2025-02-01 14:00:45+00:00,29.175079,-81.059175,24.0,2025-02-01 14:01:04+00:00,216.0,-0.286,1152.0,800.0,reapproach,275.0,2025-02-01 09:00:45-05:00
ad6b76_20250201_205824,ad6b76,ERU964,16,2025-02-01 21:36:31+00:00,2025-02-01 21:39:09+00:00,go_around,False,False,516.0,2025-02-01 21:38:47+00:00,29.211483,-81.065584,18.0,2025-02-01 21:39:00+00:00,541.0,0.99,384.0,275.0,reapproach,155.0,2025-02-01 16:38:47-05:00
a37632_20250202_131434,a37632,ERU322,07L,2025-02-02 13:18:10+00:00,2025-02-02 13:20:06+00:00,go_around,False,False,41.0,2025-02-02 13:19:36+00:00,29.1775,-81.065584,2.0,2025-02-02 13:19:38+00:00,41.0,-0.748,1344.0,925.0,reapproach,152.0,2025-02-02 08:19:36-05:00
a55636_20250202_021531,a55636,ERU443,07L,2025-02-02 02:54:32+00:00,2025-02-02 02:58:26+00:00,go_around,False,False,191.0,2025-02-02 02:56:40+00:00,29.163627,-81.096443,9.0,2025-02-02 02:56:45+00:00,191.0,1.014,1088.0,2750.0,reapproach,2046.0,2025-02-01 21:56:40-05:00
a5d421_20250202_210516,a5d421,ERU475,07L,2025-02-02 21:26:47+00:00,2025-02-02 21:30:31+00:00,go_around,False,False,41.0,2025-02-02 21:29:24+00:00,29.171401,-81.080609,8.0,2025-02-02 21:29:28+00:00,66.0,0.164,1088.0,2525.0,reapproach,1320.0,2025-02-02 16:29:24-05:00
a5f432_20250202_161401,a5f432,ERU483,07L,2025-02-02 17:12:19+00:00,2025-02-02 17:16:54+00:00,go_around,False,False,41.0,2025-02-02 17:15:33+00:00,29.170853,-81.082112,15.0,2025-02-02 17:15:43+00:00,116.0,0.093,1088.0,1650.0,reapproach,769.0,2025-02-02 12:15:33-05:00
ab4b50_20250202_043810,ab4b50,ERU827,07L,2025-02-02 05:30:26+00:00,2025-02-02 05:34:49+00:00,go_around,False,False,66.0,2025-02-02 05:33:38+00:00,29.170563,-81.082494,15.0,2025-02-02 05:33:46+00:00,91.0,0.048,1280.0,1850.0,reapproach,729.0,2025-02-02 00:33:38-05:00
ab52be_20250202_214400,ab52be,ERU829,07R,2025-02-02 22:15:58+00:00,2025-02-02 22:17:19+00:00,go_around,False,False,141.0,2025-02-02 22:16:43+00:00,29.173874,-81.062305,11.0,2025-02-02 22:16:50+00:00,166.0,0.183,1088.0,775.0,reapproach,121.0,2025-02-02 17:16:43-05:00
ab6f18_20250202_020115,ab6f18,ERU836,07L,2025-02-02 03:01:04+00:00,2025-02-02 03:05:45+00:00,go_around,False,False,116.0,2025-02-02 03:04:17+00:00,29.169958,-81.084272,13.0,2025-02-02 03:04:23+00:00,141.0,0.232,1280.0,1825.0,reapproach,805.0,2025-02-01 22:04:17-05:00
ab6f18_20250202_134516,ab6f18,ERU836,07R,2025-02-02 14:27:07+00:00,2025-02-02 14:27:56+00:00,go_around,False,False,66.0,2025-02-02 14:27:29+00:00,29.174973,-81.0594,10.0,2025-02-02 14:27:33+00:00,91.0,0.094,896.0,875.0,reapproach,182.0,2025-02-02 09:27:29-05:00
abb6a8_20250202_185353,abb6a8,ERU854,16,2025-02-02 20:04:34+00:00,2025-02-02 20:06:46+00:00,ga_ambiguous,False,False,541.0,2025-02-02 20:06:25+00:00,29.221119,-81.070646,24.0,2025-02-02 20:06:46+00:00,541.0,1.461,1536.0,475.0,reapproach,43.0,2025-02-02 15:06:25-05:00
abb6a8_20250202_232943,abb6a8,ERU854,07L,2025-02-02 23:48:03+00:00,2025-02-02 23:52:02+00:00,go_around,False,False,66.0,2025-02-02 23:50:50+00:00,29.170898,-81.081795,12.0,2025-02-02 23:50:56+00:00,91.0,0.183,1024.0,1925.0,leg_end,,2025-02-02 18:50:50-05:00
abba5f_20250202_211251,abba5f,ERU855,07L,2025-02-02 21:30:08+00:00,2025-02-02 21:33:30+00:00,go_around,False,False,91.0,2025-02-02 21:32:50+00:00,29.17061,-81.082441,14.0,2025-02-02 21:32:59+00:00,116.0,0.027,1408.0,1850.0,reapproach,4385.0,2025-02-02 16:32:50-05:00
ad03d5_20250202_015656,ad03d5,ERU938,07L,2025-02-02 02:36:25+00:00,2025-02-02 02:40:41+00:00,go_around,False,False,141.0,2025-02-02 02:39:29+00:00,29.16912,-81.086426,15.0,2025-02-02 02:39:37+00:00,166.0,0.307,1344.0,1750.0,reapproach,622.0,2025-02-01 21:39:29-05:00
ad67bf_20250202_221153,ad67bf,ERU963,07L,2025-02-02 23:22:49+00:00,2025-02-02 23:25:47+00:00,go_around,False,False,316.0,2025-02-02 23:25:10+00:00,29.169617,-81.083855,11.0,2025-02-02 23:25:15+00:00,341.0,0.246,1024.0,1600.0,reapproach,813.0,2025-02-02 18:25:10-05:00
ad67bf_20250202_221153,ad67bf,ERU963,07L,2025-02-02 23:39:20+00:00,2025-02-02 23:41:48+00:00,go_around,False,False,566.0,2025-02-02 23:40:52+00:00,29.169983,-81.083855,9.0,2025-02-02 23:40:56+00:00,616.0,0.254,1280.0,1325.0,reapproach,957.0,2025-02-02 18:40:52-05:00
a35621_20250203_171414,a35621,ERU314,07L,2025-02-03 18:08:01+00:00,2025-02-03 18:11:16+00:00,go_around,False,False,91.0,2025-02-03 18:10:36+00:00,29.170005,-81.084272,11.0,2025-02-03 18:10:44+00:00,116.0,0.18,1536.0,1875.0,reapproach,760.0,2025-02-03 13:10:36-05:00
ab402b_20250203_023051,ab402b,ERU824,07L,2025-02-03 03:19:24+00:00,2025-02-03 03:23:12+00:00,go_around,False,False,116.0,2025-02-03 03:22:01+00:00,29.169983,-81.084014,15.0,2025-02-03 03:22:10+00:00,141.0,0.134,1088.0,2750.0,reapproach,1017.0,2025-02-02 22:22:01-05:00
abaf3a_20250203_221457,abaf3a,ERU852,07L,2025-02-03 22:30:38+00:00,2025-02-03 22:34:20+00:00,ga_ambiguous,False,False,241.0,2025-02-03 22:33:25+00:00,29.170098,-81.083248,26.0,2025-02-03 22:33:38+00:00,316.0,-0.045,1152.0,1750.0,reapproach,1819.0,2025-02-03 17:33:25-05:00
ac05a6_20250203_014357,ac05a6,ERU874,07L,2025-02-03 02:31:37+00:00,2025-02-03 02:35:53+00:00,go_around,False,False,91.0,2025-02-03 02:34:36+00:00,29.170144,-81.083841,14.0,2025-02-03 02:34:45+00:00,116.0,0.15,1024.0,1875.0,reapproach,1164.0,2025-02-02 21:34:36-05:00
ac384a_20250203_142700,ac384a,ERU887,07L,2025-02-03 14:58:22+00:00,2025-02-03 15:01:57+00:00,go_around,False,False,191.0,2025-02-03 15:01:05+00:00,29.168189,-81.087718,16.0,2025-02-03 15:01:15+00:00,191.0,0.313,1856.0,1775.0,reapproach,851.0,2025-02-03 10:01:05-05:00
ac384a_20250203_163506,ac384a,ERU887,07L,2025-02-03 17:18:01+00:00,2025-02-03 17:22:09+00:00,ga_ambiguous,False,False,166.0,2025-02-03 17:20:44+00:00,29.169074,-81.086964,29.0,2025-02-03 17:21:09+00:00,491.0,-0.02,960.0,1800.0,reapproach,847.0,2025-02-03 12:20:44-05:00
ac4d36_20250203_000001,ac4d36,ERU892,07L,2025-02-03 00:25:51+00:00,2025-02-03 00:29:49+00:00,ga_ambiguous,False,False,241.0,2025-02-03 00:28:43+00:00,29.167877,-81.089296,23.0,2025-02-03 00:28:49+00:00,266.0,0.53,1152.0,1800.0,reapproach,918.0,2025-02-02 19:28:43-05:00
acf4f9_20250203_021147,acf4f9,ERU934,07L,2025-02-03 02:35:23+00:00,2025-02-03 02:39:34+00:00,go_around,False,False,91.0,2025-02-03 02:38:30+00:00,29.171082,-81.081426,15.0,2025-02-03 02:38:39+00:00,116.0,-0.033,1280.0,1825.0,reapproach,1428.0,2025-02-02 21:38:30-05:00
acf4f9_20250203_021147,acf4f9,ERU934,07L,2025-02-03 03:03:22+00:00,2025-02-03 03:07:31+00:00,go_around,False,False,91.0,2025-02-03 03:06:23+00:00,29.171401,-81.080609,15.0,2025-02-03 03:06:30+00:00,116.0,-0.015,1152.0,2875.0,reapproach,3364.0,2025-02-02 22:06:23-05:00
ad4f1c_20250203_011638,ad4f1c,ERU957,07L,2025-02-03 01:31:13+00:00,2025-02-03 01:35:21+00:00,go_around,False,False,316.0,2025-02-03 01:33:54+00:00,29.165815,-81.094558,15.0,2025-02-03 01:34:02+00:00,341.0,0.791,1088.0,1600.0,reapproach,671.0,2025-02-02 20:33:54-05:00
ad67bf_20250203_014719,ad67bf,ERU963,07L,2025-02-03 02:00:55+00:00,2025-02-03 02:05:14+00:00,go_around,False,False,266.0,2025-02-03 02:03:36+00:00,29.166733,-81.092095,8.0,2025-02-03 02:03:40+00:00,291.0,0.73,1280.0,1675.0,reapproach,1061.0,2025-02-02 21:03:36-05:00
ad67bf_20250203_014719,ad67bf,ERU963,07L,2025-02-03 02:22:55+00:00,2025-02-03 02:26:31+00:00,go_around,False,False,116.0,2025-02-03 02:25:48+00:00,29.170944,-81.081584,18.0,2025-02-03 02:25:57+00:00,166.0,0.066,832.0,1825.0,reapproach,630.0,2025-02-02 21:25:48-05:00
ab113e_20250204_230808,ab113e,ERU812,07L,2025-02-04 23:56:58+00:00,2025-02-04 23:59:50+00:00,go_around,False,False,91.0,2025-02-04 23:59:20+00:00,29.171168,-81.080986,12.0,2025-02-04 23:59:26+00:00,116.0,0.037,1216.0,412.5,leg_end,,2025-02-04 18:59:20-05:00
ab1c63_20250204_191840,ab1c63,ERU815,07L,2025-02-04 20:03:17+00:00,2025-02-04 20:05:20+00:00,go_around,False,False,566.0,2025-02-04 20:04:33+00:00,29.173737,-81.074295,14.0,2025-02-04 20:04:40+00:00,591.0,-0.335,768.0,1425.0,reapproach,465.0,2025-02-04 15:04:33-05:00
ab5c85_20250204_214918,ab5c85,ERU831,07R,2025-02-04 22:22:36+00:00,2025-02-04 22:24:54+00:00,go_around,False,False,41.0,2025-02-04 22:24:29+00:00,29.175172,-81.05896,12.0,2025-02-04 22:24:35+00:00,66.0,0.025,832.0,975.0,reapproach,157.0,2025-02-04 17:24:29-05:00
abbe16_20250204_212646,abbe16,ERU856,07R,2025-02-04 21:42:34+00:00,2025-02-04 21:46:09+00:00,go_around,False,False,691.0,2025-02-04 21:44:29+00:00,29.157349,-81.105141,13.0,2025-02-04 21:44:38+00:00,691.0,2.518,704.0,1250.0,reapproach,1170.0,2025-02-04 16:44:29-05:00
ad1c78_20250204_000001,ad1c78,ERU944,07L,2025-02-04 00:18:59+00:00,2025-02-04 00:23:10+00:00,go_around,False,False,66.0,2025-02-04 00:21:57+00:00,29.17067,-81.082482,10.0,2025-02-04 00:22:01+00:00,116.0,0.161,1216.0,1900.0,reapproach,1172.0,2025-02-03 19:21:57-05:00
a48aab_20250205_164746,a48aab,ERU392,07R,2025-02-05 16:56:13+00:00,2025-02-05 16:56:55+00:00,ga_ambiguous,False,False,166.0,2025-02-05 16:56:31+00:00,29.174753,-81.060037,27.0,2025-02-05 16:56:53+00:00,291.0,-0.263,960.0,2250.0,reapproach,2367.0,2025-02-05 11:56:31-05:00
a6108c_20250205_194439,a6108c,ERU490,07L,2025-02-05 20:22:48+00:00,2025-02-05 20:25:08+00:00,go_around,False,False,516.0,2025-02-05 20:24:15+00:00,29.165768,-81.094719,14.0,2025-02-05 20:24:23+00:00,516.0,0.802,832.0,1475.0,reapproach,1004.0,2025-02-05 15:24:15-05:00
a61443_20250205_171911,a61443,ERU491,07L,2025-02-05 17:51:34+00:00,2025-02-05 17:52:37+00:00,go_around,False,False,741.0,2025-02-05 17:52:01+00:00,29.16912,-81.087718,11.0,2025-02-05 17:52:08+00:00,766.0,0.389,832.0,1375.0,reapproach,1005.0,2025-02-05 12:52:01-05:00
aafc52_20250205_000718,aafc52,ERU807,07L,2025-02-05 00:45:36+00:00,2025-02-05 00:48:27+00:00,go_around,False,False,66.0,2025-02-05 00:48:01+00:00,29.170486,-81.083274,13.0,2025-02-05 00:48:10+00:00,91.0,0.128,1536.0,1950.0,reapproach,1216.0,2025-02-04 19:48:01-05:00
ab14f5_20250205_000004,ab14f5,ERU813,07L,2025-02-05 00:11:36+00:00,2025-02-05 00:14:48+00:00,go_around,False,False,91.0,2025-02-05 00:14:26+00:00,29.171127,-81.081056,12.0,2025-02-05 00:14:30+00:00,91.0,0.099,1088.0,2100.0,reapproach,2460.0,2025-02-04 19:14:26-05:00
ab1c63_20250205_135055,ab1c63,ERU815,07L,2025-02-05 15:26:20+00:00,2025-02-05 15:30:05+00:00,go_around,False,False,41.0,2025-02-05 15:29:05+00:00,29.172518,-81.077917,9.0,2025-02-05 15:29:06+00:00,41.0,0.001,832.0,875.0,reapproach,233.0,2025-02-05 10:29:05-05:00
ab52be_20250205_000002,ab52be,ERU829,07L,2025-02-05 00:21:16+00:00,2025-02-05 00:24:11+00:00,go_around,False,False,216.0,2025-02-05 00:23:27+00:00,29.167648,-81.090669,14.0,2025-02-05 00:23:34+00:00,241.0,0.548,1472.0,1775.0,reapproach,989.0,2025-02-04 19:23:27-05:00
abf0ba_20250205_215643,abf0ba,ERU869,07R,2025-02-05 23:00:20+00:00,2025-02-05 23:01:40+00:00,ga_ambiguous,False,False,41.0,2025-02-05 23:01:16+00:00,29.175684,-81.057614,26.0,2025-02-05 23:01:35+00:00,166.0,-0.29,768.0,900.0,reapproach,206.0,2025-02-05 18:01:16-05:00
ac3493_20250205_020958,ac3493,ERU886,07L,2025-02-05 02:23:53+00:00,2025-02-05 02:27:33+00:00,go_around,False,False,141.0,2025-02-05 02:26:17+00:00,29.170098,-81.084864,13.0,2025-02-05 02:26:23+00:00,166.0,0.245,1344.0,2400.0,reapproach,2236.0,2025-02-04 21:26:17-05:00
ac54a4_20250205_053046,ac54a4,ERU894,07L,2025-02-05 06:12:41+00:00,2025-02-05 06:15:46+00:00,go_around,False,False,91.0,2025-02-05 06:15:19+00:00,29.170889,-81.081902,12.0,2025-02-05 06:15:24+00:00,141.0,0.098,1024.0,1825.0,reapproach,570.0,2025-02-05 01:15:19-05:00
acf4f9_20250205_043346,acf4f9,ERU934,07L,2025-02-05 05:01:25+00:00,2025-02-05 05:05:11+00:00,go_around,False,False,91.0,2025-02-05 05:04:11+00:00,29.171122,-81.081471,14.0,2025-02-05 05:04:17+00:00,91.0,0.022,1088.0,1900.0,reapproach,748.0,2025-02-05 00:04:11-05:00
ad001e_20250205_000002,ad001e,ERU937,07L,2025-02-05 00:16:37+00:00,2025-02-05 00:20:20+00:00,go_around,False,False,91.0,2025-02-05 00:19:19+00:00,29.17047,-81.083141,13.0,2025-02-05 00:19:28+00:00,116.0,0.047,1280.0,1875.0,reapproach,848.0,2025-02-04 19:19:19-05:00
ad1c78_20250205_134220,ad1c78,ERU944,07R,2025-02-05 14:28:57+00:00,2025-02-05 14:29:35+00:00,go_around,False,False,166.0,2025-02-05 14:29:09+00:00,29.174241,-81.060306,10.0,2025-02-05 14:29:15+00:00,166.0,0.085,768.0,725.0,reapproach,189.0,2025-02-05 09:29:09-05:00
ad4f1c_20250205_050648,ad4f1c,ERU957,07L,2025-02-05 05:21:15+00:00,2025-02-05 05:24:52+00:00,go_around,False,False,91.0,2025-02-05 05:23:53+00:00,29.169912,-81.084325,16.0,2025-02-05 05:24:04+00:00,91.0,0.067,1216.0,1850.0,reapproach,873.0,2025-02-05 00:23:53-05:00
a54b11_20250206_211806,a54b11,ERU440,07R,2025-02-06 22:34:54+00:00,2025-02-06 22:35:36+00:00,go_around,False,False,141.0,2025-02-06 22:35:14+00:00,29.175218,-81.059175,10.0,2025-02-06 22:35:18+00:00,141.0,0.046,896.0,800.0,reapproach,239.0,2025-02-06 17:35:14-05:00
a55636_20250206_232949,a55636,ERU443,07L,2025-02-06 23:45:40+00:00,2025-02-06 23:48:35+00:00,go_around,False,False,116.0,2025-02-06 23:48:01+00:00,29.169632,-81.086049,12.0,2025-02-06 23:48:10+00:00,166.0,0.228,1728.0,2300.0,leg_end,,2025-02-06 18:48:01-05:00
a57290_20250206_184715,a57290,ERU450,25R,2025-02-06 20:31:55+00:00,2025-02-06 20:34:35+00:00,go_around,False,False,116.0,2025-02-06 20:33:50+00:00,29.18811,-81.039435,8.0,2025-02-06 20:33:58+00:00,116.0,0.391,1280.0,1475.0,reapproach,404.0,2025-02-06 15:33:50-05:00
a57db5_20250206_021235,a57db5,ERU453,07L,2025-02-06 03:10:33+00:00,2025-02-06 03:13:29+00:00,go_around,False,False,541.0,2025-02-06 03:12:15+00:00,29.162277,-81.105006,4.0,2025-02-06 03:12:19+00:00,566.0,1.425,1792.0,1400.0,reapproach,1594.0,2025-02-05 22:12:15-05:00
a59a0f_20250206_041724,a59a0f,ERU460,16,2025-02-06 04:36:10+00:00,2025-02-06 04:39:53+00:00,go_around,False,False,241.0,2025-02-06 04:38:45+00:00,29.205826,-81.063573,19.0,2025-02-06 04:38:59+00:00,241.0,0.645,1216.0,1700.0,reapproach,676.0,2025-02-05 23:38:45-05:00
a5d421_20250206_020346,a5d421,ERU475,07R,2025-02-06 03:00:35+00:00,2025-02-06 03:01:13+00:00,ga_ambiguous,False,False,91.0,2025-02-06 03:00:48+00:00,29.174744,-81.060245,28.0,2025-02-06 03:01:11+00:00,241.0,-0.258,768.0,850.0,reapproach,199.0,2025-02-05 22:00:48-05:00
a5d421_20250206_195042,a5d421,ERU475,25L,2025-02-06 20:18:02+00:00,2025-02-06 20:19:25+00:00,go_around,False,False,66.0,2025-02-06 20:19:01+00:00,29.181177,-81.044365,20.0,2025-02-06 20:19:21+00:00,216.0,-0.209,1024.0,850.0,reapproach,195.0,2025-02-06 15:19:01-05:00
aafc52_20250206_022416,aafc52,ERU807,07R,2025-02-06 02:37:45+00:00,2025-02-06 02:38:31+00:00,go_around,False,False,41.0,2025-02-06 02:38:12+00:00,29.175358,-81.058475,6.0,2025-02-06 02:38:18+00:00,41.0,-0.042,896.0,925.0,reapproach,206.0,2025-02-05 21:38:12-05:00
ab402b_20250206_222702,ab402b,ERU824,07R,2025-02-06 22:57:50+00:00,2025-02-06 22:59:05+00:00,go_around,False,False,366.0,2025-02-06 22:58:26+00:00,29.172751,-81.064776,10.0,2025-02-06 22:58:32+00:00,441.0,0.335,768.0,575.0,reapproach,255.0,2025-02-06 17:58:26-05:00
ab402b_20250206_222702,ab402b,ERU824,07R,2025-02-06 23:03:20+00:00,2025-02-06 23:04:06+00:00,go_around,False,False,66.0,2025-02-06 23:03:41+00:00,29.174973,-81.0594,10.0,2025-02-06 23:03:47+00:00,66.0,0.047,896.0,925.0,reapproach,215.0,2025-02-06 18:03:41-05:00
ab6b61_20250206_024550,ab6b61,ERU835,07L,2025-02-06 03:02:50+00:00,2025-02-06 03:05:30+00:00,go_around,False,False,66.0,2025-02-06 03:05:08+00:00,29.170807,-81.082007,12.0,2025-02-06 03:05:14+00:00,166.0,0.071,1472.0,1875.0,reapproach,3167.0,2025-02-05 22:05:08-05:00
abd302_20250206_015149,abd302,ERU861,07L,2025-02-06 02:52:07+00:00,2025-02-06 02:55:32+00:00,go_around,False,False,291.0,2025-02-06 02:54:27+00:00,29.170853,-81.083274,12.0,2025-02-06 02:54:36+00:00,291.0,0.043,1216.0,600.0,reapproach,131.0,2025-02-05 21:54:27-05:00
abe94c_20250206_142010,abe94c,ERU867,25L,2025-02-06 14:29:15+00:00,2025-02-06 14:30:20+00:00,ga_ambiguous,False,False,141.0,2025-02-06 14:29:40+00:00,29.182201,-81.039357,25.0,2025-02-06 14:29:50+00:00,166.0,0.272,1024.0,825.0,reapproach,268.0,2025-02-06 09:29:40-05:00
ac3493_20250206_021117,ac3493,ERU886,07L,2025-02-06 02:58:28+00:00,2025-02-06 03:01:12+00:00,go_around,False,False,91.0,2025-02-06 03:00:47+00:00,29.170098,-81.084649,12.0,2025-02-06 03:00:53+00:00,116.0,0.221,1088.0,1925.0,reapproach,669.0,2025-02-05 22:00:47-05:00
ac4d36_20250206_002420,ac4d36,ERU892,07L,2025-02-06 01:14:58+00:00,2025-02-06 01:17:32+00:00,go_around,False,False,91.0,2025-02-06 01:17:08+00:00,29.171219,-81.08169,14.0,2025-02-06 01:17:18+00:00,116.0,-0.039,960.0,1900.0,reapproach,1033.0,2025-02-05 20:17:08-05:00
ac8233_20250206_012541,ac8233,ERU905,07L,2025-02-06 02:28:08+00:00,2025-02-06 02:28:34+00:00,go_around,False,False,441.0,2025-02-06 02:28:26+00:00,29.173508,-81.075668,8.0,2025-02-06 02:28:31+00:00,466.0,-0.26,960.0,1575.0,reapproach,1686.0,2025-02-05 21:28:26-05:00
acc9c3_20250206_141952,acc9c3,ERU923,25L,2025-02-06 15:24:24+00:00,2025-02-06 15:25:03+00:00,go_around,False,False,116.0,2025-02-06 15:24:36+00:00,29.18127,-81.044096,11.0,2025-02-06 15:24:43+00:00,141.0,0.098,832.0,850.0,reapproach,182.0,2025-02-06 10:24:36-05:00
acf4f9_20250206_212901,acf4f9,ERU934,07R,2025-02-06 22:33:29+00:00,2025-02-06 22:34:12+00:00,go_around,False,False,341.0,2025-02-06 22:33:47+00:00,29.174469,-81.060615,8.0,2025-02-06 22:33:52+00:00,341.0,0.1,1088.0,750.0,reapproach,179.0,2025-02-06 17:33:47-05:00
a4b0cc_20250207_013635,a4b0cc,ERU401,07L,2025-02-07 01:53:21+00:00,2025-02-07 01:56:21+00:00,go_around,False,False,591.0,2025-02-07 01:54:56+00:00,29.160049,-81.110106,11.0,2025-02-07 01:55:02+00:00,616.0,1.686,960.0,1400.0,reapproach,926.0,2025-02-06 20:54:56-05:00
a55636_20250207_000004,a55636,ERU443,07L,2025-02-07 00:11:44+00:00,2025-02-07 00:14:34+00:00,ga_ambiguous,False,False,391.0,2025-02-07 00:13:23+00:00,29.163116,-81.101127,23.0,2025-02-07 00:13:43+00:00,391.0,0.873,896.0,550.0,reapproach,150.0,2025-02-06 19:13:23-05:00
a606c5_20250207_002604,a606c5,ERU488,07L,2025-02-07 00:46:25+00:00,2025-02-07 00:49:22+00:00,go_around,False,False,116.0,2025-02-07 00:48:58+00:00,29.17061,-81.083141,13.0,2025-02-07 00:49:04+00:00,141.0,0.12,1472.0,1850.0,reapproach,3590.0,2025-02-06 19:48:58-05:00
ab14f5_20250207_000005,ab14f5,ERU813,07L,2025-02-07 02:57:43+00:00,2025-02-07 03:00:48+00:00,go_around,False,False,341.0,2025-02-07 03:00:15+00:00,29.168655,-81.08713,14.0,2025-02-07 03:00:21+00:00,366.0,0.377,1728.0,1575.0,reapproach,1352.0,2025-02-06 22:00:15-05:00
ab4799_20250207_232859,ab4799,ERU826,07L,2025-02-07 23:56:49+00:00,2025-02-07 23:59:59+00:00,go_around,False,False,241.0,2025-02-07 23:59:18+00:00,29.167351,-81.091003,7.0,2025-02-07 23:59:25+00:00,241.0,0.57,768.0,362.5,leg_end,,2025-02-07 18:59:18-05:00
ab4f07_20250207_190112,ab4f07,ERU828,25L,2025-02-07 19:11:06+00:00,2025-02-07 19:11:53+00:00,go_around,False,False,291.0,2025-02-07 19:11:20+00:00,29.182159,-81.041019,3.0,2025-02-07 19:11:23+00:00,291.0,0.363,704.0,600.0,reapproach,225.0,2025-02-07 14:11:20-05:00
abf0ba_20250207_233944,abf0ba,ERU869,07L,2025-02-07 23:56:21+00:00,2025-02-07 23:57:25+00:00,go_around,False,False,141.0,2025-02-07 23:56:38+00:00,29.171127,-81.081478,11.0,2025-02-07 23:56:44+00:00,166.0,0.112,832.0,1887.5,leg_end,,2025-02-07 18:56:38-05:00
ac30dc_20250207_233524,ac30dc,ERU885,07L,2025-02-07 23:50:00+00:00,2025-02-07 23:53:47+00:00,ga_ambiguous,False,False,141.0,2025-02-07 23:52:28+00:00,29.16926,-81.085564,21.0,2025-02-07 23:52:45+00:00,216.0,0.023,960.0,2750.0,leg_end,,2025-02-07 18:52:28-05:00
ad6b76_20250207_165407,ad6b76,ERU964,25L,2025-02-07 18:06:29+00:00,2025-02-07 18:07:41+00:00,go_around,False,False,141.0,2025-02-07 18:07:08+00:00,29.182297,-81.041495,9.0,2025-02-07 18:07:12+00:00,141.0,0.228,960.0,775.0,reapproach,208.0,2025-02-07 13:07:08-05:00
a4b0cc_20250208_212622,a4b0cc,ERU401,16,2025-02-08 21:45:35+00:00,2025-02-08 21:48:17+00:00,ga_ambiguous,False,False,341.0,2025-02-08 21:48:06+00:00,29.206408,-81.063968,27.0,2025-02-08 21:48:26+00:00,366.0,0.568,960.0,1600.0,reapproach,678.0,2025-02-08 16:48:06-05:00
a50381_20250208_000001,a50381,ERU422,07L,2025-02-08 00:37:02+00:00,2025-02-08 00:40:49+00:00,go_around,False,False,116.0,2025-02-08 00:39:28+00:00,29.170051,-81.084056,13.0,2025-02-08 00:39:37+00:00,216.0,0.165,1344.0,1875.0,reapproach,1884.0,2025-02-07 19:39:28-05:00
a57290_20250208_155755,a57290,ERU450,25L,2025-02-08 16:48:04+00:00,2025-02-08 16:49:03+00:00,go_around,False,False,116.0,2025-02-08 16:48:26+00:00,29.182155,-81.041834,11.0,2025-02-08 16:48:32+00:00,141.0,0.255,1152.0,875.0,reapproach,225.0,2025-02-08 11:48:26-05:00
a5f432_20250208_195708,a5f432,ERU483,25L,2025-02-08 20:23:28+00:00,2025-02-08 20:24:19+00:00,go_around,False,False,41.0,2025-02-08 20:24:01+00:00,29.180099,-81.046935,10.0,2025-02-08 20:24:06+00:00,41.0,-0.053,832.0,900.0,reapproach,1463.0,2025-02-08 15:24:01-05:00
a626d6_20250208_013519,a626d6,ERU496,07L,2025-02-08 02:16:19+00:00,2025-02-08 02:19:33+00:00,go_around,False,False,116.0,2025-02-08 02:18:57+00:00,29.17061,-81.082656,13.0,2025-02-08 02:19:05+00:00,141.0,0.086,1152.0,1850.0,reapproach,786.0,2025-02-07 21:18:57-05:00
ab113e_20250208_000001,ab113e,ERU812,07L,2025-02-08 00:40:36+00:00,2025-02-08 00:43:53+00:00,go_around,False,False,291.0,2025-02-08 00:43:07+00:00,29.16791,-81.091811,10.0,2025-02-08 00:43:10+00:00,316.0,0.62,1344.0,2175.0,reapproach,1508.0,2025-02-07 19:43:07-05:00
ac54a4_20250208_040545,ac54a4,ERU894,07L,2025-02-08 04:22:03+00:00,2025-02-08 04:25:34+00:00,go_around,False,False,91.0,2025-02-08 04:24:50+00:00,29.171265,-81.08169,14.0,2025-02-08 04:24:58+00:00,91.0,0.018,1088.0,1825.0,reapproach,872.0,2025-02-07 23:24:50-05:00
ac54a4_20250208_040545,ac54a4,ERU894,07L,2025-02-08 04:40:06+00:00,2025-02-08 04:43:29+00:00,go_around,False,False,266.0,2025-02-08 04:42:59+00:00,29.172272,-81.078521,16.0,2025-02-08 04:43:07+00:00,316.0,-0.179,1024.0,1650.0,reapproach,1388.0,2025-02-07 23:42:59-05:00
ac5fc9_20250208_000001,ac5fc9,ERU897,07L,2025-02-08 00:28:00+00:00,2025-02-08 00:31:40+00:00,go_around,False,False,91.0,2025-02-08 00:30:30+00:00,29.170563,-81.082979,12.0,2025-02-08 00:30:37+00:00,91.0,0.114,1088.0,1925.0,reapproach,1241.0,2025-02-07 19:30:30-05:00
ac910f_20250208_000001,ac910f,ERU909,07L,2025-02-08 00:34:17+00:00,2025-02-08 00:38:11+00:00,go_around,False,False,91.0,2025-02-08 00:37:01+00:00,29.170395,-81.082852,15.0,2025-02-08 00:37:11+00:00,166.0,0.035,960.0,1925.0,reapproach,1748.0,2025-02-07 19:37:01-05:00
ad001e_20250208_002941,ad001e,ERU937,07L,2025-02-08 01:04:33+00:00,2025-02-08 01:07:33+00:00,go_around,False,False,91.0,2025-02-08 01:07:05+00:00,29.170258,-81.083063,12.0,2025-02-08 01:07:14+00:00,91.0,0.046,1152.0,1825.0,reapproach,1102.0,2025-02-07 20:07:05-05:00
a5527f_20250209_161916,a5527f,ERU442,25L,2025-02-09 16:57:26+00:00,2025-02-09 16:59:08+00:00,go_around,False,False,91.0,2025-02-09 16:58:41+00:00,29.181107,-81.044347,7.0,2025-02-09 16:58:46+00:00,116.0,0.097,896.0,875.0,reapproach,260.0,2025-02-09 11:58:41-05:00
a5527f_20250209_161916,a5527f,ERU442,25L,2025-02-09 17:21:52+00:00,2025-02-09 17:22:51+00:00,go_around,False,False,166.0,2025-02-09 17:22:26+00:00,29.180386,-81.04625,9.0,2025-02-09 17:22:29+00:00,166.0,0.023,896.0,775.0,reapproach,200.0,2025-02-09 12:22:26-05:00
a57db5_20250209_203257,a57db5,ERU453,07L,2025-02-09 20:54:12+00:00,2025-02-09 20:57:00+00:00,go_around,False,False,191.0,2025-02-09 20:56:19+00:00,29.171356,-81.080739,9.0,2025-02-09 20:56:24+00:00,191.0,0.027,1024.0,800.0,reapproach,378.0,2025-02-09 15:56:19-05:00
a61443_20250209_192008,a61443,ERU491,07R,2025-02-09 19:43:45+00:00,2025-02-09 19:45:32+00:00,go_around,False,False,66.0,2025-02-09 19:45:07+00:00,29.174789,-81.06014,13.0,2025-02-09 19:45:15+00:00,66.0,0.017,1152.0,925.0,reapproach,208.0,2025-02-09 14:45:07-05:00
a61443_20250209_215500,a61443,ERU491,07L,2025-02-09 22:31:25+00:00,2025-02-09 22:34:58+00:00,go_around,False,False,91.0,2025-02-09 22:33:49+00:00,29.170486,-81.083221,15.0,2025-02-09 22:34:00+00:00,166.0,0.022,1280.0,2550.0,reapproach,2163.0,2025-02-09 17:33:49-05:00
a6231f_20250209_000003,a6231f,ERU495,07L,2025-02-09 00:01:57+00:00,2025-02-09 00:04:49+00:00,go_around,False,False,391.0,2025-02-09 00:03:58+00:00,29.164581,-81.097113,16.0,2025-02-09 00:04:07+00:00,391.0,0.844,1024.0,1550.0,reapproach,648.0,2025-02-08 19:03:58-05:00
ab201a_20250209_000031,ab201a,ERU816,07L,2025-02-09 00:35:25+00:00,2025-02-09 00:38:22+00:00,go_around,False,False,141.0,2025-02-09 00:37:28+00:00,29.174334,-81.073608,11.0,2025-02-09 00:37:34+00:00,191.0,-0.379,1088.0,1800.0,reapproach,986.0,2025-02-08 19:37:28-05:00
ac30dc_20250209_023855,ac30dc,ERU885,25R,2025-02-09 03:58:27+00:00,2025-02-09 03:59:21+00:00,ga_ambiguous,False,False,91.0,2025-02-09 03:58:52+00:00,29.185972,-81.044635,25.0,2025-02-09 03:59:14+00:00,216.0,-0.255,896.0,1825.0,reapproach,698.0,2025-02-08 22:58:52-05:00
ac8233_20250209_231923,ac8233,ERU905,07L,2025-02-09 23:50:44+00:00,2025-02-09 23:53:44+00:00,go_around,False,False,116.0,2025-02-09 23:53:15+00:00,29.169708,-81.084964,13.0,2025-02-09 23:53:22+00:00,141.0,0.207,1408.0,1900.0,leg_end,,2025-02-09 18:53:15-05:00
acf4f9_20250209_204318,acf4f9,ERU934,07L,2025-02-09 21:33:40+00:00,2025-02-09 21:34:33+00:00,ga_ambiguous,False,False,116.0,2025-02-09 21:34:03+00:00,29.170349,-81.083221,27.0,2025-02-09 21:34:23+00:00,241.0,-0.066,832.0,1875.0,reapproach,1016.0,2025-02-09 16:34:03-05:00
a37632_20250210_134107,a37632,ERU322,25R,2025-02-10 13:55:53+00:00,2025-02-10 13:58:40+00:00,go_around,False,False,366.0,2025-02-10 13:57:48+00:00,29.193512,-81.02549,13.0,2025-02-10 13:57:57+00:00,366.0,1.007,1728.0,1600.0,reapproach,651.0,2025-02-10 08:57:48-05:00
a5527f_20250210_132338,a5527f,ERU442,25L,2025-02-10 14:50:14+00:00,2025-02-10 14:50:55+00:00,go_around,False,False,91.0,2025-02-10 14:50:34+00:00,29.180898,-81.044958,10.0,2025-02-10 14:50:42+00:00,116.0,0.0,960.0,850.0,reapproach,301.0,2025-02-10 09:50:34-05:00
a57290_20250210_000125,a57290,ERU450,07L,2025-02-10 01:01:30+00:00,2025-02-10 01:02:04+00:00,go_around,False,False,166.0,2025-02-10 01:01:51+00:00,29.172913,-81.07683,11.0,2025-02-10 01:01:57+00:00,166.0,-0.212,1152.0,775.0,reapproach,209.0,2025-02-09 20:01:51-05:00
a57290_20250210_211334,a57290,ERU450,07L,2025-02-10 22:15:01+00:00,2025-02-10 22:17:55+00:00,go_around,False,False,266.0,2025-02-10 22:16:07+00:00,29.164444,-81.097641,15.0,2025-02-10 22:16:16+00:00,291.0,0.961,1216.0,675.0,reapproach,346.0,2025-02-10 17:16:07-05:00
a57db5_20250210_000001,a57db5,ERU453,07L,2025-02-10 00:27:47+00:00,2025-02-10 00:30:53+00:00,go_around,False,False,591.0,2025-02-10 00:29:41+00:00,29.160919,-81.10625,15.0,2025-02-10 00:29:45+00:00,591.0,1.546,1536.0,1400.0,reapproach,805.0,2025-02-09 19:29:41-05:00
a6231f_20250210_233835,a6231f,ERU495,07L,2025-02-10 23:54:13+00:00,2025-02-10 23:58:02+00:00,ga_ambiguous,False,False,216.0,2025-02-10 23:57:00+00:00,29.165349,-81.096443,28.0,2025-02-10 23:57:23+00:00,291.0,0.508,1216.0,2100.0,leg_end,,2025-02-10 18:57:00-05:00
ab4f07_20250210_233325,ab4f07,ERU828,07L,2025-02-10 23:50:01+00:00,2025-02-10 23:50:57+00:00,go_around,False,False,116.0,2025-02-10 23:50:23+00:00,29.171494,-81.080422,11.0,2025-02-10 23:50:30+00:00,141.0,0.04,832.0,2350.0,leg_end,,2025-02-10 18:50:23-05:00
ab7a3d_20250210_220700,ab7a3d,ERU839,07R,2025-02-10 22:24:18+00:00,2025-02-10 22:26:01+00:00,go_around,False,False,41.0,2025-02-10 22:25:30+00:00,29.174287,-81.061114,13.0,2025-02-10 22:25:35+00:00,41.0,0.152,768.0,850.0,reapproach,334.0,2025-02-10 17:25:30-05:00
ac4d36_20250210_013008,ac4d36,ERU892,07L,2025-02-10 01:49:10+00:00,2025-02-10 01:52:22+00:00,go_around,False,False,91.0,2025-02-10 01:51:24+00:00,29.172332,-81.078348,17.0,2025-02-10 01:51:29+00:00,116.0,-0.087,896.0,1975.0,reapproach,1123.0,2025-02-09 20:51:24-05:00
ac770e_20250210_232238,ac770e,ERU902,07L,2025-02-10 23:37:54+00:00,2025-02-10 23:41:23+00:00,go_around,False,False,166.0,2025-02-10 23:40:19+00:00,29.168747,-81.086813,8.0,2025-02-10 23:40:25+00:00,216.0,0.375,1472.0,1750.0,leg_end,,2025-02-10 18:40:19-05:00
ac8233_20250210_000002,ac8233,ERU905,07L,2025-02-10 00:08:39+00:00,2025-02-10 00:12:00+00:00,go_around,False,False,241.0,2025-02-10 00:10:59+00:00,29.170703,-81.083518,8.0,2025-02-10 00:11:05+00:00,266.0,0.161,1088.0,1775.0,reapproach,1250.0,2025-02-09 19:10:59-05:00
a50381_20250211_000001,a50381,ERU422,16,2025-02-11 00:30:44+00:00,2025-02-11 00:33:03+00:00,go_around,False,False,691.0,2025-02-11 00:32:35+00:00,29.215027,-81.068274,9.0,2025-02-11 00:32:43+00:00,691.0,1.366,1152.0,1325.0,reapproach,1042.0,2025-02-10 19:32:35-05:00
a6231f_20250211_015716,a6231f,ERU495,07L,2025-02-11 02:12:56+00:00,2025-02-11 02:17:02+00:00,go_around,False,False,66.0,2025-02-11 02:16:04+00:00,29.171036,-81.081584,14.0,2025-02-11 02:16:12+00:00,91.0,0.016,1280.0,1875.0,reapproach,1143.0,2025-02-10 21:16:04-05:00
ab1c63_20250211_233450,ab1c63,ERU815,07L,2025-02-11 23:53:05+00:00,2025-02-11 23:56:07+00:00,go_around,False,False,116.0,2025-02-11 23:55:37+00:00,29.169539,-81.084702,10.0,2025-02-11 23:55:42+00:00,116.0,0.269,1152.0,1900.0,leg_end,,2025-02-11 18:55:37-05:00
ab63f3_20250211_003600,ab63f3,ERU833,34,2025-02-11 00:39:44+00:00,2025-02-11 00:40:31+00:00,go_around,False,False,666.0,2025-02-11 00:40:12+00:00,29.149801,-81.042427,13.0,2025-02-11 00:40:21+00:00,666.0,1.323,1216.0,850.0,reapproach,985.0,2025-02-10 19:40:12-05:00
ac54a4_20250211_024157,ac54a4,ERU894,07L,2025-02-11 02:56:00+00:00,2025-02-11 02:59:07+00:00,go_around,False,False,66.0,2025-02-11 02:58:41+00:00,29.171308,-81.083087,9.0,2025-02-11 02:58:47+00:00,66.0,0.11,1088.0,1850.0,reapproach,880.0,2025-02-10 21:58:41-05:00
ac5fc9_20250211_042041,ac5fc9,ERU897,07L,2025-02-11 04:31:26+00:00,2025-02-11 04:35:32+00:00,go_around,False,False,91.0,2025-02-11 04:34:34+00:00,29.170486,-81.082693,15.0,2025-02-11 04:34:41+00:00,116.0,0.117,1088.0,1825.0,reapproach,718.0,2025-02-10 23:34:34-05:00
ac8d58_20250211_161827,ac8d58,ERU908,25L,2025-02-11 16:30:48+00:00,2025-02-11 16:31:34+00:00,go_around,False,False,91.0,2025-02-11 16:31:17+00:00,29.180013,-81.047112,10.0,2025-02-11 16:31:18+00:00,91.0,0.013,1024.0,800.0,reapproach,252.0,2025-02-11 11:31:17-05:00
ac910f_20250211_014952,ac910f,ERU909,07L,2025-02-11 02:04:20+00:00,2025-02-11 02:08:06+00:00,go_around,False,False,116.0,2025-02-11 02:07:18+00:00,29.16898,-81.086964,14.0,2025-02-11 02:07:28+00:00,116.0,0.281,1088.0,1800.0,reapproach,609.0,2025-02-10 21:07:18-05:00
ad6f2d_20250211_184812,ad6f2d,ERU965,07R,2025-02-11 19:04:48+00:00,2025-02-11 19:05:33+00:00,go_around,False,False,41.0,2025-02-11 19:05:11+00:00,29.175797,-81.05771,9.0,2025-02-11 19:05:17+00:00,41.0,-0.063,1024.0,900.0,reapproach,161.0,2025-02-11 14:05:11-05:00
a4b83a_20250212_000001,a4b83a,ERU403,07L,2025-02-12 00:06:29+00:00,2025-02-12 00:09:12+00:00,go_around,False,False,241.0,2025-02-12 00:08:40+00:00,29.168884,-81.086813,12.0,2025-02-12 00:08:45+00:00,291.0,0.407,1024.0,1725.0,reapproach,683.0,2025-02-11 19:08:40-05:00
a50381_20250212_210924,a50381,ERU422,25L,2025-02-12 21:12:48+00:00,2025-02-12 21:13:30+00:00,go_around,False,False,91.0,2025-02-12 21:13:11+00:00,29.179871,-81.04741,5.0,2025-02-12 21:13:15+00:00,91.0,-0.052,960.0,900.0,reapproach,184.0,2025-02-12 16:13:11-05:00
a50381_20250212_210924,a50381,ERU422,25L,2025-02-12 21:31:15+00:00,2025-02-12 21:32:02+00:00,go_around,False,False,116.0,2025-02-12 21:31:42+00:00,29.180805,-81.045335,1.0,2025-02-12 21:31:42+00:00,116.0,0.145,960.0,2275.0,reapproach,3382.0,2025-02-12 16:31:42-05:00
a59a0f_20250212_015617,a59a0f,ERU460,07L,2025-02-12 02:11:37+00:00,2025-02-12 02:14:27+00:00,go_around,False,False,141.0,2025-02-12 02:14:02+00:00,29.169539,-81.084002,12.0,2025-02-12 02:14:04+00:00,141.0,0.229,1536.0,2100.0,reapproach,3230.0,2025-02-11 21:14:02-05:00
a5c545_20250212_002529,a5c545,ERU471,07L,2025-02-12 01:15:58+00:00,2025-02-12 01:18:59+00:00,go_around,False,False,91.0,2025-02-12 01:18:32+00:00,29.169937,-81.084542,13.0,2025-02-12 01:18:40+00:00,141.0,0.168,1408.0,1825.0,reapproach,1284.0,2025-02-11 20:18:32-05:00
ab2788_20250212_033505,ab2788,ERU818,25R,2025-02-12 04:20:01+00:00,2025-02-12 04:21:00+00:00,go_around,False,False,266.0,2025-02-12 04:20:17+00:00,29.187332,-81.041706,12.0,2025-02-12 04:20:25+00:00,291.0,0.23,960.0,1675.0,reapproach,706.0,2025-02-11 23:20:17-05:00
ab314f_20250212_020912,ab314f,ERU820,07L,2025-02-12 02:40:30+00:00,2025-02-12 02:43:34+00:00,go_around,False,False,566.0,2025-02-12 02:42:23+00:00,29.160461,-81.106726,12.0,2025-02-12 02:42:28+00:00,591.0,1.534,1088.0,1400.0,reapproach,1218.0,2025-02-11 21:42:23-05:00
ab7a3d_20250212_163604,ab7a3d,ERU839,25L,2025-02-12 16:42:14+00:00,2025-02-12 16:42:55+00:00,go_around,False,False,41.0,2025-02-12 16:42:54+00:00,29.180665,-81.045604,14.0,2025-02-12 16:42:54+00:00,41.0,0.129,832.0,875.0,reapproach,207.0,2025-02-12 11:42:54-05:00
ab9697_20250212_020841,ab9697,ERU846,07R,2025-02-12 02:23:23+00:00,2025-02-12 02:24:18+00:00,go_around,False,False,166.0,2025-02-12 02:23:46+00:00,29.173462,-81.063414,9.0,2025-02-12 02:23:49+00:00,166.0,0.31,1088.0,750.0,reapproach,207.0,2025-02-11 21:23:46-05:00
ac2d25_20250212_164033,ac2d25,ERU884,25L,2025-02-12 17:06:57+00:00,2025-02-12 17:08:27+00:00,go_around,False,False,141.0,2025-02-12 17:08:27+00:00,29.181931,-81.042551,18.0,2025-02-12 17:08:27+00:00,141.0,0.306,1024.0,825.0,reapproach,172.0,2025-02-12 12:08:27-05:00
ad6b76_20250212_021032,ad6b76,ERU964,16,2025-02-12 02:53:33+00:00,2025-02-12 02:56:20+00:00,go_around,False,False,441.0,2025-02-12 02:55:59+00:00,29.208206,-81.064893,16.0,2025-02-12 02:56:07+00:00,466.0,0.95,1216.0,1500.0,reapproach,1471.0,2025-02-11 21:55:59-05:00
ad8f3e_20250212_164850,ad8f3e,ERU973,25L,2025-02-12 17:10:23+00:00,2025-02-12 17:11:24+00:00,go_around,False,False,41.0,2025-02-12 17:11:23+00:00,29.180374,-81.046248,18.0,2025-02-12 17:11:41+00:00,141.0,-0.883,1088.0,900.0,reapproach,202.0,2025-02-12 12:11:23-05:00
ada588_20250212_013354,ada588,ERU979,07L,2025-02-12 01:53:49+00:00,2025-02-12 01:56:46+00:00,go_around,False,False,91.0,2025-02-12 01:56:19+00:00,29.170098,-81.083841,8.0,2025-02-12 01:56:25+00:00,91.0,0.18,1088.0,1975.0,reapproach,1023.0,2025-02-11 20:56:19-05:00
a388c5_20250213_172407,a388c5,ERU327,25R,2025-02-13 18:05:11+00:00,2025-02-13 18:07:33+00:00,go_around,False,False,166.0,2025-02-13 18:06:58+00:00,29.187276,-81.041565,11.0,2025-02-13 18:07:05+00:00,166.0,0.212,1600.0,2375.0,reapproach,667.0,2025-02-13 13:06:58-05:00
a57290_20250213_191538,a57290,ERU450,25L,2025-02-13 19:39:28+00:00,2025-02-13 19:40:24+00:00,go_around,False,False,91.0,2025-02-13 19:39:41+00:00,29.18276,-81.038711,10.0,2025-02-13 19:39:46+00:00,116.0,0.455,832.0,850.0,reapproach,180.0,2025-02-13 14:39:41-05:00
aafc52_20250213_012648,aafc52,ERU807,07L,2025-02-13 01:41:58+00:00,2025-02-13 01:44:59+00:00,go_around,False,False,116.0,2025-02-13 01:44:31+00:00,29.170051,-81.084325,18.0,2025-02-13 01:44:37+00:00,141.0,0.19,1472.0,1900.0,reapproach,1814.0,2025-02-12 20:44:31-05:00
ab1c63_20250213_014252,ab1c63,ERU815,07L,2025-02-13 02:11:21+00:00,2025-02-13 02:14:11+00:00,go_around,False,False,116.0,2025-02-13 02:13:44+00:00,29.169434,-81.084278,13.0,2025-02-13 02:13:52+00:00,116.0,0.208,1280.0,1825.0,reapproach,1266.0,2025-02-12 21:13:44-05:00
ab6f18_20250213_014457,ab6f18,ERU836,07L,2025-02-13 02:13:23+00:00,2025-02-13 02:16:10+00:00,go_around,False,False,116.0,2025-02-13 02:15:41+00:00,29.169632,-81.084595,8.0,2025-02-13 02:15:45+00:00,191.0,0.287,960.0,2050.0,reapproach,3364.0,2025-02-12 21:15:41-05:00
ab9a4e_20250213_164329,ab9a4e,ERU847,25L,2025-02-13 17:25:57+00:00,2025-02-13 17:27:08+00:00,ga_ambiguous,False,False,41.0,2025-02-13 17:26:42+00:00,29.180898,-81.045065,26.0,2025-02-13 17:27:08+00:00,166.0,-0.295,1088.0,950.0,reapproach,233.0,2025-02-13 12:26:42-05:00
abab83_20250213_163915,abab83,ERU851,25L,2025-02-13 16:42:55+00:00,2025-02-13 16:43:56+00:00,ga_ambiguous,False,False,191.0,2025-02-13 16:43:13+00:00,29.182709,-81.040385,25.0,2025-02-13 16:43:37+00:00,241.0,0.025,768.0,775.0,reapproach,286.0,2025-02-13 11:43:13-05:00
abab83_20250213_163915,abab83,ERU851,25L,2025-02-13 16:48:42+00:00,2025-02-13 16:51:21+00:00,go_around,False,False,41.0,2025-02-13 16:51:20+00:00,29.181317,-81.043827,18.0,2025-02-13 16:51:20+00:00,41.0,0.23,768.0,900.0,reapproach,250.0,2025-02-13 11:51:20-05:00
abab83_20250213_163915,abab83,ERU851,25L,2025-02-13 17:50:05+00:00,2025-02-13 17:51:26+00:00,go_around,False,False,216.0,2025-02-13 17:50:56+00:00,29.181381,-81.043766,8.0,2025-02-13 17:50:58+00:00,216.0,0.197,1088.0,725.0,reapproach,164.0,2025-02-13 12:50:56-05:00
abab83_20250213_163915,abab83,ERU851,25L,2025-02-13 17:54:10+00:00,2025-02-13 17:55:51+00:00,go_around,False,False,141.0,2025-02-13 17:55:17+00:00,29.181793,-81.042657,10.0,2025-02-13 17:55:24+00:00,141.0,0.145,1152.0,800.0,reapproach,152.0,2025-02-13 12:55:17-05:00
ac05a6_20250213_184652,ac05a6,ERU874,25L,2025-02-13 18:55:54+00:00,2025-02-13 18:57:04+00:00,go_around,False,False,41.0,2025-02-13 18:57:04+00:00,29.180619,-81.045658,8.0,2025-02-13 18:57:04+00:00,41.0,0.125,896.0,925.0,reapproach,230.0,2025-02-13 13:57:04-05:00
ac05a6_20250213_184652,ac05a6,ERU874,25L,2025-02-13 19:46:38+00:00,2025-02-13 19:47:41+00:00,go_around,False,False,41.0,2025-02-13 19:47:40+00:00,29.181596,-81.043181,2.0,2025-02-13 19:47:40+00:00,41.0,0.267,1024.0,900.0,reapproach,177.0,2025-02-13 14:47:40-05:00
ac910f_20250213_000003,ac910f,ERU909,07L,2025-02-13 00:09:08+00:00,2025-02-13 00:12:08+00:00,go_around,False,False,341.0,2025-02-13 00:11:24+00:00,29.167584,-81.090573,8.0,2025-02-13 00:11:28+00:00,366.0,0.637,1152.0,650.0,reapproach,201.0,2025-02-12 19:11:24-05:00
a4b0cc_20250214_040505,a4b0cc,ERU401,07L,2025-02-14 05:16:32+00:00,2025-02-14 05:19:49+00:00,go_around,False,False,266.0,2025-02-14 05:19:09+00:00,29.169167,-81.086103,9.0,2025-02-14 05:19:15+00:00,291.0,0.319,1600.0,1750.0,reapproach,923.0,2025-02-14 00:19:09-05:00
ab2b3f_20250214_022827,ab2b3f,ERU819,07L,2025-02-14 02:43:32+00:00,2025-02-14 02:46:28+00:00,go_around,False,False,116.0,2025-02-14 02:45:55+00:00,29.169022,-81.086391,13.0,2025-02-14 02:46:05+00:00,141.0,0.235,960.0,2050.0,reapproach,1996.0,2025-02-13 21:45:55-05:00
ac770e_20250214_164701,ac770e,ERU902,07R,2025-02-14 17:29:16+00:00,2025-02-14 17:30:38+00:00,go_around,False,False,116.0,2025-02-14 17:29:56+00:00,29.172984,-81.064238,14.0,2025-02-14 17:30:03+00:00,116.0,0.346,960.0,825.0,reapproach,252.0,2025-02-14 12:29:56-05:00
acf4f9_20250214_040623,acf4f9,ERU934,07L,2025-02-14 04:32:40+00:00,2025-02-14 04:35:57+00:00,go_around,False,False,166.0,2025-02-14 04:35:27+00:00,29.168289,-81.088345,10.0,2025-02-14 04:35:32+00:00,191.0,0.489,1472.0,1950.0,reapproach,1126.0,2025-02-13 23:35:27-05:00
acf4f9_20250214_040623,acf4f9,ERU934,07L,2025-02-14 04:54:43+00:00,2025-02-14 04:57:52+00:00,go_around,False,False,166.0,2025-02-14 04:57:12+00:00,29.169586,-81.086695,14.0,2025-02-14 04:57:22+00:00,191.0,0.264,1088.0,1800.0,reapproach,890.0,2025-02-13 23:57:12-05:00
ab18ac_20250215_020837,ab18ac,ERU814,07L,2025-02-15 03:07:07+00:00,2025-02-15 03:12:22+00:00,go_around,False,False,116.0,2025-02-15 03:10:41+00:00,29.17131,-81.08338,17.0,2025-02-15 03:10:46+00:00,216.0,0.171,1472.0,2825.0,reapproach,925.0,2025-02-14 22:10:41-05:00
ab4b50_20250215_003628,ab4b50,ERU827,07L,2025-02-15 00:49:15+00:00,2025-02-15 00:53:49+00:00,go_around,False,False,166.0,2025-02-15 00:52:13+00:00,29.169067,-81.086813,20.0,2025-02-15 00:52:18+00:00,166.0,0.397,1216.0,1775.0,reapproach,568.0,2025-02-14 19:52:13-05:00
abb6a8_20250215_010647,abb6a8,ERU854,07L,2025-02-15 01:53:14+00:00,2025-02-15 01:57:22+00:00,go_around,False,False,91.0,2025-02-15 01:56:51+00:00,29.170749,-81.082279,14.0,2025-02-15 01:56:55+00:00,116.0,0.184,1024.0,1900.0,reapproach,946.0,2025-02-14 20:56:51-05:00
ac910f_20250215_163700,ac910f,ERU909,07R,2025-02-15 16:53:53+00:00,2025-02-15 16:55:08+00:00,go_around,False,False,141.0,2025-02-15 16:54:24+00:00,29.172053,-81.066553,14.0,2025-02-15 16:54:33+00:00,166.0,0.416,1216.0,800.0,reapproach,121.0,2025-02-15 11:54:24-05:00
ad6f2d_20250215_035720,ad6f2d,ERU965,07L,2025-02-15 04:33:14+00:00,2025-02-15 04:37:36+00:00,go_around,False,False,66.0,2025-02-15 04:36:46+00:00,29.170843,-81.082279,12.0,2025-02-15 04:36:55+00:00,91.0,0.048,960.0,1875.0,reapproach,854.0,2025-02-14 23:36:46-05:00
ab3506_20250216_000001,ab3506,ERU821,07L,2025-02-16 00:28:42+00:00,2025-02-16 00:32:34+00:00,go_around,False,False,66.0,2025-02-16 00:31:19+00:00,29.170563,-81.08271,10.0,2025-02-16 00:31:24+00:00,116.0,0.137,896.0,1875.0,reapproach,986.0,2025-02-15 19:31:19-05:00
ac2d25_20250216_024234,ac2d25,ERU884,07L,2025-02-16 03:01:12+00:00,2025-02-16 03:03:59+00:00,go_around,False,False,491.0,2025-02-16 03:02:46+00:00,29.159912,-81.106515,14.0,2025-02-16 03:02:56+00:00,516.0,1.453,832.0,1475.0,reapproach,713.0,2025-02-15 22:02:46-05:00
ac8d58_20250216_013646,ac8d58,ERU908,07L,2025-02-16 01:55:11+00:00,2025-02-16 01:58:56+00:00,go_around,False,False,341.0,2025-02-16 01:57:14+00:00,29.165817,-81.09331,12.0,2025-02-16 01:57:20+00:00,366.0,0.744,1088.0,1600.0,reapproach,971.0,2025-02-15 20:57:14-05:00
a5d7d8_20250217_152056,a5d7d8,ERU476,07R,2025-02-17 15:43:05+00:00,2025-02-17 15:44:19+00:00,go_around,False,False,216.0,2025-02-17 15:43:48+00:00,29.174241,-81.060683,17.0,2025-02-17 15:43:56+00:00,216.0,0.099,1024.0,800.0,reapproach,231.0,2025-02-17 10:43:48-05:00
ac30dc_20250217_212419,ac30dc,ERU885,07L,2025-02-17 22:32:41+00:00,2025-02-17 22:37:00+00:00,go_around,False,False,91.0,2025-02-17 22:35:43+00:00,29.170029,-81.083644,12.0,2025-02-17 22:35:50+00:00,116.0,0.218,1536.0,2250.0,reapproach,1264.0,2025-02-17 17:35:43-05:00
a39033_20250218_133307,a39033,ERU329,07L,2025-02-18 14:42:57+00:00,2025-02-18 14:46:29+00:00,go_around,False,False,266.0,2025-02-18 14:45:22+00:00,29.166824,-81.092253,15.0,2025-02-18 14:45:29+00:00,266.0,0.688,1472.0,1725.0,reapproach,419.0,2025-02-18 09:45:22-05:00
a5d7d8_20250218_233729,a5d7d8,ERU476,16,2025-02-18 23:48:13+00:00,2025-02-18 23:50:36+00:00,go_around,False,False,691.0,2025-02-18 23:49:44+00:00,29.227203,-81.073608,19.0,2025-02-18 23:49:59+00:00,741.0,1.868,960.0,1350.0,leg_end,,2025-02-18 18:49:44-05:00
a606c5_20250218_213646,a606c5,ERU488,07R,2025-02-18 21:39:55+00:00,2025-02-18 21:40:25+00:00,go_around,False,False,116.0,2025-02-18 21:40:06+00:00,29.17587,-81.057183,10.0,2025-02-18 21:40:12+00:00,116.0,-0.075,1088.0,850.0,reapproach,740.0,2025-02-18 16:40:06-05:00
ab5c85_20250218_000003,ab5c85,ERU831,07L,2025-02-18 00:20:42+00:00,2025-02-18 00:25:01+00:00,ga_ambiguous,False,False,91.0,2025-02-18 00:23:43+00:00,29.170074,-81.083855,28.0,2025-02-18 00:24:08+00:00,366.0,-0.218,896.0,1775.0,reapproach,745.0,2025-02-17 19:23:43-05:00
ac384a_20250218_225413,ac384a,ERU887,07R,2025-02-18 23:20:41+00:00,2025-02-18 23:21:51+00:00,go_around,False,False,91.0,2025-02-18 23:21:16+00:00,29.173543,-81.062837,13.0,2025-02-18 23:21:25+00:00,91.0,0.197,1024.0,925.0,reapproach,185.0,2025-02-18 18:21:16-05:00
ac910f_20250218_161217,ac910f,ERU909,07L,2025-02-18 17:03:11+00:00,2025-02-18 17:07:10+00:00,go_around,False,False,116.0,2025-02-18 17:06:19+00:00,29.169342,-81.086074,17.0,2025-02-18 17:06:30+00:00,141.0,0.166,1024.0,1850.0,reapproach,814.0,2025-02-18 12:06:19-05:00
ad1c78_20250218_015115,ad1c78,ERU944,07L,2025-02-18 02:02:58+00:00,2025-02-18 02:07:23+00:00,go_around,False,False,66.0,2025-02-18 02:06:09+00:00,29.170889,-81.08201,11.0,2025-02-18 02:06:16+00:00,91.0,0.218,1216.0,1875.0,reapproach,869.0,2025-02-17 21:06:09-05:00
ad6f2d_20250218_000001,ad6f2d,ERU965,07L,2025-02-18 00:30:37+00:00,2025-02-18 00:35:04+00:00,go_around,False,False,91.0,2025-02-18 00:33:45+00:00,29.170377,-81.082871,14.0,2025-02-18 00:33:54+00:00,91.0,0.061,1280.0,1850.0,reapproach,1846.0,2025-02-17 19:33:45-05:00
a4b0cc_20250219_134641,a4b0cc,ERU401,07R,2025-02-19 14:05:54+00:00,2025-02-19 14:06:49+00:00,go_around,False,False,66.0,2025-02-19 14:06:36+00:00,29.176529,-81.055597,9.0,2025-02-19 14:06:41+00:00,66.0,-0.169,960.0,925.0,reapproach,289.0,2025-02-19 09:06:36-05:00
a4b0cc_20250219_134641,a4b0cc,ERU401,07R,2025-02-19 14:46:44+00:00,2025-02-19 14:47:20+00:00,ga_ambiguous,False,False,141.0,2025-02-19 14:47:00+00:00,29.175498,-81.05826,23.0,2025-02-19 14:47:20+00:00,291.0,-0.285,640.0,825.0,reapproach,323.0,2025-02-19 09:47:00-05:00
a4b83a_20250219_134452,a4b83a,ERU403,07R,2025-02-19 13:59:45+00:00,2025-02-19 14:00:59+00:00,go_around,False,False,91.0,2025-02-19 14:00:33+00:00,29.174698,-81.060192,9.0,2025-02-19 14:00:37+00:00,116.0,0.121,896.0,825.0,reapproach,183.0,2025-02-19 09:00:33-05:00
a593ff_20250219_003922,a593ff,ERU459,07L,2025-02-19 00:55:59+00:00,2025-02-19 01:00:35+00:00,go_around,False,False,191.0,2025-02-19 00:59:03+00:00,29.168329,-81.08788,11.0,2025-02-19 00:59:09+00:00,191.0,0.445,1088.0,2750.0,reapproach,1251.0,2025-02-18 19:59:03-05:00
a5b7c7_20250219_000007,a5b7c7,ERU468,07L,2025-02-19 03:06:31+00:00,2025-02-19 03:10:55+00:00,go_around,False,False,91.0,2025-02-19 03:09:50+00:00,29.171075,-81.081579,13.0,2025-02-19 03:09:57+00:00,91.0,0.047,1344.0,2800.0,reapproach,746.0,2025-02-18 22:09:50-05:00
a5b7c7_20250219_165137,a5b7c7,ERU468,25L,2025-02-19 17:29:47+00:00,2025-02-19 17:30:31+00:00,go_around,False,False,166.0,2025-02-19 17:29:57+00:00,29.182667,-81.040488,13.0,2025-02-19 17:30:07+00:00,216.0,0.202,1472.0,825.0,reapproach,1160.0,2025-02-19 12:29:57-05:00
a5f07b_20250219_000001,a5f07b,ERU482,07L,2025-02-19 00:00:12+00:00,2025-02-19 00:04:13+00:00,go_around,False,False,116.0,2025-02-19 00:03:24+00:00,29.170258,-81.083274,13.0,2025-02-19 00:03:31+00:00,116.0,0.229,1344.0,1775.0,reapproach,3293.0,2025-02-18 19:03:24-05:00
a5f432_20250219_205915,a5f432,ERU483,07L,2025-02-19 21:14:05+00:00,2025-02-19 21:17:48+00:00,ga_ambiguous,False,False,216.0,2025-02-19 21:16:44+00:00,29.168381,-81.087024,29.0,2025-02-19 21:17:10+00:00,266.0,-0.122,1472.0,1700.0,reapproach,748.0,2025-02-19 16:16:44-05:00
ab14f5_20250219_184749,ab14f5,ERU813,07L,2025-02-19 20:20:19+00:00,2025-02-19 20:23:27+00:00,go_around,False,False,616.0,2025-02-19 20:21:46+00:00,29.16188,-81.103504,19.0,2025-02-19 20:21:54+00:00,641.0,1.279,768.0,375.0,reapproach,37.0,2025-02-19 15:21:46-05:00
ab201a_20250219_021142,ab201a,ERU816,07L,2025-02-19 02:27:44+00:00,2025-02-19 02:32:13+00:00,go_around,False,False,91.0,2025-02-19 02:30:56+00:00,29.170898,-81.082271,9.0,2025-02-19 02:31:01+00:00,116.0,0.115,1536.0,2825.0,reapproach,1736.0,2025-02-18 21:30:56-05:00
ab402b_20250219_022411,ab402b,ERU824,07L,2025-02-19 03:09:33+00:00,2025-02-19 03:13:50+00:00,go_around,False,False,241.0,2025-02-19 03:12:36+00:00,29.16925,-81.08581,20.0,2025-02-19 03:12:48+00:00,291.0,0.103,1152.0,1700.0,reapproach,787.0,2025-02-18 22:12:36-05:00
ab87bb_20250219_012800,ab87bb,ERU842,07L,2025-02-19 02:23:33+00:00,2025-02-19 02:27:49+00:00,go_around,False,False,66.0,2025-02-19 02:26:44+00:00,29.171036,-81.08169,17.0,2025-02-19 02:26:55+00:00,66.0,-0.117,1408.0,1825.0,reapproach,837.0,2025-02-18 21:26:44-05:00
abb6a8_20250219_041017,abb6a8,ERU854,07L,2025-02-19 05:07:06+00:00,2025-02-19 05:08:43+00:00,go_around,False,False,116.0,2025-02-19 05:07:22+00:00,29.170532,-81.082693,9.0,2025-02-19 05:07:28+00:00,141.0,0.176,896.0,1750.0,reapproach,857.0,2025-02-19 00:07:22-05:00
abd302_20250219_000548,abd302,ERU861,07L,2025-02-19 00:19:32+00:00,2025-02-19 00:24:12+00:00,go_around,False,False,91.0,2025-02-19 00:22:50+00:00,29.170284,-81.082764,14.0,2025-02-19 00:23:00+00:00,216.0,0.054,1600.0,1825.0,reapproach,2602.0,2025-02-18 19:22:50-05:00
ac54a4_20250219_040935,ac54a4,ERU894,07L,2025-02-19 04:39:02+00:00,2025-02-19 04:42:41+00:00,go_around,False,False,66.0,2025-02-19 04:42:12+00:00,29.170807,-81.082799,13.0,2025-02-19 04:42:21+00:00,91.0,0.062,1216.0,1825.0,reapproach,1399.0,2025-02-18 23:42:12-05:00
ac8233_20250219_212614,ac8233,ERU905,07L,2025-02-19 22:14:35+00:00,2025-02-19 22:18:19+00:00,go_around,False,False,91.0,2025-02-19 22:17:16+00:00,29.170982,-81.082279,14.0,2025-02-19 22:17:24+00:00,91.0,0.031,1216.0,1825.0,reapproach,862.0,2025-02-19 17:17:16-05:00
a4b0cc_20250220_211916,a4b0cc,ERU401,07L,2025-02-20 21:41:41+00:00,2025-02-20 21:44:24+00:00,go_around,False,False,191.0,2025-02-20 21:43:41+00:00,29.168243,-81.088503,16.0,2025-02-20 21:43:49+00:00,241.0,0.431,1280.0,1950.0,reapproach,985.0,2025-02-20 16:43:41-05:00
a50381_20250220_192708,a50381,ERU422,25L,2025-02-20 20:13:22+00:00,2025-02-20 20:14:03+00:00,go_around,False,False,141.0,2025-02-20 20:13:35+00:00,29.181084,-81.044365,12.0,2025-02-20 20:13:40+00:00,141.0,0.112,1216.0,2275.0,reapproach,6116.0,2025-02-20 15:13:35-05:00
ab402b_20250220_210854,ab402b,ERU824,07R,2025-02-20 22:18:15+00:00,2025-02-20 22:19:27+00:00,ga_ambiguous,False,False,91.0,2025-02-20 22:18:59+00:00,29.173965,-81.061777,27.0,2025-02-20 22:19:20+00:00,266.0,-0.14,1024.0,850.0,reapproach,163.0,2025-02-20 17:18:59-05:00
ac8233_20250220_191238,ac8233,ERU905,25L,2025-02-20 19:40:26+00:00,2025-02-20 19:41:09+00:00,go_around,False,False,41.0,2025-02-20 19:40:39+00:00,29.181793,-81.042498,14.0,2025-02-20 19:40:49+00:00,41.0,0.128,1152.0,875.0,reapproach,142.0,2025-02-20 14:40:39-05:00
ac8233_20250220_191238,ac8233,ERU905,25L,2025-02-20 20:14:33+00:00,2025-02-20 20:15:11+00:00,go_around,False,False,116.0,2025-02-20 20:14:55+00:00,29.179825,-81.047463,12.0,2025-02-20 20:15:01+00:00,116.0,-0.089,960.0,825.0,reapproach,219.0,2025-02-20 15:14:55-05:00
a4e370_20250221_000002,a4e370,ERU414,34,2025-02-21 00:46:51+00:00,2025-02-21 00:50:58+00:00,go_around,False,False,116.0,2025-02-21 00:50:28+00:00,29.172501,-81.047569,14.0,2025-02-21 00:50:33+00:00,141.0,0.12,960.0,850.0,reapproach,29.0,2025-02-20 19:50:28-05:00
a57290_20250221_213751,a57290,ERU450,34,2025-02-21 22:38:52+00:00,2025-02-21 22:42:47+00:00,go_around,False,False,241.0,2025-02-21 22:41:57+00:00,29.162704,-81.043132,14.0,2025-02-21 22:42:02+00:00,266.0,0.726,1728.0,1625.0,reapproach,866.0,2025-02-21 17:41:57-05:00
ab2788_20250221_233734,ab2788,ERU818,34,2025-02-21 23:52:09+00:00,2025-02-21 23:55:48+00:00,go_around,False,False,241.0,2025-02-21 23:55:16+00:00,29.162789,-81.043181,11.0,2025-02-21 23:55:22+00:00,266.0,0.697,1280.0,1275.0,leg_end,,2025-02-21 18:55:16-05:00
a4b83a_20250222_193606,a4b83a,ERU403,07L,2025-02-22 19:55:22+00:00,2025-02-22 19:58:08+00:00,go_around,False,False,191.0,2025-02-22 19:57:43+00:00,29.171355,-81.080663,12.0,2025-02-22 19:57:50+00:00,216.0,0.049,832.0,875.0,reapproach,337.0,2025-02-22 14:57:43-05:00
ab201a_20250222_163531,ab201a,ERU816,07R,2025-02-22 17:28:22+00:00,2025-02-22 17:30:14+00:00,go_around,False,False,41.0,2025-02-22 17:29:38+00:00,29.173682,-81.062891,11.0,2025-02-22 17:29:47+00:00,41.0,0.194,1088.0,850.0,reapproach,206.0,2025-02-22 12:29:38-05:00
ab201a_20250222_163531,ab201a,ERU816,07R,2025-02-22 17:48:09+00:00,2025-02-22 17:49:05+00:00,go_around,False,False,366.0,2025-02-22 17:48:38+00:00,29.1748,-81.060414,12.0,2025-02-22 17:48:42+00:00,391.0,0.149,1088.0,550.0,reapproach,266.0,2025-02-22 12:48:38-05:00
ab2b3f_20250222_181804,ab2b3f,ERU819,07R,2025-02-22 18:30:18+00:00,2025-02-22 18:32:18+00:00,go_around,False,False,241.0,2025-02-22 18:31:30+00:00,29.17047,-81.071023,20.0,2025-02-22 18:31:41+00:00,291.0,0.645,1344.0,625.0,reapproach,129.0,2025-02-22 13:31:30-05:00
ac8d58_20250222_232235,ac8d58,ERU908,07L,2025-02-22 23:40:02+00:00,2025-02-22 23:43:28+00:00,go_around,False,False,391.0,2025-02-22 23:42:30+00:00,29.165131,-81.096215,13.0,2025-02-22 23:42:35+00:00,416.0,0.95,1024.0,1525.0,leg_end,,2025-02-22 18:42:30-05:00
ad4f1c_20250222_043101,ad4f1c,ERU957,34,2025-02-22 05:40:09+00:00,2025-02-22 05:43:26+00:00,go_around,False,False,241.0,2025-02-22 05:42:36+00:00,29.161514,-81.042287,14.0,2025-02-22 05:42:42+00:00,291.0,0.751,2048.0,1650.0,reapproach,183.0,2025-02-22 00:42:36-05:00
a37632_20250223_171238,a37632,ERU322,07L,2025-02-23 18:01:06+00:00,2025-02-23 18:05:12+00:00,go_around,False,False,91.0,2025-02-23 18:04:16+00:00,29.169983,-81.084278,5.0,2025-02-23 18:04:16+00:00,91.0,0.374,1344.0,1925.0,reapproach,646.0,2025-02-23 13:04:16-05:00
a54b11_20250223_185638,a54b11,ERU440,07L,2025-02-23 19:52:05+00:00,2025-02-23 19:55:31+00:00,go_around,False,False,466.0,2025-02-23 19:54:49+00:00,29.168884,-81.087183,10.0,2025-02-23 19:54:57+00:00,466.0,0.377,896.0,475.0,reapproach,261.0,2025-02-23 14:54:49-05:00
a5d7d8_20250223_000005,a5d7d8,ERU476,07R,2025-02-23 00:35:46+00:00,2025-02-23 00:36:59+00:00,go_around,False,False,41.0,2025-02-23 00:35:57+00:00,29.172798,-81.077271,7.0,2025-02-23 00:36:01+00:00,41.0,0.985,896.0,1925.0,reapproach,998.0,2025-02-22 19:35:57-05:00
ab201a_20250223_041248,ab201a,ERU816,07L,2025-02-23 04:31:43+00:00,2025-02-23 04:35:19+00:00,go_around,False,False,266.0,2025-02-23 04:34:34+00:00,29.171541,-81.079371,10.0,2025-02-23 04:34:41+00:00,266.0,-0.088,1408.0,1675.0,reapproach,665.0,2025-02-22 23:34:34-05:00
ab402b_20250223_015913,ab402b,ERU824,07L,2025-02-23 02:16:15+00:00,2025-02-23 02:19:25+00:00,go_around,False,False,291.0,2025-02-23 02:18:47+00:00,29.168515,-81.089119,15.0,2025-02-23 02:18:57+00:00,291.0,0.362,1344.0,1650.0,reapproach,1233.0,2025-02-22 21:18:47-05:00
ab4b50_20250223_013926,ab4b50,ERU827,07L,2025-02-23 02:29:27+00:00,2025-02-23 02:33:16+00:00,go_around,False,False,91.0,2025-02-23 02:32:16+00:00,29.170898,-81.082059,14.0,2025-02-23 02:32:23+00:00,116.0,0.063,1216.0,1825.0,reapproach,871.0,2025-02-22 21:32:16-05:00
ab6b61_20250223_022035,ab6b61,ERU835,07L,2025-02-23 03:07:35+00:00,2025-02-23 03:10:30+00:00,go_around,False,False,291.0,2025-02-23 03:10:02+00:00,29.171587,-81.080663,19.0,2025-02-23 03:10:17+00:00,366.0,-0.248,1024.0,1600.0,reapproach,995.0,2025-02-22 22:10:02-05:00
abaf3a_20250223_221814,abaf3a,ERU852,07L,2025-02-23 23:45:12+00:00,2025-02-23 23:49:52+00:00,go_around,False,False,141.0,2025-02-23 23:48:22+00:00,29.169539,-81.085403,14.0,2025-02-23 23:48:28+00:00,141.0,0.328,832.0,825.0,reapproach,180.0,2025-02-23 18:48:22-05:00
ac8d58_20250223_233340,ac8d58,ERU908,07L,2025-02-23 23:50:59+00:00,2025-02-23 23:55:23+00:00,go_around,False,False,91.0,2025-02-23 23:54:00+00:00,29.170486,-81.083063,10.0,2025-02-23 23:54:07+00:00,141.0,0.139,1728.0,2325.0,leg_end,,2025-02-23 18:54:00-05:00
a5b7c7_20250224_140908,a5b7c7,ERU468,07R,2025-02-24 14:47:43+00:00,2025-02-24 14:48:50+00:00,go_around,False,False,266.0,2025-02-24 14:48:16+00:00,29.173403,-81.061222,13.0,2025-02-24 14:48:24+00:00,266.0,0.154,896.0,650.0,reapproach,127.0,2025-02-24 09:48:16-05:00
a5ecc4_20250224_014716,a5ecc4,ERU481,07L,2025-02-24 02:32:38+00:00,2025-02-24 02:35:51+00:00,go_around,False,False,66.0,2025-02-24 02:35:24+00:00,29.170761,-81.082482,16.0,2025-02-24 02:35:35+00:00,66.0,0.019,1472.0,1975.0,reapproach,1096.0,2025-02-23 21:35:24-05:00
ab14f5_20250224_000002,ab14f5,ERU813,07L,2025-02-24 00:05:31+00:00,2025-02-24 00:09:31+00:00,go_around,False,False,66.0,2025-02-24 00:08:50+00:00,29.171634,-81.080502,17.0,2025-02-24 00:08:58+00:00,116.0,-0.05,1472.0,1950.0,reapproach,899.0,2025-02-23 19:08:50-05:00
abe94c_20250224_031946,abe94c,ERU867,07L,2025-02-24 04:06:08+00:00,2025-02-24 04:10:14+00:00,go_around,False,False,66.0,2025-02-24 04:09:11+00:00,29.171494,-81.080609,14.0,2025-02-24 04:09:18+00:00,91.0,-0.01,1088.0,1800.0,reapproach,750.0,2025-02-23 23:09:11-05:00
abe94c_20250224_031946,abe94c,ERU867,07L,2025-02-24 04:42:30+00:00,2025-02-24 04:43:08+00:00,go_around,False,False,91.0,2025-02-24 04:42:47+00:00,29.172286,-81.078509,9.0,2025-02-24 04:42:54+00:00,116.0,-0.062,960.0,1800.0,reapproach,1219.0,2025-02-23 23:42:47-05:00
acf4f9_20250224_020414,acf4f9,ERU934,07L,2025-02-24 02:20:12+00:00,2025-02-24 02:23:47+00:00,go_around,False,False,116.0,2025-02-24 02:23:14+00:00,29.170051,-81.083356,19.0,2025-02-24 02:23:26+00:00,141.0,0.04,1152.0,1850.0,reapproach,949.0,2025-02-23 21:23:14-05:00
ad8f3e_20250224_023050,ad8f3e,ERU973,07L,2025-02-24 02:47:52+00:00,2025-02-24 02:51:02+00:00,go_around,False,False,516.0,2025-02-24 02:50:08+00:00,29.165908,-81.095258,11.0,2025-02-24 02:50:15+00:00,541.0,0.823,1088.0,1900.0,reapproach,807.0,2025-02-23 21:50:08-05:00
ad8f3e_20250224_045339,ad8f3e,ERU973,07L,2025-02-24 05:09:58+00:00,2025-02-24 05:13:44+00:00,go_around,False,False,266.0,2025-02-24 05:12:55+00:00,29.170624,-81.08375,15.0,2025-02-24 05:13:02+00:00,291.0,0.165,960.0,1625.0,reapproach,2674.0,2025-02-24 00:12:55-05:00
a5f07b_20250226_010845,a5f07b,ERU482,07L,2025-02-26 02:16:20+00:00,2025-02-26 02:20:17+00:00,go_around,False,False,91.0,2025-02-26 02:19:04+00:00,29.169958,-81.084272,14.0,2025-02-26 02:19:16+00:00,141.0,0.094,1280.0,1825.0,reapproach,1710.0,2025-02-25 21:19:04-05:00
a5f432_20250226_140426,a5f432,ERU483,25R,2025-02-26 15:17:33+00:00,2025-02-26 15:19:42+00:00,go_around,False,False,41.0,2025-02-26 15:19:16+00:00,29.185693,-81.045819,5.0,2025-02-26 15:19:21+00:00,66.0,0.008,768.0,2025.0,reapproach,792.0,2025-02-26 10:19:16-05:00
a6108c_20250226_135151,a6108c,ERU490,25L,2025-02-26 15:15:08+00:00,2025-02-26 15:16:58+00:00,go_around,False,False,66.0,2025-02-26 15:16:42+00:00,29.180013,-81.04695,11.0,2025-02-26 15:16:47+00:00,91.0,-0.051,1024.0,900.0,reapproach,323.0,2025-02-26 10:16:42-05:00
a626d6_20250226_024551,a626d6,ERU496,07L,2025-02-26 02:58:35+00:00,2025-02-26 03:02:23+00:00,go_around,False,False,91.0,2025-02-26 03:01:20+00:00,29.170656,-81.08271,12.0,2025-02-26 03:01:28+00:00,116.0,0.092,1088.0,1825.0,reapproach,850.0,2025-02-25 22:01:20-05:00
ab18ac_20250226_022651,ab18ac,ERU814,07L,2025-02-26 02:43:30+00:00,2025-02-26 02:47:03+00:00,go_around,False,False,66.0,2025-02-26 02:45:59+00:00,29.170936,-81.081633,12.0,2025-02-26 02:46:06+00:00,91.0,0.039,1024.0,2300.0,reapproach,2172.0,2025-02-25 21:45:59-05:00
ab6b61_20250226_162850,ab6b61,ERU835,25L,2025-02-26 16:44:55+00:00,2025-02-26 16:45:35+00:00,ga_ambiguous,False,False,191.0,2025-02-26 16:45:13+00:00,29.180649,-81.045297,26.0,2025-02-26 16:45:39+00:00,191.0,-0.369,1088.0,750.0,reapproach,235.0,2025-02-26 11:45:13-05:00
ab9a4e_20250226_012335,ab9a4e,ERU847,07L,2025-02-26 02:20:04+00:00,2025-02-26 02:23:15+00:00,ga_ambiguous,False,False,241.0,2025-02-26 02:22:21+00:00,29.165222,-81.094789,21.0,2025-02-26 02:22:38+00:00,266.0,0.566,960.0,1775.0,reapproach,933.0,2025-02-25 21:22:21-05:00
ab9e05_20250226_013435,ab9e05,ERU848,07L,2025-02-26 01:50:22+00:00,2025-02-26 01:54:02+00:00,go_around,False,False,116.0,2025-02-26 01:52:52+00:00,29.170074,-81.083169,13.0,2025-02-26 01:52:55+00:00,116.0,0.22,1216.0,1900.0,reapproach,1141.0,2025-02-25 20:52:52-05:00
abe94c_20250226_014724,abe94c,ERU867,07L,2025-02-26 02:34:17+00:00,2025-02-26 02:37:31+00:00,go_around,False,False,291.0,2025-02-26 02:36:24+00:00,29.170715,-81.083116,19.0,2025-02-26 02:36:34+00:00,366.0,0.023,1344.0,1625.0,reapproach,1019.0,2025-02-25 21:36:24-05:00
ad52d3_20250226_210958,ad52d3,ERU958,07L,2025-02-26 22:13:59+00:00,2025-02-26 22:17:36+00:00,go_around,False,False,366.0,2025-02-26 22:16:30+00:00,29.16481,-81.097747,16.0,2025-02-26 22:16:35+00:00,366.0,1.145,896.0,1575.0,reapproach,684.0,2025-02-26 17:16:30-05:00
a4b83a_20250227_013845,a4b83a,ERU403,07R,2025-02-27 02:34:05+00:00,2025-02-27 02:34:56+00:00,go_around,False,False,91.0,2025-02-27 02:34:26+00:00,29.174011,-81.061883,12.0,2025-02-27 02:34:34+00:00,116.0,0.149,1024.0,800.0,reapproach,155.0,2025-02-26 21:34:26-05:00
a57db5_20250227_012353,a57db5,ERU453,07L,2025-02-27 01:35:47+00:00,2025-02-27 01:38:33+00:00,go_around,False,False,91.0,2025-02-27 01:38:06+00:00,29.170212,-81.083486,13.0,2025-02-27 01:38:15+00:00,91.0,0.094,1024.0,1875.0,reapproach,1180.0,2025-02-26 20:38:06-05:00
a57db5_20250227_042234,a57db5,ERU453,07L,2025-02-27 04:36:08+00:00,2025-02-27 04:39:17+00:00,go_around,False,False,66.0,2025-02-27 04:38:50+00:00,29.171355,-81.080609,12.0,2025-02-27 04:38:57+00:00,141.0,-0.028,1600.0,1850.0,reapproach,974.0,2025-02-26 23:38:50-05:00
a5d7d8_20250227_004541,a5d7d8,ERU476,07L,2025-02-27 01:00:41+00:00,2025-02-27 01:03:34+00:00,go_around,False,False,116.0,2025-02-27 01:03:07+00:00,29.170377,-81.083787,12.0,2025-02-27 01:03:16+00:00,116.0,0.21,1344.0,1850.0,reapproach,833.0,2025-02-26 20:03:07-05:00
a5d7d8_20250227_030436,a5d7d8,ERU476,07L,2025-02-27 03:20:54+00:00,2025-02-27 03:24:55+00:00,go_around,False,False,91.0,2025-02-27 03:23:52+00:00,29.171075,-81.08174,14.0,2025-02-27 03:23:57+00:00,116.0,0.098,960.0,1850.0,reapproach,1049.0,2025-02-26 22:23:52-05:00
ab113e_20250227_001733,ab113e,ERU812,07L,2025-02-27 00:33:16+00:00,2025-02-27 00:37:10+00:00,go_around,False,False,116.0,2025-02-27 00:35:57+00:00,29.170166,-81.083961,7.0,2025-02-27 00:36:01+00:00,141.0,0.287,960.0,1850.0,reapproach,1056.0,2025-02-26 19:35:57-05:00
ab402b_20250227_031800,ab402b,ERU824,07L,2025-02-27 04:28:38+00:00,2025-02-27 04:32:09+00:00,go_around,False,False,66.0,2025-02-27 04:31:20+00:00,29.170377,-81.082279,12.0,2025-02-27 04:31:26+00:00,141.0,0.107,1152.0,1850.0,reapproach,1201.0,2025-02-26 23:31:20-05:00
ab4b50_20250227_193052,ab4b50,ERU827,07R,2025-02-27 20:04:09+00:00,2025-02-27 20:05:47+00:00,go_around,False,False,641.0,2025-02-27 20:05:13+00:00,29.172867,-81.06484,16.0,2025-02-27 20:05:25+00:00,666.0,0.214,576.0,275.0,reapproach,310.0,2025-02-27 15:05:13-05:00
ab9697_20250227_014627,ab9697,ERU846,07L,2025-02-27 02:02:24+00:00,2025-02-27 02:05:09+00:00,ga_ambiguous,False,False,91.0,2025-02-27 02:04:44+00:00,29.171036,-81.081637,29.0,2025-02-27 02:05:09+00:00,316.0,-0.332,1088.0,1825.0,reapproach,1054.0,2025-02-26 21:04:44-05:00
ab9697_20250227_155254,ab9697,ERU846,25L,2025-02-27 16:35:08+00:00,2025-02-27 16:36:13+00:00,go_around,False,False,91.0,2025-02-27 16:36:05+00:00,29.179129,-81.049374,8.0,2025-02-27 16:36:05+00:00,91.0,-0.089,1472.0,875.0,reapproach,234.0,2025-02-27 11:36:05-05:00
abb6a8_20250227_161810,abb6a8,ERU854,25L,2025-02-27 16:58:28+00:00,2025-02-27 16:59:19+00:00,go_around,False,False,616.0,2025-02-27 16:58:37+00:00,29.183075,-81.035473,6.0,2025-02-27 16:58:41+00:00,641.0,0.593,1216.0,325.0,reapproach,138.0,2025-02-27 11:58:37-05:00
abf0ba_20250227_032331,abf0ba,ERU869,07L,2025-02-27 03:35:53+00:00,2025-02-27 03:38:56+00:00,go_around,False,False,216.0,2025-02-27 03:38:13+00:00,29.168189,-81.088849,9.0,2025-02-27 03:38:20+00:00,216.0,0.454,1472.0,1725.0,reapproach,676.0,2025-02-26 22:38:13-05:00
ac770e_20250227_133126,ac770e,ERU902,25L,2025-02-27 13:54:00+00:00,2025-02-27 13:56:27+00:00,go_around,False,False,41.0,2025-02-27 13:55:56+00:00,29.18127,-81.043935,13.0,2025-02-27 13:56:00+00:00,66.0,0.157,896.0,925.0,reapproach,307.0,2025-02-27 08:55:56-05:00
ad52d3_20250227_183301,ad52d3,ERU958,25L,2025-02-27 18:46:25+00:00,2025-02-27 18:47:14+00:00,go_around,False,False,191.0,2025-02-27 18:46:40+00:00,29.182527,-81.040973,11.0,2025-02-27 18:46:47+00:00,191.0,0.261,1088.0,825.0,reapproach,291.0,2025-02-27 13:46:40-05:00
a4e370_20250228_211543,a4e370,ERU414,07L,2025-02-28 22:12:10+00:00,2025-02-28 22:15:33+00:00,go_around,False,False,66.0,2025-02-28 22:15:08+00:00,29.170843,-81.08201,16.0,2025-02-28 22:15:17+00:00,141.0,0.024,1344.0,1825.0,reapproach,1900.0,2025-02-28 17:15:08-05:00
a54b11_20250228_020928,a54b11,ERU440,25L,2025-02-28 02:23:56+00:00,2025-02-28 02:24:53+00:00,ga_ambiguous,False,False,241.0,2025-02-28 02:24:07+00:00,29.18248,-81.040597,28.0,2025-02-28 02:24:32+00:00,391.0,0.039,1024.0,700.0,reapproach,168.0,2025-02-27 21:24:07-05:00
a5527f_20250228_000002,a5527f,ERU442,07L,2025-02-28 00:24:56+00:00,2025-02-28 00:28:26+00:00,go_around,False,False,91.0,2025-02-28 00:27:20+00:00,29.170853,-81.08264,13.0,2025-02-28 00:27:28+00:00,91.0,0.274,1280.0,1900.0,reapproach,1039.0,2025-02-27 19:27:20-05:00
ab314f_20250228_190101,ab314f,ERU820,07R,2025-02-28 19:13:20+00:00,2025-02-28 19:14:13+00:00,go_around,False,False,41.0,2025-02-28 19:13:50+00:00,29.175498,-81.058206,10.0,2025-02-28 19:13:59+00:00,41.0,-0.083,1024.0,1025.0,reapproach,259.0,2025-02-28 14:13:50-05:00
abe94c_20250228_024943,abe94c,ERU867,25R,2025-02-28 03:12:03+00:00,2025-02-28 03:12:45+00:00,go_around,False,False,91.0,2025-02-28 03:12:22+00:00,29.184814,-81.04778,11.0,2025-02-28 03:12:29+00:00,141.0,-0.11,1344.0,2275.0,reapproach,2779.0,2025-02-27 22:12:22-05:00
ad4f1c_20250228_013557,ad4f1c,ERU957,25R,2025-02-28 02:13:20+00:00,2025-02-28 02:18:08+00:00,go_around,False,False,116.0,2025-02-28 02:17:14+00:00,29.188253,-81.039088,16.0,2025-02-28 02:17:29+00:00,116.0,0.244,1152.0,1850.0,reapproach,1000.0,2025-02-27 21:17:14-05:00
a57290_20250301_020419,a57290,ERU450,07L,2025-03-01 02:47:41+00:00,2025-03-01 02:51:18+00:00,go_around,False,False,441.0,2025-03-01 02:49:59+00:00,29.163255,-81.101343,16.0,2025-03-01 02:50:08+00:00,491.0,1.148,768.0,1525.0,reapproach,1329.0,2025-02-28 21:49:59-05:00
a57db5_20250301_191639,a57db5,ERU453,25R,2025-03-01 19:29:59+00:00,2025-03-01 19:31:58+00:00,go_around,False,False,66.0,2025-03-01 19:31:28+00:00,29.187089,-81.04178,6.0,2025-03-01 19:31:34+00:00,91.0,0.122,1152.0,800.0,reapproach,178.0,2025-03-01 14:31:28-05:00
ab14f5_20250301_022324,ab14f5,ERU813,07L,2025-03-01 02:43:05+00:00,2025-03-01 02:46:05+00:00,go_around,False,False,116.0,2025-03-01 02:45:32+00:00,29.169159,-81.086338,7.0,2025-03-01 02:45:37+00:00,116.0,0.342,1088.0,2175.0,reapproach,1180.0,2025-02-28 21:45:32-05:00
abe94c_20250301_000004,abe94c,ERU867,07L,2025-03-01 00:20:36+00:00,2025-03-01 00:23:50+00:00,go_around,False,False,91.0,2025-03-01 00:23:22+00:00,29.169725,-81.08481,8.0,2025-03-01 00:23:29+00:00,141.0,0.234,1088.0,1900.0,reapproach,561.0,2025-02-28 19:23:22-05:00
ac2d25_20250301_131856,ac2d25,ERU884,25L,2025-03-01 13:55:20+00:00,2025-03-01 13:57:15+00:00,go_around,False,False,116.0,2025-03-01 13:56:47+00:00,29.181244,-81.04403,10.0,2025-03-01 13:56:49+00:00,116.0,0.181,832.0,800.0,reapproach,231.0,2025-03-01 08:56:47-05:00
ad52d3_20250301_015836,ad52d3,ERU958,07L,2025-03-01 02:16:06+00:00,2025-03-01 02:19:10+00:00,go_around,False,False,66.0,2025-03-01 02:18:44+00:00,29.170029,-81.083486,12.0,2025-03-01 02:18:54+00:00,141.0,0.087,1152.0,1875.0,reapproach,1104.0,2025-02-28 21:18:44-05:00
ad67bf_20250301_022234,ad67bf,ERU963,07L,2025-03-01 02:40:21+00:00,2025-03-01 02:43:48+00:00,go_around,False,False,41.0,2025-03-01 02:43:04+00:00,29.171401,-81.080771,13.0,2025-03-01 02:43:10+00:00,91.0,0.014,1024.0,2375.0,reapproach,2503.0,2025-02-28 21:43:04-05:00
ad6f2d_20250301_184321,ad6f2d,ERU965,25L,2025-03-01 19:12:10+00:00,2025-03-01 19:12:57+00:00,go_around,False,False,66.0,2025-03-01 19:12:28+00:00,29.181107,-81.044294,9.0,2025-03-01 19:12:33+00:00,91.0,0.122,960.0,800.0,reapproach,131.0,2025-03-01 14:12:28-05:00
a379e9_20250302_174220,a379e9,ERU323,34,2025-03-02 17:56:03+00:00,2025-03-02 17:59:34+00:00,go_around,False,False,216.0,2025-03-02 17:59:06+00:00,29.163348,-81.043181,16.0,2025-03-02 17:59:12+00:00,241.0,0.67,1664.0,1700.0,reapproach,448.0,2025-03-02 12:59:06-05:00
a379e9_20250302_192057,a379e9,ERU323,34,2025-03-02 20:35:31+00:00,2025-03-02 20:39:14+00:00,go_around,False,False,141.0,2025-03-02 20:38:38+00:00,29.167863,-81.045281,12.0,2025-03-02 20:38:44+00:00,166.0,0.383,1280.0,1850.0,reapproach,788.0,2025-03-02 15:38:38-05:00
a4b0cc_20250302_221840,a4b0cc,ERU401,34,2025-03-02 22:59:59+00:00,2025-03-02 23:03:27+00:00,go_around,False,False,391.0,2025-03-02 23:02:56+00:00,29.153758,-81.038603,16.0,2025-03-02 23:03:05+00:00,416.0,1.25,960.0,450.0,reapproach,73.0,2025-03-02 18:02:56-05:00
a4b83a_20250302_185307,a4b83a,ERU403,34,2025-03-02 20:09:46+00:00,2025-03-02 20:13:31+00:00,go_around,False,False,191.0,2025-03-02 20:13:10+00:00,29.166793,-81.04485,14.0,2025-03-02 20:13:18+00:00,191.0,0.445,1088.0,1675.0,reapproach,246.0,2025-03-02 15:13:10-05:00
ab201a_20250302_212031,ab201a,ERU816,34,2025-03-02 21:56:18+00:00,2025-03-02 21:59:09+00:00,go_around,False,False,441.0,2025-03-02 21:58:55+00:00,29.154223,-81.038603,9.0,2025-03-02 21:59:02+00:00,441.0,1.259,1408.0,1425.0,reapproach,705.0,2025-03-02 16:58:55-05:00
ac3493_20250302_194836,ac3493,ERU886,34,2025-03-02 20:27:35+00:00,2025-03-02 20:31:09+00:00,ga_ambiguous,False,False,141.0,2025-03-02 20:30:55+00:00,29.167305,-81.045119,27.0,2025-03-02 20:31:12+00:00,166.0,0.326,960.0,475.0,reapproach,88.0,2025-03-02 15:30:55-05:00
a50381_20250303_113148,a50381,ERU422,07L,2025-03-03 12:35:32+00:00,2025-03-03 12:40:05+00:00,go_around,False,False,91.0,2025-03-03 12:38:58+00:00,29.171127,-81.081795,14.0,2025-03-03 12:39:05+00:00,166.0,0.048,1536.0,1800.0,reapproach,687.0,2025-03-03 07:38:58-05:00
a59a0f_20250303_184324,a59a0f,ERU460,07R,2025-03-03 18:51:12+00:00,2025-03-03 18:52:21+00:00,ga_ambiguous,False,False,66.0,2025-03-03 18:51:43+00:00,29.173416,-81.063256,26.0,2025-03-03 18:52:05+00:00,191.0,0.024,768.0,825.0,reapproach,188.0,2025-03-03 13:51:43-05:00
a59a0f_20250303_184324,a59a0f,ERU460,07R,2025-03-03 19:19:25+00:00,2025-03-03 19:20:35+00:00,go_around,False,False,191.0,2025-03-03 19:20:03+00:00,29.174194,-81.06133,13.0,2025-03-03 19:20:11+00:00,191.0,0.149,960.0,725.0,reapproach,198.0,2025-03-03 14:20:03-05:00
a5d421_20250303_234425,a5d421,ERU475,07L,2025-03-03 23:55:40+00:00,2025-03-03 23:59:59+00:00,go_around,False,False,141.0,2025-03-03 23:58:59+00:00,29.169891,-81.084383,13.0,2025-03-03 23:59:05+00:00,166.0,0.244,1216.0,700.0,leg_end,,2025-03-03 18:58:59-05:00
a6108c_20250303_210942,a6108c,ERU490,07L,2025-03-03 21:23:33+00:00,2025-03-03 21:27:01+00:00,go_around,False,False,541.0,2025-03-03 21:25:47+00:00,29.159205,-81.110822,11.0,2025-03-03 21:25:52+00:00,566.0,1.795,1408.0,1450.0,reapproach,782.0,2025-03-03 16:25:47-05:00
aafc52_20250303_232821,aafc52,ERU807,07L,2025-03-03 23:40:29+00:00,2025-03-03 23:44:53+00:00,go_around,False,False,91.0,2025-03-03 23:43:59+00:00,29.170212,-81.083486,15.0,2025-03-03 23:44:07+00:00,141.0,0.164,1280.0,1850.0,leg_end,,2025-03-03 18:43:59-05:00
ab113e_20250303_204559,ab113e,ERU812,07R,2025-03-03 20:50:33+00:00,2025-03-03 20:52:45+00:00,ga_ambiguous,False,False,216.0,2025-03-03 20:51:44+00:00,29.17012,-81.07139,21.0,2025-03-03 20:52:00+00:00,216.0,0.606,768.0,725.0,reapproach,138.0,2025-03-03 15:51:44-05:00
ab113e_20250303_233103,ab113e,ERU812,07L,2025-03-03 23:44:23+00:00,2025-03-03 23:48:37+00:00,go_around,False,False,166.0,2025-03-03 23:47:37+00:00,29.168096,-81.08928,16.0,2025-03-03 23:47:50+00:00,191.0,0.353,1088.0,1750.0,leg_end,,2025-03-03 18:47:37-05:00
ab201a_20250303_014938,ab201a,ERU816,34,2025-03-03 02:45:12+00:00,2025-03-03 02:49:16+00:00,go_around,False,False,216.0,2025-03-03 02:48:21+00:00,29.165039,-81.043502,19.0,2025-03-03 02:48:29+00:00,266.0,0.515,1472.0,1750.0,reapproach,1200.0,2025-03-02 21:48:21-05:00
abe94c_20250303_012812,abe94c,ERU867,34,2025-03-03 02:24:15+00:00,2025-03-03 02:28:09+00:00,ga_ambiguous,False,False,216.0,2025-03-03 02:27:48+00:00,29.172472,-81.048027,25.0,2025-03-03 02:28:03+00:00,266.0,-0.144,1216.0,2175.0,reapproach,1546.0,2025-03-02 21:27:48-05:00
abf0ba_20250303_233238,abf0ba,ERU869,07L,2025-03-03 23:47:25+00:00,2025-03-03 23:51:24+00:00,go_around,False,False,91.0,2025-03-03 23:50:47+00:00,29.170258,-81.084067,13.0,2025-03-03 23:50:54+00:00,141.0,0.169,1472.0,1800.0,leg_end,,2025-03-03 18:50:47-05:00
ac05a6_20250303_210952,ac05a6,ERU874,07L,2025-03-03 21:26:58+00:00,2025-03-03 21:30:51+00:00,go_around,False,False,516.0,2025-03-03 21:29:23+00:00,29.161469,-81.104402,14.0,2025-03-03 21:29:32+00:00,541.0,1.366,960.0,1450.0,reapproach,770.0,2025-03-03 16:29:23-05:00
ac384a_20250303_213129,ac384a,ERU887,07L,2025-03-03 21:46:42+00:00,2025-03-03 21:50:44+00:00,go_around,False,False,416.0,2025-03-03 21:49:27+00:00,29.163627,-81.099243,18.0,2025-03-03 21:49:39+00:00,466.0,0.995,1280.0,2000.0,reapproach,718.0,2025-03-03 16:49:27-05:00
ac910f_20250303_213609,ac910f,ERU909,07R,2025-03-03 22:38:39+00:00,2025-03-03 22:40:30+00:00,go_around,False,False,241.0,2025-03-03 22:39:51+00:00,29.173263,-81.063645,13.0,2025-03-03 22:39:57+00:00,266.0,0.294,1024.0,725.0,reapproach,20.0,2025-03-03 17:39:51-05:00
a5d421_20250304_000001,a5d421,ERU475,07L,2025-03-04 00:52:53+00:00,2025-03-04 00:56:52+00:00,go_around,False,False,116.0,2025-03-04 00:56:13+00:00,29.16926,-81.08551,15.0,2025-03-04 00:56:22+00:00,116.0,0.239,1600.0,2500.0,reapproach,1063.0,2025-03-03 19:56:13-05:00
a626d6_20250304_014316,a626d6,ERU496,07L,2025-03-04 02:27:38+00:00,2025-03-04 02:32:13+00:00,go_around,False,False,41.0,2025-03-04 02:30:52+00:00,29.171585,-81.080158,13.0,2025-03-04 02:31:00+00:00,66.0,-0.05,1216.0,1900.0,reapproach,645.0,2025-03-03 21:30:52-05:00
ab113e_20250304_000004,ab113e,ERU812,07L,2025-03-04 00:03:52+00:00,2025-03-04 00:08:33+00:00,go_around,False,False,241.0,2025-03-04 00:06:59+00:00,29.167007,-81.092042,20.0,2025-03-04 00:07:09+00:00,291.0,0.59,1600.0,1650.0,reapproach,780.0,2025-03-03 19:06:59-05:00
ab5c85_20250304_000002,ab5c85,ERU831,07L,2025-03-04 00:00:02+00:00,2025-03-04 00:03:47+00:00,go_around,False,False,91.0,2025-03-04 00:02:29+00:00,29.170284,-81.08271,12.0,2025-03-04 00:02:34+00:00,166.0,0.174,1408.0,1800.0,reapproach,1155.0,2025-03-03 19:02:29-05:00
ab5c85_20250304_041858,ab5c85,ERU831,07L,2025-03-04 04:55:18+00:00,2025-03-04 04:59:04+00:00,go_around,False,False,66.0,2025-03-04 04:58:39+00:00,29.170889,-81.082117,14.0,2025-03-04 04:58:45+00:00,141.0,0.096,1792.0,1825.0,reapproach,793.0,2025-03-03 23:58:39-05:00
ab6f18_20250304_034847,ab6f18,ERU836,07L,2025-03-04 04:03:12+00:00,2025-03-04 04:07:06+00:00,go_around,False,False,116.0,2025-03-04 04:06:35+00:00,29.170578,-81.084595,17.0,2025-03-04 04:06:42+00:00,116.0,0.221,1088.0,2300.0,reapproach,1061.0,2025-03-03 23:06:35-05:00
ac5fc9_20250304_210601,ac5fc9,ERU897,16,2025-03-04 21:24:27+00:00,2025-03-04 21:28:30+00:00,go_around,False,False,241.0,2025-03-04 21:27:43+00:00,29.204779,-81.063053,19.0,2025-03-04 21:27:55+00:00,266.0,0.659,1280.0,1675.0,reapproach,614.0,2025-03-04 16:27:43-05:00
ac770e_20250304_000001,ac770e,ERU902,07L,2025-03-04 00:17:55+00:00,2025-03-04 00:22:40+00:00,go_around,False,False,91.0,2025-03-04 00:21:17+00:00,29.170258,-81.083802,11.0,2025-03-04 00:21:22+00:00,116.0,0.223,1536.0,1825.0,reapproach,956.0,2025-03-03 19:21:17-05:00
ad1c78_20250304_003001,ad1c78,ERU944,07L,2025-03-04 01:22:26+00:00,2025-03-04 01:27:15+00:00,go_around,False,False,66.0,2025-03-04 01:25:49+00:00,29.170944,-81.082007,11.0,2025-03-04 01:25:55+00:00,66.0,0.134,1856.0,2350.0,reapproach,848.0,2025-03-03 20:25:49-05:00
a5d7d8_20250305_002206,a5d7d8,ERU476,16,2025-03-05 00:43:31+00:00,2025-03-05 00:47:09+00:00,go_around,False,False,341.0,2025-03-05 00:47:03+00:00,29.188934,-81.054911,20.0,2025-03-05 00:47:10+00:00,416.0,-0.309,1344.0,1650.0,reapproach,893.0,2025-03-04 19:47:03-05:00
a5f432_20250305_000001,a5f432,ERU483,16,2025-03-05 00:08:44+00:00,2025-03-05 00:12:26+00:00,go_around,False,False,316.0,2025-03-05 00:11:42+00:00,29.210691,-81.065692,15.0,2025-03-05 00:11:52+00:00,366.0,1.039,1152.0,1650.0,reapproach,895.0,2025-03-04 19:11:42-05:00
a626d6_20250305_021542,a626d6,ERU496,16,2025-03-05 02:31:23+00:00,2025-03-05 02:35:44+00:00,go_around,False,False,191.0,2025-03-05 02:34:58+00:00,29.201427,-81.061599,12.0,2025-03-05 02:35:03+00:00,216.0,0.573,1280.0,2350.0,reapproach,3408.0,2025-03-04 21:34:58-05:00
a4b0cc_20250307_143640,a4b0cc,ERU401,07R,2025-03-07 15:14:31+00:00,2025-03-07 15:15:44+00:00,go_around,False,False,141.0,2025-03-07 15:15:19+00:00,29.174103,-81.060192,10.0,2025-03-07 15:15:24+00:00,166.0,0.115,896.0,875.0,reapproach,413.0,2025-03-07 10:15:19-05:00
a54b11_20250307_211633,a54b11,ERU440,07R,2025-03-07 21:19:34+00:00,2025-03-07 21:20:24+00:00,go_around,False,False,66.0,2025-03-07 21:19:58+00:00,29.175032,-81.059445,10.0,2025-03-07 21:20:02+00:00,91.0,0.08,896.0,800.0,reapproach,190.0,2025-03-07 16:19:58-05:00
a61443_20250307_231050,a61443,ERU491,07L,2025-03-07 23:41:07+00:00,2025-03-07 23:44:03+00:00,go_around,False,False,191.0,2025-03-07 23:43:27+00:00,29.168468,-81.087664,13.0,2025-03-07 23:43:34+00:00,216.0,0.398,1344.0,2425.0,leg_end,,2025-03-07 18:43:27-05:00
a6231f_20250307_044130,a6231f,ERU495,25R,2025-03-07 05:32:56+00:00,2025-03-07 05:34:32+00:00,go_around,False,False,166.0,2025-03-07 05:33:39+00:00,29.188067,-81.039465,17.0,2025-03-07 05:33:47+00:00,191.0,0.358,960.0,1700.0,reapproach,689.0,2025-03-07 00:33:39-05:00
a59a0f_20250308_143402,a59a0f,ERU460,25L,2025-03-08 15:05:50+00:00,2025-03-08 15:06:41+00:00,go_around,False,False,66.0,2025-03-08 15:06:15+00:00,29.180851,-81.04485,11.0,2025-03-08 15:06:19+00:00,66.0,0.087,768.0,900.0,reapproach,232.0,2025-03-08 10:06:15-05:00
a5d7d8_20250308_000002,a5d7d8,ERU476,07L,2025-03-08 01:17:45+00:00,2025-03-08 01:20:25+00:00,go_around,False,False,316.0,2025-03-08 01:20:07+00:00,29.171355,-81.080394,12.0,2025-03-08 01:20:14+00:00,341.0,-0.039,896.0,1675.0,reapproach,1386.0,2025-03-07 20:20:07-05:00
ab314f_20250308_000302,ab314f,ERU820,07L,2025-03-08 00:16:01+00:00,2025-03-08 00:19:01+00:00,go_around,False,False,191.0,2025-03-08 00:18:26+00:00,29.168884,-81.086707,13.0,2025-03-08 00:18:33+00:00,216.0,0.329,1344.0,1700.0,reapproach,772.0,2025-03-07 19:18:26-05:00
ab402b_20250308_000001,ab402b,ERU824,07L,2025-03-08 00:49:23+00:00,2025-03-08 00:52:20+00:00,go_around,False,False,266.0,2025-03-08 00:52:04+00:00,29.172379,-81.077971,19.0,2025-03-08 00:52:14+00:00,316.0,-0.244,1152.0,1625.0,reapproach,997.0,2025-03-07 19:52:04-05:00
ab63f3_20250308_013707,ab63f3,ERU833,07L,2025-03-08 01:50:29+00:00,2025-03-08 01:53:58+00:00,go_around,False,False,91.0,2025-03-08 01:52:50+00:00,29.170303,-81.083644,11.0,2025-03-08 01:52:56+00:00,116.0,0.181,1152.0,1900.0,reapproach,682.0,2025-03-07 20:52:50-05:00
ab63f3_20250308_013707,ab63f3,ERU833,07L,2025-03-08 02:05:20+00:00,2025-03-08 02:08:20+00:00,go_around,False,False,166.0,2025-03-08 02:07:31+00:00,29.168289,-81.088451,8.0,2025-03-08 02:07:38+00:00,191.0,0.391,1344.0,1800.0,reapproach,615.0,2025-03-07 21:07:31-05:00
abb6a8_20250308_213309,abb6a8,ERU854,07R,2025-03-08 21:55:14+00:00,2025-03-08 21:55:59+00:00,go_around,False,False,291.0,2025-03-08 21:55:23+00:00,29.172937,-81.064022,9.0,2025-03-08 21:55:29+00:00,316.0,0.292,704.0,650.0,reapproach,240.0,2025-03-08 16:55:23-05:00
abd302_20250308_002302,abd302,ERU861,07L,2025-03-08 01:13:15+00:00,2025-03-08 01:16:50+00:00,go_around,False,False,366.0,2025-03-08 01:15:16+00:00,29.165314,-81.09743,11.0,2025-03-08 01:15:23+00:00,391.0,0.911,1280.0,1525.0,reapproach,910.0,2025-03-07 20:15:16-05:00
ac2d25_20250308_001002,ac2d25,ERU884,07L,2025-03-08 00:23:43+00:00,2025-03-08 00:27:04+00:00,go_around,False,False,116.0,2025-03-08 00:26:15+00:00,29.169912,-81.084972,10.0,2025-03-08 00:26:22+00:00,116.0,0.237,1216.0,1825.0,reapproach,2165.0,2025-03-07 19:26:15-05:00
ac8d58_20250308_163901,ac8d58,ERU908,25L,2025-03-08 16:42:28+00:00,2025-03-08 16:43:58+00:00,go_around,False,False,66.0,2025-03-08 16:43:58+00:00,29.181131,-81.044365,10.0,2025-03-08 16:43:58+00:00,66.0,0.199,1152.0,825.0,reapproach,204.0,2025-03-08 11:43:58-05:00
ad4f1c_20250308_193512,ad4f1c,ERU957,25L,2025-03-08 19:43:14+00:00,2025-03-08 19:44:11+00:00,go_around,False,False,116.0,2025-03-08 19:43:45+00:00,29.181131,-81.044365,10.0,2025-03-08 19:43:50+00:00,116.0,0.103,896.0,800.0,reapproach,331.0,2025-03-08 14:43:45-05:00
ad4f1c_20250308_193512,ad4f1c,ERU957,25L,2025-03-08 19:49:42+00:00,2025-03-08 19:51:12+00:00,go_around,False,False,91.0,2025-03-08 19:51:10+00:00,29.183121,-81.039593,18.0,2025-03-08 19:51:10+00:00,91.0,0.476,832.0,825.0,reapproach,341.0,2025-03-08 14:51:10-05:00
ad8f3e_20250308_133314,ad8f3e,ERU973,25L,2025-03-08 14:58:23+00:00,2025-03-08 15:01:13+00:00,go_around,False,False,116.0,2025-03-08 15:00:38+00:00,29.181969,-81.042211,14.0,2025-03-08 15:00:41+00:00,116.0,0.271,960.0,825.0,reapproach,88.0,2025-03-08 10:00:38-05:00
a4b0cc_20250309_154801,a4b0cc,ERU401,25L,2025-03-09 15:55:30+00:00,2025-03-09 15:56:55+00:00,go_around,False,False,41.0,2025-03-09 15:56:53+00:00,29.181152,-81.044294,6.0,2025-03-09 15:56:53+00:00,41.0,0.203,960.0,925.0,reapproach,183.0,2025-03-09 11:56:53-04:00
a4b0cc_20250309_154801,a4b0cc,ERU401,25L,2025-03-09 15:59:58+00:00,2025-03-09 16:00:38+00:00,go_around,False,False,191.0,2025-03-09 16:00:17+00:00,29.181198,-81.044452,17.0,2025-03-09 16:00:23+00:00,216.0,0.084,1024.0,800.0,reapproach,454.0,2025-03-09 12:00:17-04:00
a5d7d8_20250309_222827,a5d7d8,ERU476,07L,2025-03-09 22:59:31+00:00,2025-03-09 23:03:43+00:00,ga_ambiguous,False,False,116.0,2025-03-09 23:02:21+00:00,29.168518,-81.084912,26.0,2025-03-09 23:02:43+00:00,316.0,-0.07,768.0,1850.0,reapproach,1170.0,2025-03-09 19:02:21-04:00
ab52be_20250309_223802,ab52be,ERU829,07L,2025-03-09 23:46:27+00:00,2025-03-09 23:50:28+00:00,go_around,False,False,116.0,2025-03-09 23:49:09+00:00,29.170563,-81.083679,13.0,2025-03-09 23:49:15+00:00,166.0,0.187,1024.0,1875.0,leg_end,,2025-03-09 19:49:09-04:00
abba5f_20250309_203157,abba5f,ERU855,07L,2025-03-09 20:47:10+00:00,2025-03-09 20:50:25+00:00,go_around,False,False,91.0,2025-03-09 20:50:00+00:00,29.170715,-81.082112,12.0,2025-03-09 20:50:06+00:00,91.0,0.096,1664.0,1425.0,reapproach,707.0,2025-03-09 16:50:00-04:00
abd302_20250309_201536,abd302,ERU861,07R,2025-03-09 20:56:16+00:00,2025-03-09 20:57:06+00:00,go_around,False,False,116.0,2025-03-09 20:56:46+00:00,29.175201,-81.058661,5.0,2025-03-09 20:56:50+00:00,141.0,0.009,1280.0,775.0,reapproach,165.0,2025-03-09 16:56:46-04:00
abd302_20250309_201536,abd302,ERU861,07R,2025-03-09 21:05:11+00:00,2025-03-09 21:06:14+00:00,go_around,False,False,141.0,2025-03-09 21:05:55+00:00,29.175293,-81.058872,10.0,2025-03-09 21:06:00+00:00,141.0,0.01,1088.0,775.0,reapproach,204.0,2025-03-09 17:05:55-04:00
ac770e_20250309_000001,ac770e,ERU902,07L,2025-03-09 00:13:08+00:00,2025-03-09 00:16:55+00:00,go_around,False,False,191.0,2025-03-09 00:15:40+00:00,29.168564,-81.087764,12.0,2025-03-09 00:15:45+00:00,266.0,0.455,896.0,1750.0,reapproach,779.0,2025-03-08 19:15:40-05:00
ac8d58_20250309_125021,ac8d58,ERU908,25L,2025-03-09 14:11:43+00:00,2025-03-09 14:14:04+00:00,go_around,False,False,91.0,2025-03-09 14:14:04+00:00,29.182709,-81.040491,15.0,2025-03-09 14:14:04+00:00,91.0,0.423,896.0,850.0,reapproach,221.0,2025-03-09 10:14:04-04:00
ab0d87_20250310_192402,ab0d87,ERU811,25L,2025-03-10 19:32:25+00:00,2025-03-10 19:33:17+00:00,go_around,False,False,116.0,2025-03-10 19:32:53+00:00,29.180283,-81.046407,8.0,2025-03-10 19:32:57+00:00,116.0,0.012,1088.0,850.0,reapproach,173.0,2025-03-10 15:32:53-04:00
a3526a_20250311_134620,a3526a,ERU313,25R,2025-03-11 14:12:35+00:00,2025-03-11 14:15:50+00:00,go_around,False,False,466.0,2025-03-11 14:14:52+00:00,29.194724,-81.022877,18.0,2025-03-11 14:15:04+00:00,516.0,1.162,1280.0,650.0,leg_end,,2025-03-11 10:14:52-04:00
a6108c_20250311_201523,a6108c,ERU490,07L,2025-03-11 20:33:08+00:00,2025-03-11 20:36:33+00:00,go_around,False,False,216.0,2025-03-11 20:35:44+00:00,29.167537,-81.090249,15.0,2025-03-11 20:35:51+00:00,266.0,0.585,1088.0,1800.0,reapproach,1213.0,2025-03-11 16:35:44-04:00
ab0d87_20250311_195751,ab0d87,ERU811,07L,2025-03-11 21:08:08+00:00,2025-03-11 21:11:30+00:00,go_around,False,False,91.0,2025-03-11 21:11:05+00:00,29.170843,-81.081956,10.0,2025-03-11 21:11:12+00:00,116.0,0.082,1472.0,1825.0,reapproach,1024.0,2025-03-11 17:11:05-04:00
ab2788_20250311_172716,ab2788,ERU818,25L,2025-03-11 17:58:21+00:00,2025-03-11 17:58:56+00:00,go_around,False,False,141.0,2025-03-11 17:58:30+00:00,29.181038,-81.044204,11.0,2025-03-11 17:58:39+00:00,166.0,0.052,1408.0,775.0,reapproach,209.0,2025-03-11 13:58:30-04:00
ab314f_20250311_124720,ab314f,ERU820,25L,2025-03-11 13:37:14+00:00,2025-03-11 13:39:07+00:00,go_around,False,False,41.0,2025-03-11 13:39:07+00:00,29.181107,-81.044505,10.0,2025-03-11 13:39:07+00:00,41.0,0.192,832.0,875.0,reapproach,204.0,2025-03-11 09:39:07-04:00
ab6b61_20250311_225155,ab6b61,ERU835,07L,2025-03-11 23:38:31+00:00,2025-03-11 23:42:06+00:00,go_around,False,False,91.0,2025-03-11 23:41:14+00:00,29.170517,-81.083087,16.0,2025-03-11 23:41:22+00:00,166.0,0.113,1408.0,1825.0,reapproach,800.0,2025-03-11 19:41:14-04:00
ab9e05_20250311_222152,ab9e05,ERU848,07L,2025-03-11 23:01:24+00:00,2025-03-11 23:05:25+00:00,go_around,False,False,91.0,2025-03-11 23:04:12+00:00,29.170144,-81.083625,9.0,2025-03-11 23:04:21+00:00,91.0,0.087,1024.0,1850.0,reapproach,902.0,2025-03-11 19:04:12-04:00
ac05a6_20250311_225658,ac05a6,ERU874,07L,2025-03-11 23:14:12+00:00,2025-03-11 23:18:15+00:00,go_around,False,False,91.0,2025-03-11 23:17:01+00:00,29.170532,-81.08264,13.0,2025-03-11 23:17:13+00:00,216.0,-0.004,1408.0,2350.0,reapproach,886.0,2025-03-11 19:17:01-04:00
ac2d25_20250311_174921,ac2d25,ERU884,25L,2025-03-11 18:16:15+00:00,2025-03-11 18:17:22+00:00,go_around,False,False,41.0,2025-03-11 18:17:22+00:00,29.180466,-81.045931,9.0,2025-03-11 18:17:22+00:00,41.0,0.108,1216.0,875.0,reapproach,204.0,2025-03-11 14:17:22-04:00
a606c5_20250312_163555,a606c5,ERU488,07L,2025-03-12 16:52:19+00:00,2025-03-12 16:56:17+00:00,go_around,False,False,91.0,2025-03-12 16:55:11+00:00,29.170532,-81.08301,16.0,2025-03-12 16:55:19+00:00,166.0,0.085,1472.0,1875.0,reapproach,772.0,2025-03-12 12:55:11-04:00
ab18ac_20250312_123136,ab18ac,ERU814,25L,2025-03-12 12:38:01+00:00,2025-03-12 12:39:52+00:00,go_around,False,False,191.0,2025-03-12 12:39:22+00:00,29.182574,-81.040973,5.0,2025-03-12 12:39:24+00:00,191.0,0.348,768.0,700.0,reapproach,331.0,2025-03-12 08:39:22-04:00
ab87bb_20250312_184233,ab87bb,ERU842,07L,2025-03-12 19:31:30+00:00,2025-03-12 19:34:25+00:00,go_around,False,False,66.0,2025-03-12 19:33:23+00:00,29.173124,-81.076247,8.0,2025-03-12 19:33:28+00:00,91.0,-0.159,960.0,1050.0,reapproach,201.0,2025-03-12 15:33:23-04:00
ab9e05_20250312_170457,ab9e05,ERU848,07R,2025-03-12 17:29:07+00:00,2025-03-12 17:31:13+00:00,go_around,False,False,141.0,2025-03-12 17:30:52+00:00,29.175293,-81.058819,10.0,2025-03-12 17:30:58+00:00,141.0,-0.007,768.0,725.0,reapproach,228.0,2025-03-12 13:30:52-04:00
abba5f_20250312_002918,abba5f,ERU855,07L,2025-03-12 00:48:42+00:00,2025-03-12 00:51:48+00:00,go_around,False,False,91.0,2025-03-12 00:51:13+00:00,29.170144,-81.083302,14.0,2025-03-12 00:51:18+00:00,116.0,0.211,960.0,2000.0,reapproach,2547.0,2025-03-11 20:51:13-04:00
abd302_20250312_000221,abd302,ERU861,07L,2025-03-12 00:16:14+00:00,2025-03-12 00:20:08+00:00,go_around,False,False,91.0,2025-03-12 00:18:59+00:00,29.170074,-81.084172,12.0,2025-03-12 00:19:07+00:00,91.0,0.171,960.0,2325.0,reapproach,1529.0,2025-03-11 20:18:59-04:00
abd302_20250312_141333,abd302,ERU861,25L,2025-03-12 14:47:35+00:00,2025-03-12 14:48:34+00:00,go_around,False,False,41.0,2025-03-12 14:48:33+00:00,29.181177,-81.044365,10.0,2025-03-12 14:48:33+00:00,41.0,0.2,768.0,1825.0,reapproach,4941.0,2025-03-12 10:48:33-04:00
ad4f1c_20250312_161644,ad4f1c,ERU957,25L,2025-03-12 16:29:28+00:00,2025-03-12 16:30:33+00:00,go_around,False,False,66.0,2025-03-12 16:30:08+00:00,29.180665,-81.04555,9.0,2025-03-12 16:30:13+00:00,66.0,0.112,1088.0,1125.0,reapproach,115.0,2025-03-12 12:30:08-04:00
a4e370_20250313_121155,a4e370,ERU414,25L,2025-03-13 13:20:45+00:00,2025-03-13 13:21:26+00:00,go_around,False,False,41.0,2025-03-13 13:20:58+00:00,29.181038,-81.044419,8.0,2025-03-13 13:21:06+00:00,41.0,0.194,896.0,950.0,reapproach,294.0,2025-03-13 09:20:58-04:00
a59a0f_20250313_204912,a59a0f,ERU460,07R,2025-03-13 20:52:55+00:00,2025-03-13 20:53:29+00:00,go_around,False,False,191.0,2025-03-13 20:53:06+00:00,29.174652,-81.060298,8.0,2025-03-13 20:53:12+00:00,191.0,0.068,1408.0,750.0,reapproach,200.0,2025-03-13 16:53:06-04:00
a5f07b_20250313_225001,a5f07b,ERU482,07L,2025-03-13 23:04:02+00:00,2025-03-13 23:07:52+00:00,go_around,False,False,91.0,2025-03-13 23:06:38+00:00,29.170331,-81.083841,10.0,2025-03-13 23:06:45+00:00,141.0,0.174,1280.0,1850.0,reapproach,1020.0,2025-03-13 19:06:38-04:00
a6231f_20250313_204233,a6231f,ERU495,07L,2025-03-13 20:59:21+00:00,2025-03-13 21:02:25+00:00,go_around,False,False,66.0,2025-03-13 21:02:10+00:00,29.17317,-81.076193,20.0,2025-03-13 21:02:18+00:00,166.0,-0.301,1536.0,1875.0,reapproach,2932.0,2025-03-13 17:02:10-04:00
ab2b3f_20250313_181710,ab2b3f,ERU819,07R,2025-03-13 19:33:33+00:00,2025-03-13 19:34:11+00:00,go_around,False,False,91.0,2025-03-13 19:33:48+00:00,29.174881,-81.059559,16.0,2025-03-13 19:33:56+00:00,116.0,0.006,1024.0,800.0,reapproach,291.0,2025-03-13 15:33:48-04:00
ab87bb_20250313_023512,ab87bb,ERU842,16,2025-03-13 03:56:55+00:00,2025-03-13 03:59:13+00:00,go_around,False,False,516.0,2025-03-13 03:58:51+00:00,29.215626,-81.0665,12.0,2025-03-13 03:58:59+00:00,541.0,1.346,832.0,1050.0,reapproach,708.0,2025-03-12 23:58:51-04:00
ac8233_20250313_011136,ac8233,ERU905,16,2025-03-13 01:27:42+00:00,2025-03-13 01:31:08+00:00,go_around,False,False,391.0,2025-03-13 01:29:55+00:00,29.210678,-81.066214,19.0,2025-03-13 01:30:03+00:00,416.0,1.099,896.0,1550.0,reapproach,748.0,2025-03-12 21:29:55-04:00
acf4f9_20250313_003011,acf4f9,ERU934,16,2025-03-13 00:46:44+00:00,2025-03-13 00:47:38+00:00,go_around,False,False,41.0,2025-03-13 00:47:14+00:00,29.193604,-81.057657,2.0,2025-03-13 00:47:16+00:00,41.0,0.133,832.0,1925.0,reapproach,5226.0,2025-03-12 20:47:14-04:00
acf4f9_20250313_201908,acf4f9,ERU934,07L,2025-03-13 21:49:00+00:00,2025-03-13 21:50:03+00:00,go_around,False,False,491.0,2025-03-13 21:49:30+00:00,29.169912,-81.084972,7.0,2025-03-13 21:49:35+00:00,516.0,0.307,1152.0,725.0,reapproach,72.0,2025-03-13 17:49:30-04:00
ad1153_20250313_205237,ad1153,ERU941,07R,2025-03-13 22:00:34+00:00,2025-03-13 22:01:29+00:00,go_around,False,False,66.0,2025-03-13 22:01:12+00:00,29.175963,-81.057021,12.0,2025-03-13 22:01:18+00:00,66.0,-0.094,960.0,850.0,reapproach,214.0,2025-03-13 18:01:12-04:00
a4dfb9_20250314_151902,a4dfb9,ERU413,07L,2025-03-14 16:22:49+00:00,2025-03-14 16:23:51+00:00,go_around,False,False,341.0,2025-03-14 16:23:07+00:00,29.168329,-81.088472,12.0,2025-03-14 16:23:15+00:00,366.0,0.464,1024.0,550.0,reapproach,140.0,2025-03-14 12:23:07-04:00
a5f07b_20250314_010836,a5f07b,ERU482,07L,2025-03-14 01:26:47+00:00,2025-03-14 01:29:53+00:00,go_around,False,False,116.0,2025-03-14 01:29:25+00:00,29.169772,-81.084702,13.0,2025-03-14 01:29:35+00:00,141.0,0.126,1280.0,1825.0,reapproach,6499.0,2025-03-13 21:29:25-04:00
ad1153_20250314_010724,ad1153,ERU941,07L,2025-03-14 01:23:37+00:00,2025-03-14 01:27:02+00:00,go_around,False,False,66.0,2025-03-14 01:26:00+00:00,29.171036,-81.081795,11.0,2025-03-14 01:26:06+00:00,91.0,0.095,1216.0,1900.0,reapproach,832.0,2025-03-13 21:26:00-04:00
ad1153_20250314_010724,ad1153,ERU941,07L,2025-03-14 01:40:54+00:00,2025-03-14 01:43:55+00:00,go_around,False,False,116.0,2025-03-14 01:43:25+00:00,29.169754,-81.085545,13.0,2025-03-14 01:43:30+00:00,116.0,0.304,1152.0,2350.0,reapproach,1130.0,2025-03-13 21:43:25-04:00
ad6b76_20250314_010449,ad6b76,ERU964,07L,2025-03-14 01:21:41+00:00,2025-03-14 01:24:33+00:00,go_around,False,False,91.0,2025-03-14 01:23:54+00:00,29.169818,-81.085133,12.0,2025-03-14 01:24:00+00:00,116.0,0.243,1600.0,1850.0,reapproach,1121.0,2025-03-13 21:23:54-04:00
ad6b76_20250314_115046,ad6b76,ERU964,07L,2025-03-14 12:06:08+00:00,2025-03-14 12:07:54+00:00,go_around,False,False,291.0,2025-03-14 12:06:37+00:00,29.164902,-81.096056,15.0,2025-03-14 12:06:44+00:00,341.0,0.931,1088.0,1625.0,reapproach,1003.0,2025-03-14 08:06:37-04:00
ab0d87_20250315_124111,ab0d87,ERU811,07L,2025-03-15 14:31:48+00:00,2025-03-15 14:34:44+00:00,go_around,False,False,291.0,2025-03-15 14:34:22+00:00,29.165908,-81.094504,15.0,2025-03-15 14:34:30+00:00,316.0,0.784,768.0,525.0,reapproach,5.0,2025-03-15 10:34:22-04:00
ab2788_20250315_154343,ab2788,ERU818,16,2025-03-15 15:54:58+00:00,2025-03-15 15:58:47+00:00,go_around,False,False,241.0,2025-03-15 15:57:49+00:00,29.205505,-81.063467,15.0,2025-03-15 15:57:55+00:00,266.0,0.783,1472.0,1725.0,reapproach,271.0,2025-03-15 11:57:49-04:00
ab314f_20250315_142024,ab314f,ERU820,16,2025-03-15 15:06:48+00:00,2025-03-15 15:11:17+00:00,go_around,False,False,141.0,2025-03-15 15:10:20+00:00,29.198541,-81.059983,10.0,2025-03-15 15:10:24+00:00,166.0,0.412,704.0,750.0,reapproach,26.0,2025-03-15 11:10:20-04:00
ac770e_20250315_010909,ac770e,ERU902,07L,2025-03-15 02:03:09+00:00,2025-03-15 02:06:37+00:00,go_around,False,False,91.0,2025-03-15 02:06:07+00:00,29.171219,-81.08169,8.0,2025-03-15 02:06:12+00:00,116.0,0.22,1152.0,1850.0,reapproach,816.0,2025-03-14 22:06:07-04:00
ad6b76_20250315_010314,ad6b76,ERU964,07L,2025-03-15 02:07:08+00:00,2025-03-15 02:11:19+00:00,go_around,False,False,91.0,2025-03-15 02:10:13+00:00,29.170098,-81.082387,13.0,2025-03-15 02:10:16+00:00,91.0,0.192,1152.0,1850.0,reapproach,806.0,2025-03-14 22:10:13-04:00
a5d421_20250317_130233,a5d421,ERU475,25L,2025-03-17 13:05:47+00:00,2025-03-17 13:06:46+00:00,go_around,False,False,41.0,2025-03-17 13:06:42+00:00,29.178012,-81.051743,9.0,2025-03-17 13:06:42+00:00,41.0,-0.23,1024.0,825.0,reapproach,211.0,2025-03-17 09:06:42-04:00
ab2788_20250317_200130,ab2788,ERU818,25L,2025-03-17 20:24:45+00:00,2025-03-17 20:25:31+00:00,go_around,False,False,116.0,2025-03-17 20:25:12+00:00,29.180786,-81.045086,6.0,2025-03-17 20:25:17+00:00,116.0,0.035,1216.0,800.0,reapproach,266.0,2025-03-17 16:25:12-04:00
abe94c_20250317_203123,abe94c,ERU867,25R,2025-03-17 21:30:24+00:00,2025-03-17 21:31:26+00:00,go_around,False,False,66.0,2025-03-17 21:30:47+00:00,29.186783,-81.042551,14.0,2025-03-17 21:30:55+00:00,116.0,0.161,1216.0,825.0,reapproach,184.0,2025-03-17 17:30:47-04:00
ac1e49_20250317_223631,ac1e49,ERU880,25R,2025-03-17 23:35:48+00:00,2025-03-17 23:37:04+00:00,ga_ambiguous,False,False,241.0,2025-03-17 23:36:00+00:00,29.188672,-81.036556,21.0,2025-03-17 23:36:15+00:00,266.0,0.395,896.0,1700.0,reapproach,881.0,2025-03-17 19:36:00-04:00
a35621_20250318_204946,a35621,ERU314,07L,2025-03-18 21:49:13+00:00,2025-03-18 21:52:15+00:00,go_around,False,False,191.0,2025-03-18 21:51:48+00:00,29.169074,-81.08621,16.0,2025-03-18 21:51:57+00:00,191.0,0.216,1600.0,1400.0,reapproach,63.0,2025-03-18 17:51:48-04:00
a57db5_20250318_012929,a57db5,ERU453,25R,2025-03-18 01:51:22+00:00,2025-03-18 01:53:01+00:00,go_around,False,False,341.0,2025-03-18 01:52:07+00:00,29.190488,-81.032948,11.0,2025-03-18 01:52:15+00:00,341.0,0.691,1088.0,2075.0,reapproach,1214.0,2025-03-17 21:52:07-04:00
abba5f_20250318_143438,abba5f,ERU855,07R,2025-03-18 14:55:19+00:00,2025-03-18 14:56:56+00:00,go_around,False,False,416.0,2025-03-18 14:56:29+00:00,29.174101,-81.061276,11.0,2025-03-18 14:56:35+00:00,416.0,0.161,832.0,500.0,reapproach,136.0,2025-03-18 10:56:29-04:00
ac1482_20250318_003052,ac1482,ERU878,25R,2025-03-18 00:52:16+00:00,2025-03-18 00:53:37+00:00,go_around,False,False,216.0,2025-03-18 00:52:41+00:00,29.188385,-81.038801,15.0,2025-03-18 00:52:46+00:00,241.0,0.451,960.0,1700.0,reapproach,741.0,2025-03-17 20:52:41-04:00
a5c8fc_20250319_122709,a5c8fc,ERU472,25L,2025-03-19 13:40:36+00:00,2025-03-19 13:42:25+00:00,go_around,False,False,191.0,2025-03-19 13:41:58+00:00,29.18127,-81.043935,12.0,2025-03-19 13:42:00+00:00,191.0,0.193,960.0,775.0,reapproach,226.0,2025-03-19 09:41:58-04:00
ab63f3_20250319_103325,ab63f3,ERU833,25L,2025-03-19 11:44:44+00:00,2025-03-19 11:45:56+00:00,go_around,False,False,266.0,2025-03-19 11:45:29+00:00,29.181061,-81.044241,6.0,2025-03-19 11:45:34+00:00,291.0,0.115,768.0,700.0,reapproach,266.0,2025-03-19 07:45:29-04:00
ab6f18_20250319_010216,ab6f18,ERU836,07L,2025-03-19 01:48:17+00:00,2025-03-19 01:52:27+00:00,go_around,False,False,41.0,2025-03-19 01:51:24+00:00,29.172134,-81.078785,18.0,2025-03-19 01:51:35+00:00,116.0,-0.238,1280.0,1850.0,reapproach,688.0,2025-03-18 21:51:24-04:00
ab7686_20250319_003028,ab7686,ERU838,07L,2025-03-19 00:50:29+00:00,2025-03-19 00:54:32+00:00,go_around,False,False,66.0,2025-03-19 00:53:27+00:00,29.171541,-81.079963,16.0,2025-03-19 00:53:33+00:00,91.0,-0.028,1152.0,2350.0,reapproach,2257.0,2025-03-18 20:53:27-04:00
abab83_20250319_004738,abab83,ERU851,07L,2025-03-19 01:28:40+00:00,2025-03-19 01:30:36+00:00,go_around,False,False,166.0,2025-03-19 01:29:06+00:00,29.168934,-81.086641,13.0,2025-03-19 01:29:13+00:00,191.0,0.387,1088.0,1725.0,reapproach,890.0,2025-03-18 21:29:06-04:00
ac2d25_20250319_184233,ac2d25,ERU884,07R,2025-03-19 19:05:31+00:00,2025-03-19 19:06:21+00:00,go_around,False,False,41.0,2025-03-19 19:06:20+00:00,29.178085,-81.051741,9.0,2025-03-19 19:06:20+00:00,41.0,-0.293,832.0,900.0,reapproach,293.0,2025-03-19 15:06:20-04:00
ad67bf_20250319_142752,ad67bf,ERU963,07L,2025-03-19 14:52:01+00:00,2025-03-19 14:53:59+00:00,go_around,False,False,41.0,2025-03-19 14:53:00+00:00,29.172318,-81.078415,11.0,2025-03-19 14:53:01+00:00,41.0,0.014,1280.0,1175.0,reapproach,260.0,2025-03-19 10:53:00-04:00
a59a0f_20250320_013653,a59a0f,ERU460,07L,2025-03-20 02:07:41+00:00,2025-03-20 02:10:35+00:00,go_around,False,False,216.0,2025-03-20 02:09:52+00:00,29.168608,-81.087772,18.0,2025-03-20 02:10:02+00:00,216.0,0.348,1024.0,2225.0,reapproach,886.0,2025-03-19 22:09:52-04:00
a5c8fc_20250320_173522,a5c8fc,ERU472,25L,2025-03-20 17:43:45+00:00,2025-03-20 17:45:35+00:00,go_around,False,False,116.0,2025-03-20 17:45:33+00:00,29.183029,-81.039699,11.0,2025-03-20 17:45:33+00:00,116.0,0.469,1152.0,825.0,reapproach,189.0,2025-03-20 13:45:33-04:00
a5ecc4_20250320_153425,a5ecc4,ERU481,25L,2025-03-20 15:59:27+00:00,2025-03-20 16:00:13+00:00,go_around,False,False,116.0,2025-03-20 15:59:45+00:00,29.180851,-81.044904,5.0,2025-03-20 15:59:48+00:00,116.0,0.069,1344.0,1525.0,reapproach,917.0,2025-03-20 11:59:45-04:00
ab402b_20250320_010706,ab402b,ERU824,07L,2025-03-20 01:22:22+00:00,2025-03-20 01:26:03+00:00,go_around,False,False,91.0,2025-03-20 01:25:20+00:00,29.170517,-81.083033,14.0,2025-03-20 01:25:26+00:00,116.0,0.161,1024.0,2550.0,reapproach,2012.0,2025-03-19 21:25:20-04:00
ab5c85_20250320_024127,ab5c85,ERU831,25R,2025-03-20 03:16:45+00:00,2025-03-20 03:17:41+00:00,go_around,False,False,91.0,2025-03-20 03:17:05+00:00,29.187508,-81.040973,6.0,2025-03-20 03:17:11+00:00,116.0,0.382,960.0,1875.0,reapproach,923.0,2025-03-19 23:17:05-04:00
ab7a3d_20250320_005048,ab7a3d,ERU839,07L,2025-03-20 01:09:08+00:00,2025-03-20 01:10:07+00:00,ga_ambiguous,False,False,191.0,2025-03-20 01:09:27+00:00,29.169022,-81.086972,23.0,2025-03-20 01:09:42+00:00,291.0,0.231,896.0,2225.0,reapproach,1743.0,2025-03-19 21:09:27-04:00
abb6a8_20250320_000002,abb6a8,ERU854,07L,2025-03-20 01:11:50+00:00,2025-03-20 01:14:52+00:00,go_around,False,False,191.0,2025-03-20 01:14:14+00:00,29.168468,-81.089119,16.0,2025-03-20 01:14:20+00:00,216.0,0.489,1024.0,2025.0,reapproach,1686.0,2025-03-19 21:14:14-04:00
ac4d36_20250320_152900,ac4d36,ERU892,25L,2025-03-20 15:37:36+00:00,2025-03-20 15:38:36+00:00,go_around,False,False,91.0,2025-03-20 15:38:33+00:00,29.178223,-81.052058,12.0,2025-03-20 15:38:45+00:00,216.0,-0.435,1152.0,2350.0,reapproach,3066.0,2025-03-20 11:38:33-04:00
ad001e_20250320_123434,ad001e,ERU937,25L,2025-03-20 13:39:47+00:00,2025-03-20 13:42:25+00:00,go_around,False,False,141.0,2025-03-20 13:41:32+00:00,29.184482,-81.036341,5.0,2025-03-20 13:41:37+00:00,141.0,0.575,1152.0,800.0,reapproach,280.0,2025-03-20 09:41:32-04:00
ad8f3e_20250320_031207,ad8f3e,ERU973,25R,2025-03-20 03:29:13+00:00,2025-03-20 03:30:15+00:00,go_around,False,False,141.0,2025-03-20 03:29:37+00:00,29.187653,-81.040861,15.0,2025-03-20 03:29:49+00:00,191.0,0.186,896.0,1900.0,reapproach,667.0,2025-03-19 23:29:37-04:00
a4b83a_20250321_225755,a4b83a,ERU403,07L,2025-03-21 23:15:24+00:00,2025-03-21 23:18:46+00:00,go_around,False,False,216.0,2025-03-21 23:18:02+00:00,29.16774,-81.09088,6.0,2025-03-21 23:18:07+00:00,266.0,0.604,1088.0,1650.0,reapproach,1159.0,2025-03-21 19:18:02-04:00
a4b83a_20250321_225755,a4b83a,ERU403,07L,2025-03-21 23:38:05+00:00,2025-03-21 23:41:56+00:00,go_around,False,False,91.0,2025-03-21 23:40:43+00:00,29.170749,-81.081902,11.0,2025-03-21 23:40:48+00:00,116.0,0.126,1216.0,1775.0,leg_end,,2025-03-21 19:40:43-04:00
a5a17d_20250321_222238,a5a17d,ERU462,07L,2025-03-21 22:43:59+00:00,2025-03-21 22:47:41+00:00,go_around,False,False,166.0,2025-03-21 22:46:45+00:00,29.168468,-81.088149,12.0,2025-03-21 22:46:54+00:00,191.0,0.37,1216.0,2225.0,reapproach,1117.0,2025-03-21 18:46:45-04:00
ab6f18_20250321_201356,ab6f18,ERU836,07L,2025-03-21 21:21:46+00:00,2025-03-21 21:26:00+00:00,go_around,False,False,66.0,2025-03-21 21:24:46+00:00,29.17061,-81.082387,16.0,2025-03-21 21:24:57+00:00,66.0,0.016,1344.0,1150.0,reapproach,143.0,2025-03-21 17:24:46-04:00
a57db5_20250322_150333,a57db5,ERU453,25L,2025-03-22 16:14:06+00:00,2025-03-22 16:14:59+00:00,go_around,False,False,116.0,2025-03-22 16:14:35+00:00,29.180969,-81.044452,8.0,2025-03-22 16:14:43+00:00,191.0,0.033,1152.0,825.0,reapproach,189.0,2025-03-22 12:14:35-04:00
a593ff_20250322_124730,a593ff,ERU459,25L,2025-03-22 13:50:15+00:00,2025-03-22 13:51:22+00:00,go_around,False,False,66.0,2025-03-22 13:51:21+00:00,29.181084,-81.044312,19.0,2025-03-22 13:51:21+00:00,66.0,0.201,1216.0,875.0,reapproach,257.0,2025-03-22 09:51:21-04:00
a5c545_20250322_014442,a5c545,ERU471,07L,2025-03-22 02:00:22+00:00,2025-03-22 02:04:25+00:00,ga_ambiguous,False,False,266.0,2025-03-22 02:02:48+00:00,29.164627,-81.096162,22.0,2025-03-22 02:03:05+00:00,341.0,0.621,1472.0,1575.0,reapproach,1053.0,2025-03-21 22:02:48-04:00
a606c5_20250322_012324,a606c5,ERU488,07L,2025-03-22 02:09:42+00:00,2025-03-22 02:12:46+00:00,ga_ambiguous,False,False,41.0,2025-03-22 02:12:23+00:00,29.170807,-81.081478,28.0,2025-03-22 02:12:48+00:00,416.0,-0.329,1024.0,1875.0,reapproach,800.0,2025-03-21 22:12:23-04:00
ab18ac_20250322_033848,ab18ac,ERU814,07L,2025-03-22 04:04:57+00:00,2025-03-22 04:07:28+00:00,go_around,False,False,666.0,2025-03-22 04:06:53+00:00,29.158739,-81.111791,14.0,2025-03-22 04:06:59+00:00,716.0,1.821,832.0,2200.0,reapproach,620.0,2025-03-22 00:06:53-04:00
ab18ac_20250322_222152,ab18ac,ERU814,07L,2025-03-22 22:59:13+00:00,2025-03-22 23:02:23+00:00,go_around,False,False,116.0,2025-03-22 23:01:51+00:00,29.169446,-81.086103,16.0,2025-03-22 23:02:04+00:00,141.0,0.154,1216.0,1775.0,reapproach,1049.0,2025-03-22 19:01:51-04:00
ab1c63_20250322_160209,ab1c63,ERU815,25L,2025-03-22 16:49:44+00:00,2025-03-22 16:50:27+00:00,go_around,False,False,116.0,2025-03-22 16:50:01+00:00,29.181131,-81.044204,7.0,2025-03-22 16:50:08+00:00,141.0,0.072,1024.0,875.0,reapproach,268.0,2025-03-22 12:50:01-04:00
ab38bd_20250322_231557,ab38bd,ERU822,07L,2025-03-22 23:42:03+00:00,2025-03-22 23:45:49+00:00,ga_ambiguous,False,False,266.0,2025-03-22 23:44:42+00:00,29.170563,-81.083248,26.0,2025-03-22 23:45:00+00:00,366.0,-0.171,832.0,1700.0,leg_end,,2025-03-22 19:44:42-04:00
ab7686_20250322_210542,ab7686,ERU838,07R,2025-03-22 21:25:44+00:00,2025-03-22 21:26:27+00:00,go_around,False,False,216.0,2025-03-22 21:26:00+00:00,29.174567,-81.060576,7.0,2025-03-22 21:26:03+00:00,216.0,0.154,960.0,725.0,reapproach,271.0,2025-03-22 17:26:00-04:00
ab9a4e_20250322_004537,ab9a4e,ERU847,07L,2025-03-22 01:36:29+00:00,2025-03-22 01:40:28+00:00,go_around,False,False,66.0,2025-03-22 01:39:13+00:00,29.171082,-81.081584,11.0,2025-03-22 01:39:17+00:00,116.0,0.144,1536.0,1875.0,reapproach,826.0,2025-03-21 21:39:13-04:00
ab9e05_20250322_232759,ab9e05,ERU848,07L,2025-03-22 23:46:14+00:00,2025-03-22 23:49:55+00:00,go_around,False,False,491.0,2025-03-22 23:48:21+00:00,29.164032,-81.098645,11.0,2025-03-22 23:48:27+00:00,516.0,1.046,1280.0,600.0,reapproach,199.0,2025-03-22 19:48:21-04:00
abab83_20250322_011133,abab83,ERU851,07L,2025-03-22 01:32:00+00:00,2025-03-22 01:36:20+00:00,go_around,False,False,91.0,2025-03-22 01:35:04+00:00,29.171356,-81.082218,15.0,2025-03-22 01:35:10+00:00,116.0,0.087,1472.0,1775.0,reapproach,809.0,2025-03-21 21:35:04-04:00
abaf3a_20250322_221303,abaf3a,ERU852,07L,2025-03-22 22:31:01+00:00,2025-03-22 22:34:19+00:00,go_around,False,False,91.0,2025-03-22 22:33:23+00:00,29.170349,-81.083327,16.0,2025-03-22 22:33:31+00:00,116.0,0.125,1024.0,2350.0,reapproach,1974.0,2025-03-22 18:33:23-04:00
abf0ba_20250322_000001,abf0ba,ERU869,07L,2025-03-22 00:07:36+00:00,2025-03-22 00:11:39+00:00,go_around,False,False,341.0,2025-03-22 00:10:15+00:00,29.168468,-81.088149,10.0,2025-03-22 00:10:20+00:00,366.0,0.459,1216.0,1175.0,reapproach,707.0,2025-03-21 20:10:15-04:00
ac1482_20250322_210754,ac1482,ERU878,07R,2025-03-22 22:06:50+00:00,2025-03-22 22:07:46+00:00,go_around,False,False,91.0,2025-03-22 22:07:05+00:00,29.172821,-81.064524,16.0,2025-03-22 22:07:18+00:00,141.0,0.247,768.0,850.0,reapproach,159.0,2025-03-22 18:07:05-04:00
ac384a_20250322_214734,ac384a,ERU887,07L,2025-03-22 22:03:20+00:00,2025-03-22 22:06:36+00:00,go_around,False,False,241.0,2025-03-22 22:05:47+00:00,29.167025,-81.092619,13.0,2025-03-22 22:05:56+00:00,266.0,0.617,1216.0,1675.0,reapproach,2538.0,2025-03-22 18:05:47-04:00
ac4d36_20250322_210814,ac4d36,ERU892,07R,2025-03-22 21:32:14+00:00,2025-03-22 21:33:08+00:00,go_around,False,False,41.0,2025-03-22 21:32:53+00:00,29.176243,-81.056375,5.0,2025-03-22 21:32:57+00:00,41.0,-0.104,960.0,2025.0,reapproach,2568.0,2025-03-22 17:32:53-04:00
ac8233_20250322_030459,ac8233,ERU905,07L,2025-03-22 03:26:19+00:00,2025-03-22 03:29:21+00:00,go_around,False,False,391.0,2025-03-22 03:28:31+00:00,29.163487,-81.100697,13.0,2025-03-22 03:28:37+00:00,441.0,1.157,1152.0,2000.0,reapproach,1124.0,2025-03-21 23:28:31-04:00
acf4f9_20250322_031606,acf4f9,ERU934,07L,2025-03-22 03:41:46+00:00,2025-03-22 03:44:13+00:00,go_around,False,False,416.0,2025-03-22 03:43:50+00:00,29.162796,-81.102342,15.0,2025-03-22 03:43:59+00:00,441.0,1.186,896.0,1475.0,reapproach,621.0,2025-03-21 23:43:50-04:00
ad03d5_20250322_030407,ad03d5,ERU938,07L,2025-03-22 03:21:25+00:00,2025-03-22 03:24:27+00:00,go_around,False,False,541.0,2025-03-22 03:23:29+00:00,29.161606,-81.104085,11.0,2025-03-22 03:23:35+00:00,591.0,1.37,1088.0,1375.0,reapproach,757.0,2025-03-21 23:23:29-04:00
ad1c78_20250322_004727,ad1c78,ERU944,07L,2025-03-22 01:24:55+00:00,2025-03-22 01:29:03+00:00,go_around,False,False,91.0,2025-03-22 01:27:49+00:00,29.170563,-81.082871,16.0,2025-03-22 01:27:56+00:00,91.0,0.131,1408.0,1775.0,reapproach,898.0,2025-03-21 21:27:49-04:00
ad6b76_20250322_012301,ad6b76,ERU964,07L,2025-03-22 01:41:58+00:00,2025-03-22 01:45:41+00:00,go_around,False,False,91.0,2025-03-22 01:45:04+00:00,29.171029,-81.082117,15.0,2025-03-22 01:45:11+00:00,116.0,0.09,1408.0,1775.0,reapproach,1187.0,2025-03-21 21:45:04-04:00
a4b83a_20250323_223740,a4b83a,ERU403,07L,2025-03-23 22:53:23+00:00,2025-03-23 22:56:26+00:00,go_around,False,False,91.0,2025-03-23 22:56:00+00:00,29.170191,-81.083518,9.0,2025-03-23 22:56:05+00:00,116.0,0.175,960.0,2225.0,reapproach,1522.0,2025-03-23 18:56:00-04:00
a57db5_20250323_000001,a57db5,ERU453,07L,2025-03-23 00:16:14+00:00,2025-03-23 00:19:06+00:00,go_around,False,False,91.0,2025-03-23 00:18:32+00:00,29.169937,-81.084331,14.0,2025-03-23 00:18:41+00:00,91.0,0.144,1088.0,1900.0,reapproach,1202.0,2025-03-22 20:18:32-04:00
a5f07b_20250323_121539,a5f07b,ERU482,07R,2025-03-23 12:35:09+00:00,2025-03-23 12:35:53+00:00,go_around,False,False,91.0,2025-03-23 12:35:32+00:00,29.175568,-81.058132,6.0,2025-03-23 12:35:38+00:00,91.0,-0.026,832.0,825.0,reapproach,157.0,2025-03-23 08:35:32-04:00
a5f432_20250323_010628,a5f432,ERU483,07R,2025-03-23 01:25:39+00:00,2025-03-23 01:26:12+00:00,ga_ambiguous,False,False,166.0,2025-03-23 01:25:50+00:00,29.175079,-81.059606,26.0,2025-03-23 01:26:16+00:00,291.0,-0.345,960.0,850.0,reapproach,210.0,2025-03-22 21:25:50-04:00
a61443_20250323_223339,a61443,ERU491,07L,2025-03-23 23:17:26+00:00,2025-03-23 23:20:58+00:00,go_around,False,False,166.0,2025-03-23 23:20:20+00:00,29.168375,-81.088526,17.0,2025-03-23 23:20:37+00:00,266.0,0.207,1408.0,1775.0,reapproach,711.0,2025-03-23 19:20:20-04:00
ab18ac_20250323_201925,ab18ac,ERU814,07L,2025-03-23 21:06:13+00:00,2025-03-23 21:09:10+00:00,go_around,False,False,141.0,2025-03-23 21:08:32+00:00,29.169342,-81.088398,17.0,2025-03-23 21:08:41+00:00,191.0,0.354,1088.0,2250.0,reapproach,1323.0,2025-03-23 17:08:32-04:00
ab2788_20250323_000001,ab2788,ERU818,07L,2025-03-23 00:32:59+00:00,2025-03-23 00:36:00+00:00,go_around,False,False,191.0,2025-03-23 00:35:26+00:00,29.169113,-81.087024,15.0,2025-03-23 00:35:39+00:00,241.0,0.193,1152.0,1800.0,reapproach,678.0,2025-03-22 20:35:26-04:00
ab9697_20250323_000001,ab9697,ERU846,07L,2025-03-23 00:09:25+00:00,2025-03-23 00:13:09+00:00,go_around,False,False,91.0,2025-03-23 00:12:04+00:00,29.170029,-81.083802,10.0,2025-03-23 00:12:12+00:00,91.0,0.221,1152.0,1800.0,reapproach,1446.0,2025-03-22 20:12:04-04:00
ac4d36_20250323_005910,ac4d36,ERU892,07L,2025-03-23 01:49:47+00:00,2025-03-23 01:53:05+00:00,go_around,False,False,341.0,2025-03-23 01:51:46+00:00,29.166275,-81.093574,14.0,2025-03-23 01:51:52+00:00,366.0,0.748,1280.0,1675.0,reapproach,839.0,2025-03-22 21:51:46-04:00
ac54a4_20250323_175523,ac54a4,ERU894,07L,2025-03-23 18:09:59+00:00,2025-03-23 18:13:29+00:00,go_around,False,False,566.0,2025-03-23 18:11:59+00:00,29.160322,-81.107752,8.0,2025-03-23 18:12:07+00:00,616.0,1.516,1792.0,1350.0,reapproach,924.0,2025-03-23 14:11:59-04:00
ac8233_20250323_222312,ac8233,ERU905,07L,2025-03-23 22:47:42+00:00,2025-03-23 22:50:12+00:00,ga_ambiguous,False,False,316.0,2025-03-23 22:49:28+00:00,29.173868,-81.074847,24.0,2025-03-23 22:49:46+00:00,341.0,-0.628,1152.0,2300.0,reapproach,1126.0,2025-03-23 18:49:28-04:00
ad1153_20250323_203008,ad1153,ERU941,07R,2025-03-23 21:11:47+00:00,2025-03-23 21:12:52+00:00,ga_ambiguous,False,False,316.0,2025-03-23 21:12:08+00:00,29.171401,-81.068492,26.0,2025-03-23 21:12:26+00:00,441.0,0.286,1024.0,575.0,reapproach,203.0,2025-03-23 17:12:08-04:00
ad1153_20250323_203008,ad1153,ERU941,07R,2025-03-23 21:33:17+00:00,2025-03-23 21:34:09+00:00,go_around,False,False,141.0,2025-03-23 21:33:42+00:00,29.174194,-81.061222,11.0,2025-03-23 21:33:50+00:00,191.0,0.061,960.0,775.0,reapproach,179.0,2025-03-23 17:33:42-04:00
ad67bf_20250323_005139,ad67bf,ERU963,07L,2025-03-23 01:34:55+00:00,2025-03-23 01:38:39+00:00,go_around,False,False,91.0,2025-03-23 01:37:32+00:00,29.170051,-81.084272,12.0,2025-03-23 01:37:38+00:00,91.0,0.218,1024.0,1825.0,reapproach,789.0,2025-03-22 21:37:32-04:00
a4b0cc_20250324_220253,a4b0cc,ERU401,07L,2025-03-24 22:20:06+00:00,2025-03-24 22:23:15+00:00,go_around,False,False,291.0,2025-03-24 22:22:15+00:00,29.165256,-81.095419,12.0,2025-03-24 22:22:22+00:00,316.0,0.847,1280.0,1675.0,reapproach,919.0,2025-03-24 18:22:15-04:00
a4b0cc_20250324_220253,a4b0cc,ERU401,07L,2025-03-24 22:38:34+00:00,2025-03-24 22:42:08+00:00,go_around,False,False,241.0,2025-03-24 22:40:30+00:00,29.165489,-81.095043,18.0,2025-03-24 22:40:43+00:00,316.0,0.648,960.0,2225.0,reapproach,887.0,2025-03-24 18:40:30-04:00
a4b83a_20250324_122039,a4b83a,ERU403,25L,2025-03-24 13:39:01+00:00,2025-03-24 13:40:24+00:00,go_around,False,False,116.0,2025-03-24 13:40:24+00:00,29.181224,-81.044312,19.0,2025-03-24 13:40:24+00:00,116.0,0.204,960.0,850.0,reapproach,198.0,2025-03-24 09:40:24-04:00
a5ecc4_20250324_195415,a5ecc4,ERU481,25L,2025-03-24 20:10:24+00:00,2025-03-24 20:11:50+00:00,go_around,False,False,116.0,2025-03-24 20:11:44+00:00,29.183075,-81.039487,17.0,2025-03-24 20:11:44+00:00,116.0,0.48,896.0,825.0,reapproach,176.0,2025-03-24 16:11:44-04:00
a5ecc4_20250324_195415,a5ecc4,ERU481,25L,2025-03-24 20:14:46+00:00,2025-03-24 20:15:44+00:00,go_around,False,False,66.0,2025-03-24 20:15:36+00:00,29.178635,-81.050579,14.0,2025-03-24 20:15:44+00:00,116.0,-0.288,1088.0,875.0,reapproach,294.0,2025-03-24 16:15:36-04:00
a606c5_20250324_200122,a606c5,ERU488,25L,2025-03-24 20:36:07+00:00,2025-03-24 20:38:09+00:00,go_around,False,False,191.0,2025-03-24 20:37:33+00:00,29.183121,-81.039276,15.0,2025-03-24 20:37:38+00:00,191.0,0.374,960.0,750.0,reapproach,188.0,2025-03-24 16:37:33-04:00
a606c5_20250324_225707,a606c5,ERU488,07L,2025-03-24 23:17:31+00:00,2025-03-24 23:21:20+00:00,go_around,False,False,91.0,2025-03-24 23:20:01+00:00,29.169399,-81.085887,10.0,2025-03-24 23:20:08+00:00,141.0,0.251,1088.0,2400.0,reapproach,1057.0,2025-03-24 19:20:01-04:00
ab1c63_20250324_005202,ab1c63,ERU815,07R,2025-03-24 01:04:52+00:00,2025-03-24 01:05:51+00:00,go_around,False,False,41.0,2025-03-24 01:05:34+00:00,29.175705,-81.05771,10.0,2025-03-24 01:05:40+00:00,66.0,-0.079,1024.0,850.0,reapproach,208.0,2025-03-23 21:05:34-04:00
ab2788_20250324_005541,ab2788,ERU818,07L,2025-03-24 01:10:57+00:00,2025-03-24 01:14:22+00:00,go_around,False,False,116.0,2025-03-24 01:13:41+00:00,29.169865,-81.084433,12.0,2025-03-24 01:13:47+00:00,116.0,0.224,1024.0,1800.0,reapproach,1617.0,2025-03-23 21:13:41-04:00
ab2788_20250324_033036,ab2788,ERU818,16,2025-03-24 03:43:17+00:00,2025-03-24 03:47:38+00:00,go_around,False,False,191.0,2025-03-24 03:46:40+00:00,29.202871,-81.061922,14.0,2025-03-24 03:46:45+00:00,191.0,0.658,1088.0,1725.0,reapproach,789.0,2025-03-23 23:46:40-04:00
ab6b61_20250324_224901,ab6b61,ERU835,07L,2025-03-24 23:08:04+00:00,2025-03-24 23:11:57+00:00,go_around,False,False,116.0,2025-03-24 23:10:42+00:00,29.169865,-81.083841,19.0,2025-03-24 23:10:51+00:00,191.0,0.125,1216.0,1800.0,reapproach,737.0,2025-03-24 19:10:42-04:00
ab87bb_20250324_211052,ab87bb,ERU842,07L,2025-03-24 21:23:18+00:00,2025-03-24 21:27:11+00:00,go_around,False,False,141.0,2025-03-24 21:25:48+00:00,29.169159,-81.085757,13.0,2025-03-24 21:25:54+00:00,191.0,0.316,1024.0,1800.0,reapproach,1556.0,2025-03-24 17:25:48-04:00
ab9697_20250324_004148,ab9697,ERU846,07L,2025-03-24 01:30:18+00:00,2025-03-24 01:33:11+00:00,go_around,False,False,91.0,2025-03-24 01:32:47+00:00,29.17061,-81.08271,16.0,2025-03-24 01:32:58+00:00,116.0,0.022,1024.0,1875.0,reapproach,926.0,2025-03-23 21:32:47-04:00
ac3493_20250324_160616,ac3493,ERU886,25L,2025-03-24 16:09:17+00:00,2025-03-24 16:10:23+00:00,go_around,False,False,66.0,2025-03-24 16:10:23+00:00,29.180619,-81.045604,18.0,2025-03-24 16:10:41+00:00,116.0,-0.706,1152.0,825.0,reapproach,205.0,2025-03-24 12:10:23-04:00
ac384a_20250324_211803,ac384a,ERU887,07R,2025-03-24 21:33:29+00:00,2025-03-24 21:34:58+00:00,go_around,False,False,166.0,2025-03-24 21:34:04+00:00,29.170578,-81.070122,20.0,2025-03-24 21:34:19+00:00,191.0,0.519,896.0,850.0,reapproach,333.0,2025-03-24 17:34:04-04:00
ad1c78_20250324_225815,ad1c78,ERU944,07L,2025-03-24 23:22:03+00:00,2025-03-24 23:26:05+00:00,ga_ambiguous,False,False,216.0,2025-03-24 23:24:35+00:00,29.167118,-81.09068,26.0,2025-03-24 23:24:55+00:00,291.0,0.21,1280.0,1800.0,reapproach,883.0,2025-03-24 19:24:35-04:00
a5a17d_20250325_214200,a5a17d,ERU462,07L,2025-03-25 21:57:40+00:00,2025-03-25 22:00:57+00:00,go_around,False,False,116.0,2025-03-25 22:00:27+00:00,29.169167,-81.086426,10.0,2025-03-25 22:00:31+00:00,116.0,0.303,1152.0,2150.0,reapproach,1425.0,2025-03-25 18:00:27-04:00
a5d421_20250325_225555,a5d421,ERU475,07L,2025-03-25 23:25:22+00:00,2025-03-25 23:29:28+00:00,go_around,False,False,66.0,2025-03-25 23:28:20+00:00,29.171494,-81.080475,14.0,2025-03-25 23:28:24+00:00,91.0,0.076,1024.0,2325.0,reapproach,1023.0,2025-03-25 19:28:20-04:00
a61bb1_20250325_155219,a61bb1,ERU493,07L,2025-03-25 16:27:43+00:00,2025-03-25 16:28:56+00:00,go_around,False,False,166.0,2025-03-25 16:28:08+00:00,29.170349,-81.083221,9.0,2025-03-25 16:28:13+00:00,191.0,0.211,1216.0,2275.0,reapproach,1171.0,2025-03-25 12:28:08-04:00
ab14f5_20250325_211816,ab14f5,ERU813,07R,2025-03-25 21:51:41+00:00,2025-03-25 21:52:33+00:00,go_around,False,False,166.0,2025-03-25 21:52:12+00:00,29.175777,-81.057937,11.0,2025-03-25 21:52:20+00:00,191.0,-0.075,1344.0,800.0,reapproach,200.0,2025-03-25 17:52:12-04:00
ab38bd_20250325_213405,ab38bd,ERU822,07L,2025-03-25 21:51:05+00:00,2025-03-25 21:54:58+00:00,go_around,False,False,116.0,2025-03-25 21:53:49+00:00,29.168096,-81.087395,13.0,2025-03-25 21:54:01+00:00,116.0,0.248,1152.0,2325.0,reapproach,1010.0,2025-03-25 17:53:49-04:00
ab5c85_20250325_032546,ab5c85,ERU831,07L,2025-03-25 04:13:34+00:00,2025-03-25 04:16:44+00:00,go_around,False,False,91.0,2025-03-25 04:15:46+00:00,29.171036,-81.082059,10.0,2025-03-25 04:15:52+00:00,91.0,0.078,1344.0,1825.0,reapproach,651.0,2025-03-25 00:15:46-04:00
ab7686_20250325_015136,ab7686,ERU838,07L,2025-03-25 02:07:08+00:00,2025-03-25 02:10:47+00:00,go_around,False,False,116.0,2025-03-25 02:09:35+00:00,29.169983,-81.084648,15.0,2025-03-25 02:09:43+00:00,141.0,0.193,1344.0,1825.0,reapproach,763.0,2025-03-24 22:09:35-04:00
ab9697_20250325_011013,ab9697,ERU846,07L,2025-03-25 01:48:38+00:00,2025-03-25 01:51:54+00:00,go_around,False,False,91.0,2025-03-25 01:51:24+00:00,29.170331,-81.084002,15.0,2025-03-25 01:51:30+00:00,116.0,0.194,1472.0,1900.0,reapproach,1068.0,2025-03-24 21:51:24-04:00
ab9a4e_20250325_144636,ab9a4e,ERU847,07R,2025-03-25 14:54:38+00:00,2025-03-25 14:55:23+00:00,ga_ambiguous,False,False,41.0,2025-03-25 14:55:03+00:00,29.175637,-81.057721,29.0,2025-03-25 14:55:28+00:00,216.0,-0.461,896.0,875.0,reapproach,161.0,2025-03-25 10:55:03-04:00
ab9a4e_20250325_144636,ab9a4e,ERU847,07R,2025-03-25 15:18:35+00:00,2025-03-25 15:19:22+00:00,go_around,False,False,116.0,2025-03-25 15:19:04+00:00,29.175591,-81.057937,14.0,2025-03-25 15:19:15+00:00,166.0,-0.16,1152.0,825.0,reapproach,360.0,2025-03-25 11:19:04-04:00
ac05a6_20250325_005923,ac05a6,ERU874,07L,2025-03-25 01:14:40+00:00,2025-03-25 01:17:59+00:00,go_around,False,False,66.0,2025-03-25 01:17:22+00:00,29.170982,-81.081794,12.0,2025-03-25 01:17:28+00:00,66.0,0.09,1344.0,1900.0,reapproach,923.0,2025-03-24 21:17:22-04:00
ac4d36_20250325_223749,ac4d36,ERU892,07L,2025-03-25 23:27:32+00:00,2025-03-25 23:31:18+00:00,go_around,False,False,91.0,2025-03-25 23:30:04+00:00,29.17061,-81.08271,13.0,2025-03-25 23:30:14+00:00,116.0,0.038,1088.0,1875.0,reapproach,801.0,2025-03-25 19:30:04-04:00
ac8233_20250325_223242,ac8233,ERU905,07L,2025-03-25 23:43:52+00:00,2025-03-25 23:47:06+00:00,go_around,False,False,66.0,2025-03-25 23:46:36+00:00,29.171677,-81.080316,12.0,2025-03-25 23:46:41+00:00,116.0,0.022,896.0,1850.0,leg_end,,2025-03-25 19:46:36-04:00
ad001e_20250325_004011,ad001e,ERU937,07L,2025-03-25 00:58:57+00:00,2025-03-25 01:01:58+00:00,ga_ambiguous,False,False,141.0,2025-03-25 01:01:21+00:00,29.169399,-81.085187,25.0,2025-03-25 01:01:39+00:00,166.0,0.071,1408.0,1875.0,reapproach,1152.0,2025-03-24 21:01:21-04:00
a50381_20250326_214733,a50381,ERU422,07L,2025-03-26 21:58:33+00:00,2025-03-26 22:02:28+00:00,go_around,False,False,391.0,2025-03-26 22:01:03+00:00,29.164032,-81.098697,13.0,2025-03-26 22:01:11+00:00,441.0,1.027,2176.0,1550.0,reapproach,900.0,2025-03-26 18:01:03-04:00
a5c545_20250326_223538,a5c545,ERU471,07L,2025-03-26 22:48:27+00:00,2025-03-26 22:52:30+00:00,go_around,False,False,141.0,2025-03-26 22:51:26+00:00,29.169205,-81.086021,13.0,2025-03-26 22:51:32+00:00,191.0,0.319,1152.0,2000.0,reapproach,1524.0,2025-03-26 18:51:26-04:00
a5d7d8_20250326_201213,a5d7d8,ERU476,07L,2025-03-26 20:27:54+00:00,2025-03-26 20:31:38+00:00,go_around,False,False,116.0,2025-03-26 20:30:58+00:00,29.169865,-81.084379,17.0,2025-03-26 20:31:04+00:00,166.0,0.24,1344.0,1825.0,reapproach,787.0,2025-03-26 16:30:58-04:00
a5ecc4_20250326_225115,a5ecc4,ERU481,07L,2025-03-26 23:06:14+00:00,2025-03-26 23:09:45+00:00,go_around,False,False,241.0,2025-03-26 23:08:41+00:00,29.168655,-81.086695,19.0,2025-03-26 23:08:55+00:00,316.0,0.229,1024.0,1700.0,reapproach,935.0,2025-03-26 19:08:41-04:00
a5f432_20250326_012645,a5f432,ERU483,07L,2025-03-26 01:42:33+00:00,2025-03-26 01:45:34+00:00,go_around,False,False,291.0,2025-03-26 01:44:54+00:00,29.16806,-81.089243,8.0,2025-03-26 01:44:58+00:00,291.0,0.551,1472.0,1975.0,reapproach,1134.0,2025-03-25 21:44:54-04:00
a61bb1_20250326_201900,a61bb1,ERU493,07L,2025-03-26 20:32:57+00:00,2025-03-26 20:36:46+00:00,go_around,False,False,66.0,2025-03-26 20:36:06+00:00,29.171401,-81.080556,12.0,2025-03-26 20:36:07+00:00,66.0,0.05,960.0,2200.0,reapproach,1901.0,2025-03-26 16:36:06-04:00
a61bb1_20250326_223853,a61bb1,ERU493,07L,2025-03-26 22:56:54+00:00,2025-03-26 23:00:34+00:00,ga_ambiguous,False,False,266.0,2025-03-26 22:59:32+00:00,29.169074,-81.087072,29.0,2025-03-26 22:59:52+00:00,416.0,0.024,1408.0,2525.0,reapproach,3317.0,2025-03-26 18:59:32-04:00
ab14f5_20250326_203939,ab14f5,ERU813,07R,2025-03-26 20:58:09+00:00,2025-03-26 20:59:47+00:00,go_around,False,False,191.0,2025-03-26 20:58:59+00:00,29.171448,-81.067798,12.0,2025-03-26 20:59:06+00:00,191.0,0.518,1024.0,725.0,reapproach,196.0,2025-03-26 16:58:59-04:00
ab14f5_20250326_203939,ab14f5,ERU813,07R,2025-03-26 21:03:03+00:00,2025-03-26 21:04:29+00:00,go_around,False,False,241.0,2025-03-26 21:04:01+00:00,29.173775,-81.062407,15.0,2025-03-26 21:04:06+00:00,291.0,0.251,1152.0,675.0,reapproach,180.0,2025-03-26 17:04:01-04:00
ab2b3f_20250326_223106,ab2b3f,ERU819,07L,2025-03-26 23:32:12+00:00,2025-03-26 23:36:14+00:00,go_around,False,False,191.0,2025-03-26 23:34:45+00:00,29.16898,-81.086803,12.0,2025-03-26 23:34:52+00:00,191.0,0.357,1024.0,1825.0,reapproach,666.0,2025-03-26 19:34:45-04:00
ab6f18_20250326_153036,ab6f18,ERU836,07L,2025-03-26 17:02:54+00:00,2025-03-26 17:07:07+00:00,go_around,False,False,91.0,2025-03-26 17:05:38+00:00,29.169586,-81.085079,9.0,2025-03-26 17:05:41+00:00,91.0,0.362,960.0,1925.0,reapproach,898.0,2025-03-26 13:05:38-04:00
abab83_20250326_122438,abab83,ERU851,25L,2025-03-26 13:12:46+00:00,2025-03-26 13:13:47+00:00,go_around,False,False,41.0,2025-03-26 13:13:44+00:00,29.181198,-81.044241,13.0,2025-03-26 13:13:44+00:00,41.0,0.207,832.0,850.0,reapproach,130.0,2025-03-26 09:13:44-04:00
abba5f_20250326_000001,abba5f,ERU855,16,2025-03-26 00:18:25+00:00,2025-03-26 00:21:08+00:00,go_around,False,False,566.0,2025-03-26 00:19:57+00:00,29.214111,-81.067376,11.0,2025-03-26 00:20:05+00:00,566.0,1.322,960.0,1025.0,reapproach,114.0,2025-03-25 20:19:57-04:00
abba5f_20250326_200206,abba5f,ERU855,07L,2025-03-26 20:50:26+00:00,2025-03-26 20:54:32+00:00,go_around,False,False,266.0,2025-03-26 20:53:30+00:00,29.172729,-81.076513,14.0,2025-03-26 20:53:38+00:00,316.0,-0.262,1152.0,1700.0,reapproach,939.0,2025-03-26 16:53:30-04:00
abbe16_20250326_000002,abbe16,ERU856,07L,2025-03-26 02:03:45+00:00,2025-03-26 02:07:59+00:00,go_around,False,False,91.0,2025-03-26 02:06:39+00:00,29.170005,-81.084325,7.0,2025-03-26 02:06:46+00:00,116.0,0.203,960.0,1825.0,reapproach,1408.0,2025-03-25 22:06:39-04:00
abe94c_20250326_034241,abe94c,ERU867,07L,2025-03-26 04:49:10+00:00,2025-03-26 04:52:01+00:00,go_around,False,False,466.0,2025-03-26 04:51:12+00:00,29.165131,-81.097483,6.0,2025-03-26 04:51:17+00:00,516.0,0.952,1280.0,1475.0,reapproach,659.0,2025-03-26 00:51:12-04:00
abf0ba_20250326_013829,abf0ba,ERU869,07L,2025-03-26 02:23:35+00:00,2025-03-26 02:26:35+00:00,go_around,False,False,416.0,2025-03-26 02:25:52+00:00,29.168003,-81.090088,15.0,2025-03-26 02:25:58+00:00,466.0,0.539,1024.0,2025.0,reapproach,1324.0,2025-03-25 22:25:52-04:00
ac3493_20250326_013300,ac3493,ERU886,07R,2025-03-26 02:40:34+00:00,2025-03-26 02:43:10+00:00,go_around,False,False,66.0,2025-03-26 02:42:50+00:00,29.175731,-81.057667,9.0,2025-03-26 02:42:55+00:00,66.0,-0.068,1024.0,975.0,reapproach,227.0,2025-03-25 22:42:50-04:00
ac8233_20250326_025333,ac8233,ERU905,07L,2025-03-26 03:25:37+00:00,2025-03-26 03:28:25+00:00,go_around,False,False,291.0,2025-03-26 03:27:37+00:00,29.165588,-81.095634,9.0,2025-03-26 03:27:42+00:00,341.0,0.865,1024.0,1725.0,reapproach,947.0,2025-03-25 23:27:37-04:00
ac8233_20250326_221902,ac8233,ERU905,07R,2025-03-26 22:36:50+00:00,2025-03-26 22:37:31+00:00,go_around,False,False,66.0,2025-03-26 22:37:14+00:00,29.176254,-81.056337,10.0,2025-03-26 22:37:17+00:00,66.0,-0.088,1216.0,825.0,reapproach,161.0,2025-03-26 18:37:14-04:00
ad03d5_20250326_031033,ad03d5,ERU938,07L,2025-03-26 03:49:22+00:00,2025-03-26 03:52:00+00:00,go_around,False,False,316.0,2025-03-26 03:51:14+00:00,29.165675,-81.094935,10.0,2025-03-26 03:51:19+00:00,391.0,0.832,1216.0,1600.0,reapproach,783.0,2025-03-25 23:51:14-04:00
ad8f3e_20250326_012345,ad8f3e,ERU973,07L,2025-03-26 01:46:12+00:00,2025-03-26 01:49:12+00:00,go_around,False,False,116.0,2025-03-26 01:48:47+00:00,29.170258,-81.083169,12.0,2025-03-26 01:48:54+00:00,141.0,0.151,1152.0,1900.0,reapproach,1443.0,2025-03-25 21:48:47-04:00
a5527f_20250327_015139,a5527f,ERU442,07L,2025-03-27 02:13:19+00:00,2025-03-27 02:16:54+00:00,go_around,False,False,91.0,2025-03-27 02:16:29+00:00,29.170807,-81.082693,7.0,2025-03-27 02:16:36+00:00,91.0,0.161,1088.0,1875.0,reapproach,1667.0,2025-03-26 22:16:29-04:00
a5ecc4_20250327_105121,a5ecc4,ERU481,07L,2025-03-27 11:36:11+00:00,2025-03-27 11:40:02+00:00,go_around,False,False,141.0,2025-03-27 11:38:50+00:00,29.170029,-81.083802,13.0,2025-03-27 11:38:55+00:00,191.0,0.194,1344.0,1825.0,reapproach,658.0,2025-03-27 07:38:50-04:00
ab5c85_20250327_191943,ab5c85,ERU831,07L,2025-03-27 20:20:23+00:00,2025-03-27 20:24:38+00:00,go_around,False,False,141.0,2025-03-27 20:23:29+00:00,29.16898,-81.086264,14.0,2025-03-27 20:23:37+00:00,141.0,0.281,768.0,725.0,reapproach,149.0,2025-03-27 16:23:29-04:00
ab7a3d_20250327_005525,ab7a3d,ERU839,07L,2025-03-27 02:18:10+00:00,2025-03-27 02:22:31+00:00,go_around,False,False,91.0,2025-03-27 02:21:17+00:00,29.170749,-81.081956,13.0,2025-03-27 02:21:25+00:00,91.0,0.039,1280.0,1850.0,reapproach,920.0,2025-03-26 22:21:17-04:00
abab83_20250327_125944,abab83,ERU851,07R,2025-03-27 13:48:02+00:00,2025-03-27 13:49:13+00:00,go_around,False,False,41.0,2025-03-27 13:49:07+00:00,29.174698,-81.059928,6.0,2025-03-27 13:49:07+00:00,41.0,0.182,896.0,900.0,reapproach,209.0,2025-03-27 09:49:07-04:00
ad8f3e_20250327_133729,ad8f3e,ERU973,07R,2025-03-27 13:51:31+00:00,2025-03-27 13:53:10+00:00,go_around,False,False,141.0,2025-03-27 13:52:17+00:00,29.171308,-81.068277,19.0,2025-03-27 13:52:27+00:00,166.0,0.521,960.0,850.0,reapproach,311.0,2025-03-27 09:52:17-04:00
a54b11_20250328_164642,a54b11,ERU440,07R,2025-03-28 16:55:46+00:00,2025-03-28 16:56:29+00:00,go_around,False,False,66.0,2025-03-28 16:56:05+00:00,29.175265,-81.058852,9.0,2025-03-28 16:56:11+00:00,66.0,-0.022,896.0,975.0,reapproach,62.0,2025-03-28 12:56:05-04:00
a5ecc4_20250328_015243,a5ecc4,ERU481,16,2025-03-28 02:21:09+00:00,2025-03-28 02:23:03+00:00,ga_ambiguous,False,False,616.0,2025-03-28 02:22:37+00:00,29.218048,-81.06933,21.0,2025-03-28 02:22:52+00:00,641.0,1.328,1344.0,1350.0,reapproach,803.0,2025-03-27 22:22:37-04:00
ab4799_20250328_000003,ab4799,ERU826,07L,2025-03-28 00:34:23+00:00,2025-03-28 00:38:46+00:00,go_around,False,False,266.0,2025-03-28 00:37:27+00:00,29.170486,-81.083327,11.0,2025-03-28 00:37:34+00:00,266.0,0.141,1152.0,1725.0,reapproach,1784.0,2025-03-27 20:37:27-04:00
ab6f18_20250328_171742,ab6f18,ERU836,07L,2025-03-28 17:33:26+00:00,2025-03-28 17:36:30+00:00,go_around,False,False,116.0,2025-03-28 17:35:56+00:00,29.169213,-81.085887,9.0,2025-03-28 17:36:05+00:00,191.0,0.254,1344.0,1000.0,reapproach,177.0,2025-03-28 13:35:56-04:00
ab9e05_20250328_000001,ab9e05,ERU848,07L,2025-03-28 00:11:40+00:00,2025-03-28 00:15:17+00:00,go_around,False,False,266.0,2025-03-28 00:14:28+00:00,29.166367,-81.092465,13.0,2025-03-28 00:14:33+00:00,266.0,0.685,1280.0,2175.0,reapproach,1696.0,2025-03-27 20:14:28-04:00
abbe16_20250328_013736,abbe16,ERU856,07L,2025-03-28 01:56:54+00:00,2025-03-28 02:00:31+00:00,go_around,False,False,266.0,2025-03-28 01:59:22+00:00,29.165909,-81.093046,12.0,2025-03-28 01:59:27+00:00,291.0,0.784,1216.0,1750.0,reapproach,1608.0,2025-03-27 21:59:22-04:00
ac3493_20250328_144948,ac3493,ERU886,07R,2025-03-28 14:53:03+00:00,2025-03-28 14:54:07+00:00,go_around,False,False,41.0,2025-03-28 14:53:47+00:00,29.1763,-81.056389,10.0,2025-03-28 14:53:51+00:00,41.0,-0.089,1280.0,900.0,reapproach,187.0,2025-03-28 10:53:47-04:00
ac4d36_20250328_011228,ac4d36,ERU892,07L,2025-03-28 01:32:03+00:00,2025-03-28 01:36:37+00:00,go_around,False,False,216.0,2025-03-28 01:34:57+00:00,29.166932,-81.092457,11.0,2025-03-28 01:35:04+00:00,241.0,0.648,1024.0,1700.0,reapproach,1500.0,2025-03-27 21:34:57-04:00
ac4d36_20250328_011228,ac4d36,ERU892,07L,2025-03-28 02:01:37+00:00,2025-03-28 02:05:03+00:00,go_around,False,False,341.0,2025-03-28 02:03:40+00:00,29.162201,-81.101972,11.0,2025-03-28 02:03:48+00:00,341.0,1.227,1280.0,1650.0,reapproach,1103.0,2025-03-27 22:03:40-04:00
ad1153_20250328_121955,ad1153,ERU941,07R,2025-03-28 12:22:19+00:00,2025-03-28 12:23:03+00:00,go_around,False,False,116.0,2025-03-28 12:22:37+00:00,29.174939,-81.059552,6.0,2025-03-28 12:22:43+00:00,116.0,0.042,960.0,825.0,reapproach,149.0,2025-03-28 08:22:37-04:00
a5d7d8_20250329_010916,a5d7d8,ERU476,07L,2025-03-29 02:19:04+00:00,2025-03-29 02:21:13+00:00,go_around,False,False,616.0,2025-03-29 02:21:00+00:00,29.157063,-81.116153,14.0,2025-03-29 02:21:10+00:00,641.0,1.973,896.0,1475.0,reapproach,1179.0,2025-03-28 22:21:00-04:00
ab2b3f_20250329_004305,ab2b3f,ERU819,16,2025-03-29 01:46:42+00:00,2025-03-29 01:50:14+00:00,go_around,False,False,241.0,2025-03-29 01:49:17+00:00,29.203903,-81.06315,12.0,2025-03-29 01:49:26+00:00,241.0,0.643,1408.0,1575.0,reapproach,1343.0,2025-03-28 21:49:17-04:00
ac1482_20250329_135710,ac1482,ERU878,07R,2025-03-29 14:10:10+00:00,2025-03-29 14:10:47+00:00,go_around,False,False,66.0,2025-03-29 14:10:28+00:00,29.175312,-81.058637,12.0,2025-03-29 14:10:30+00:00,66.0,0.062,1088.0,875.0,reapproach,244.0,2025-03-29 10:10:28-04:00
ab2b3f_20250330_024759,ab2b3f,ERU819,16,2025-03-30 03:05:43+00:00,2025-03-30 03:09:59+00:00,go_around,False,False,241.0,2025-03-30 03:08:53+00:00,29.205338,-81.063268,20.0,2025-03-30 03:09:10+00:00,491.0,0.569,1024.0,1725.0,reapproach,980.0,2025-03-29 23:08:53-04:00
ac1482_20250330_004605,ac1482,ERU878,16,2025-03-30 01:04:49+00:00,2025-03-30 01:08:33+00:00,ga_ambiguous,False,False,291.0,2025-03-30 01:07:26+00:00,29.206455,-81.063807,25.0,2025-03-30 01:07:38+00:00,391.0,0.762,1024.0,1700.0,reapproach,833.0,2025-03-29 21:07:26-04:00
ad67bf_20250330_001944,ad67bf,ERU963,16,2025-03-30 00:59:48+00:00,2025-03-30 01:04:08+00:00,ga_ambiguous,False,False,491.0,2025-03-30 01:03:40+00:00,29.193932,-81.058368,22.0,2025-03-30 01:03:52+00:00,566.0,-0.059,1664.0,1450.0,reapproach,849.0,2025-03-29 21:03:40-04:00
a388c5_20250331_181713,a388c5,ERU327,25R,2025-03-31 19:09:30+00:00,2025-03-31 19:12:50+00:00,go_around,False,False,66.0,2025-03-31 19:12:29+00:00,29.185181,-81.046248,2.0,2025-03-31 19:12:29+00:00,66.0,0.091,1216.0,2000.0,reapproach,884.0,2025-03-31 15:12:29-04:00
ab6b61_20250331_181426,ab6b61,ERU835,25R,2025-03-31 19:43:25+00:00,2025-03-31 19:43:47+00:00,ga_ambiguous,False,False,316.0,2025-03-31 19:43:32+00:00,29.19072,-81.033056,28.0,2025-03-31 19:43:55+00:00,241.0,0.38,1216.0,1425.0,reapproach,212.0,2025-03-31 15:43:32-04:00
ab6f18_20250331_203447,ab6f18,ERU836,25L,2025-03-31 21:08:52+00:00,2025-03-31 21:10:09+00:00,go_around,False,False,166.0,2025-03-31 21:09:42+00:00,29.180758,-81.045604,7.0,2025-03-31 21:09:47+00:00,166.0,0.033,896.0,1825.0,reapproach,722.0,2025-03-31 17:09:42-04:00
abd302_20250331_011239,abd302,ERU861,07L,2025-03-31 02:05:05+00:00,2025-03-31 02:05:40+00:00,go_around,False,False,41.0,2025-03-31 02:05:23+00:00,29.172867,-81.077147,11.0,2025-03-31 02:05:29+00:00,66.0,-0.146,768.0,1925.0,reapproach,1127.0,2025-03-30 22:05:23-04:00
acc9c3_20250331_210135,acc9c3,ERU923,34,2025-03-31 21:33:25+00:00,2025-03-31 21:35:51+00:00,go_around,False,False,741.0,2025-03-31 21:35:06+00:00,29.148963,-81.034672,17.0,2025-03-31 21:35:16+00:00,766.0,1.53,704.0,275.0,reapproach,103.0,2025-03-31 17:35:06-04:00
a35621_20250401_231148,a35621,ERU314,07L,2025-04-01 23:32:47+00:00,2025-04-01 23:35:11+00:00,go_around,False,False,766.0,2025-04-01 23:34:15+00:00,29.156113,-81.122677,10.0,2025-04-01 23:34:22+00:00,791.0,2.371,1408.0,850.0,reapproach,318.0,2025-04-01 19:34:15-04:00
ac30dc_20250401_155418,ac30dc,ERU885,25L,2025-04-01 16:15:50+00:00,2025-04-01 16:17:02+00:00,go_around,False,False,66.0,2025-04-01 16:17:02+00:00,29.181922,-81.042373,13.0,2025-04-01 16:17:02+00:00,66.0,0.314,832.0,925.0,reapproach,223.0,2025-04-01 12:17:02-04:00
ac384a_20250401_145202,ac384a,ERU887,25L,2025-04-01 14:54:41+00:00,2025-04-01 14:55:34+00:00,go_around,False,False,66.0,2025-04-01 14:55:11+00:00,29.180619,-81.045766,6.0,2025-04-01 14:55:15+00:00,141.0,0.025,960.0,900.0,reapproach,166.0,2025-04-01 10:55:11-04:00
ac384a_20250401_145202,ac384a,ERU887,25L,2025-04-01 15:02:24+00:00,2025-04-01 15:03:20+00:00,go_around,False,False,191.0,2025-04-01 15:02:58+00:00,29.180712,-81.044904,6.0,2025-04-01 15:03:03+00:00,191.0,0.056,960.0,800.0,reapproach,171.0,2025-04-01 11:02:58-04:00
ac910f_20250401_032205,ac910f,ERU909,25R,2025-04-01 03:39:05+00:00,2025-04-01 03:39:54+00:00,go_around,False,False,41.0,2025-04-01 03:39:25+00:00,29.18573,-81.045667,7.0,2025-04-01 03:39:32+00:00,116.0,0.036,1024.0,1500.0,reapproach,840.0,2025-03-31 23:39:25-04:00
acc9c3_20250401_010956,acc9c3,ERU923,25R,2025-04-01 01:50:38+00:00,2025-04-01 01:51:35+00:00,go_around,False,False,191.0,2025-04-01 01:50:55+00:00,29.187744,-81.040491,15.0,2025-04-01 01:51:07+00:00,191.0,0.204,832.0,2100.0,reapproach,2152.0,2025-03-31 21:50:55-04:00
ad4f1c_20250401_150202,ad4f1c,ERU957,25L,2025-04-01 15:33:42+00:00,2025-04-01 15:35:18+00:00,go_around,False,False,41.0,2025-04-01 15:35:11+00:00,29.179092,-81.04947,12.0,2025-04-01 15:35:17+00:00,91.0,-0.261,1408.0,1025.0,reapproach,228.0,2025-04-01 11:35:11-04:00
ad4f1c_20250401_150202,ad4f1c,ERU957,25L,2025-04-01 15:59:38+00:00,2025-04-01 16:01:04+00:00,go_around,False,False,166.0,2025-04-01 16:00:30+00:00,29.182294,-81.041403,9.0,2025-04-01 16:00:39+00:00,191.0,0.201,1088.0,950.0,reapproach,247.0,2025-04-01 12:00:30-04:00
ad52d3_20250401_200154,ad52d3,ERU958,07R,2025-04-01 20:33:27+00:00,2025-04-01 20:34:31+00:00,go_around,False,False,66.0,2025-04-01 20:34:00+00:00,29.174835,-81.059823,4.0,2025-04-01 20:34:04+00:00,116.0,0.102,768.0,875.0,reapproach,239.0,2025-04-01 16:34:00-04:00
ad52d3_20250401_200154,ad52d3,ERU958,07R,2025-04-01 20:38:30+00:00,2025-04-01 20:39:36+00:00,go_around,False,False,166.0,2025-04-01 20:39:04+00:00,29.174606,-81.060615,12.0,2025-04-01 20:39:08+00:00,166.0,0.129,896.0,775.0,reapproach,306.0,2025-04-01 16:39:04-04:00
ad52d3_20250401_200154,ad52d3,ERU958,07R,2025-04-01 21:03:12+00:00,2025-04-01 21:04:14+00:00,go_around,False,False,66.0,2025-04-01 21:03:43+00:00,29.175064,-81.059294,7.0,2025-04-01 21:03:49+00:00,91.0,0.04,832.0,850.0,reapproach,207.0,2025-04-01 17:03:43-04:00
a364fd_20250402_205554,a364fd,ERU318,07L,2025-04-02 22:20:29+00:00,2025-04-02 22:23:27+00:00,go_around,False,False,141.0,2025-04-02 22:23:17+00:00,29.171127,-81.085123,13.0,2025-04-02 22:23:22+00:00,166.0,0.265,1600.0,1875.0,reapproach,288.0,2025-04-02 18:23:17-04:00
ab5c85_20250402_195832,ab5c85,ERU831,07R,2025-04-02 20:01:15+00:00,2025-04-02 20:02:17+00:00,go_around,False,False,41.0,2025-04-02 20:01:54+00:00,29.175591,-81.058314,9.0,2025-04-02 20:01:59+00:00,41.0,0.006,832.0,900.0,reapproach,200.0,2025-04-02 16:01:54-04:00
abaf3a_20250402_213405,abaf3a,ERU852,07L,2025-04-02 21:48:02+00:00,2025-04-02 21:51:29+00:00,ga_ambiguous,False,False,91.0,2025-04-02 21:50:45+00:00,29.170212,-81.083802,24.0,2025-04-02 21:51:05+00:00,266.0,-0.08,960.0,1925.0,reapproach,795.0,2025-04-02 17:50:45-04:00
abb6a8_20250402_183124,abb6a8,ERU854,16,2025-04-02 18:53:01+00:00,2025-04-02 18:56:07+00:00,ga_ambiguous,False,False,316.0,2025-04-02 18:55:53+00:00,29.20855,-81.064884,22.0,2025-04-02 18:56:05+00:00,341.0,0.956,832.0,600.0,reapproach,152.0,2025-04-02 14:55:53-04:00
ac8233_20250402_121151,ac8233,ERU905,07R,2025-04-02 12:54:57+00:00,2025-04-02 12:55:40+00:00,go_around,False,False,91.0,2025-04-02 12:55:17+00:00,29.174561,-81.06014,10.0,2025-04-02 12:55:22+00:00,116.0,0.052,960.0,825.0,reapproach,176.0,2025-04-02 08:55:17-04:00
a5c545_20250403_001718,a5c545,ERU471,07L,2025-04-03 01:02:50+00:00,2025-04-03 01:05:52+00:00,go_around,False,False,266.0,2025-04-03 01:05:03+00:00,29.166641,-81.092306,2.0,2025-04-03 01:05:05+00:00,266.0,0.767,1024.0,1725.0,reapproach,1142.0,2025-04-02 21:05:03-04:00
a5d421_20250403_225807,a5d421,ERU475,07L,2025-04-03 23:25:22+00:00,2025-04-03 23:29:10+00:00,go_around,False,False,66.0,2025-04-03 23:28:29+00:00,29.170796,-81.082764,14.0,2025-04-03 23:28:37+00:00,91.0,0.051,1024.0,1875.0,reapproach,1454.0,2025-04-03 19:28:29-04:00
a5d7d8_20250403_004405,a5d7d8,ERU476,07L,2025-04-03 01:22:25+00:00,2025-04-03 01:25:34+00:00,go_around,False,False,216.0,2025-04-03 01:24:53+00:00,29.167724,-81.089711,13.0,2025-04-03 01:24:58+00:00,241.0,0.573,1088.0,1775.0,reapproach,835.0,2025-04-02 21:24:53-04:00
a5ecc4_20250403_013731,a5ecc4,ERU481,07L,2025-04-03 02:04:40+00:00,2025-04-03 02:07:48+00:00,go_around,False,False,116.0,2025-04-03 02:07:20+00:00,29.169865,-81.084595,12.0,2025-04-03 02:07:27+00:00,141.0,0.214,960.0,1850.0,reapproach,1212.0,2025-04-02 22:07:20-04:00
a61bb1_20250403_004836,a61bb1,ERU493,07L,2025-04-03 01:31:07+00:00,2025-04-03 01:34:32+00:00,go_around,False,False,91.0,2025-04-03 01:34:03+00:00,29.170303,-81.084225,10.0,2025-04-03 01:34:08+00:00,91.0,0.244,1408.0,1875.0,reapproach,786.0,2025-04-02 21:34:03-04:00
ab2b3f_20250403_232113,ab2b3f,ERU819,07L,2025-04-03 23:40:09+00:00,2025-04-03 23:43:17+00:00,go_around,False,False,91.0,2025-04-03 23:42:46+00:00,29.170144,-81.08411,7.0,2025-04-03 23:42:53+00:00,141.0,0.183,1344.0,1875.0,leg_end,,2025-04-03 19:42:46-04:00
ab38bd_20250403_214239,ab38bd,ERU822,07L,2025-04-03 22:16:13+00:00,2025-04-03 22:20:00+00:00,go_around,False,False,91.0,2025-04-03 22:18:52+00:00,29.169296,-81.085915,12.0,2025-04-03 22:18:58+00:00,141.0,0.302,1408.0,1900.0,reapproach,2652.0,2025-04-03 18:18:52-04:00
abaf3a_20250403_221008,abaf3a,ERU852,07L,2025-04-03 22:24:37+00:00,2025-04-03 22:28:37+00:00,go_around,False,False,216.0,2025-04-03 22:27:03+00:00,29.167557,-81.090405,5.0,2025-04-03 22:27:08+00:00,241.0,0.585,1216.0,2325.0,reapproach,1678.0,2025-04-03 18:27:03-04:00
abb6a8_20250403_004749,abb6a8,ERU854,07L,2025-04-03 01:10:53+00:00,2025-04-03 01:14:21+00:00,go_around,False,False,191.0,2025-04-03 01:13:45+00:00,29.168655,-81.087718,13.0,2025-04-03 01:13:49+00:00,191.0,0.489,1216.0,1775.0,reapproach,1183.0,2025-04-02 21:13:45-04:00
abb6a8_20250403_032430,abb6a8,ERU854,07L,2025-04-03 03:41:33+00:00,2025-04-03 03:44:58+00:00,go_around,False,False,66.0,2025-04-03 03:44:40+00:00,29.171448,-81.080422,12.0,2025-04-03 03:44:43+00:00,66.0,0.039,1024.0,2050.0,reapproach,1116.0,2025-04-02 23:44:40-04:00
abbe16_20250403_122812,abbe16,ERU856,07R,2025-04-03 12:36:18+00:00,2025-04-03 12:36:59+00:00,go_around,False,False,116.0,2025-04-03 12:36:38+00:00,29.175705,-81.057763,8.0,2025-04-03 12:36:42+00:00,116.0,-0.023,768.0,800.0,reapproach,225.0,2025-04-03 08:36:38-04:00
abbe16_20250403_122812,abbe16,ERU856,07R,2025-04-03 13:20:17+00:00,2025-04-03 13:21:12+00:00,ga_ambiguous,False,False,66.0,2025-04-03 13:20:49+00:00,29.175544,-81.058206,28.0,2025-04-03 13:21:13+00:00,191.0,-0.407,960.0,950.0,reapproach,201.0,2025-04-03 09:20:49-04:00
ac1482_20250403_000204,ac1482,ERU878,07L,2025-04-03 00:57:24+00:00,2025-04-03 00:58:43+00:00,go_around,False,False,791.0,2025-04-03 00:58:16+00:00,29.170441,-81.082271,9.0,2025-04-03 00:58:20+00:00,841.0,0.177,1024.0,1200.0,reapproach,910.0,2025-04-02 20:58:16-04:00
ac1482_20250403_031847,ac1482,ERU878,07L,2025-04-03 04:09:14+00:00,2025-04-03 04:12:25+00:00,go_around,False,False,91.0,2025-04-03 04:12:06+00:00,29.171494,-81.080528,9.0,2025-04-03 04:12:13+00:00,116.0,0.027,1152.0,2150.0,reapproach,1177.0,2025-04-03 00:12:06-04:00
ad52d3_20250403_000001,ad52d3,ERU958,07L,2025-04-03 00:43:44+00:00,2025-04-03 00:47:13+00:00,go_around,False,False,416.0,2025-04-03 00:46:18+00:00,29.166467,-81.093481,10.0,2025-04-03 00:46:24+00:00,441.0,0.779,1024.0,1550.0,reapproach,1063.0,2025-04-02 20:46:18-04:00
ad6b76_20250403_020238,ad6b76,ERU964,07L,2025-04-03 02:46:13+00:00,2025-04-03 02:49:44+00:00,go_around,False,False,116.0,2025-04-03 02:48:56+00:00,29.170166,-81.083327,15.0,2025-04-03 02:49:03+00:00,141.0,0.156,1344.0,1475.0,reapproach,609.0,2025-04-02 22:48:56-04:00
a35621_20250404_122958,a35621,ERU314,07L,2025-04-04 12:43:42+00:00,2025-04-04 12:47:11+00:00,go_around,False,False,216.0,2025-04-04 12:46:04+00:00,29.167236,-81.09051,8.0,2025-04-04 12:46:12+00:00,216.0,0.528,1728.0,1800.0,reapproach,544.0,2025-04-04 08:46:04-04:00
a48aab_20250404_201935,a48aab,ERU392,07R,2025-04-04 20:22:53+00:00,2025-04-04 20:23:38+00:00,go_around,False,False,41.0,2025-04-04 20:23:10+00:00,29.17392,-81.061566,4.0,2025-04-04 20:23:14+00:00,41.0,0.165,1088.0,925.0,reapproach,241.0,2025-04-04 16:23:10-04:00
a5c545_20250404_135435,a5c545,ERU471,07R,2025-04-04 14:18:49+00:00,2025-04-04 14:20:31+00:00,go_around,False,False,41.0,2025-04-04 14:20:21+00:00,29.177124,-81.054594,20.0,2025-04-04 14:20:41+00:00,166.0,-0.446,1152.0,875.0,reapproach,214.0,2025-04-04 10:20:21-04:00
a5ecc4_20250404_004547,a5ecc4,ERU481,07L,2025-04-04 01:02:35+00:00,2025-04-04 01:05:25+00:00,go_around,False,False,216.0,2025-04-04 01:04:41+00:00,29.167817,-81.090142,10.0,2025-04-04 01:04:51+00:00,241.0,0.429,1408.0,1775.0,reapproach,2617.0,2025-04-03 21:04:41-04:00
aafc52_20250404_000001,aafc52,ERU807,07L,2025-04-04 00:13:38+00:00,2025-04-04 00:15:27+00:00,go_around,False,False,216.0,2025-04-04 00:14:05+00:00,29.168422,-81.087772,9.0,2025-04-04 00:14:12+00:00,241.0,0.38,896.0,2225.0,reapproach,1335.0,2025-04-03 20:14:05-04:00
aafc52_20250404_000001,aafc52,ERU807,07L,2025-04-04 00:37:42+00:00,2025-04-04 00:40:52+00:00,go_around,False,False,341.0,2025-04-04 00:39:59+00:00,29.165396,-81.09612,18.0,2025-04-04 00:40:07+00:00,391.0,0.811,960.0,1625.0,reapproach,1567.0,2025-04-03 20:39:59-04:00
aafc52_20250404_230528,aafc52,ERU807,07L,2025-04-04 23:20:40+00:00,2025-04-04 23:24:41+00:00,ga_ambiguous,False,False,266.0,2025-04-04 23:23:03+00:00,29.166606,-81.092457,29.0,2025-04-04 23:23:28+00:00,516.0,0.312,960.0,1675.0,reapproach,755.0,2025-04-04 19:23:03-04:00
ab113e_20250404_124344,ab113e,ERU812,07R,2025-04-04 12:53:05+00:00,2025-04-04 12:53:37+00:00,go_around,False,False,91.0,2025-04-04 12:53:23+00:00,29.175963,-81.056967,14.0,2025-04-04 12:53:31+00:00,116.0,-0.166,1280.0,800.0,reapproach,126.0,2025-04-04 08:53:23-04:00
ab1c63_20250404_180300,ab1c63,ERU815,07R,2025-04-04 19:14:40+00:00,2025-04-04 19:18:00+00:00,go_around,False,False,91.0,2025-04-04 19:17:38+00:00,29.1748,-81.060091,8.0,2025-04-04 19:17:46+00:00,91.0,0.01,896.0,875.0,reapproach,137.0,2025-04-04 15:17:38-04:00
ab4799_20250404_223423,ab4799,ERU826,07L,2025-04-04 23:40:54+00:00,2025-04-04 23:44:10+00:00,go_around,False,False,166.0,2025-04-04 23:43:33+00:00,29.168381,-81.087447,9.0,2025-04-04 23:43:40+00:00,191.0,0.375,1088.0,1775.0,leg_end,,2025-04-04 19:43:33-04:00
ab4f07_20250404_180344,ab4f07,ERU828,07R,2025-04-04 19:19:48+00:00,2025-04-04 19:20:51+00:00,go_around,False,False,91.0,2025-04-04 19:20:17+00:00,29.174103,-81.061671,10.0,2025-04-04 19:20:22+00:00,116.0,0.195,896.0,850.0,reapproach,255.0,2025-04-04 15:20:17-04:00
ab63f3_20250404_124725,ab63f3,ERU833,07R,2025-04-04 13:07:43+00:00,2025-04-04 13:08:22+00:00,ga_ambiguous,False,False,216.0,2025-04-04 13:07:57+00:00,29.17511,-81.059083,27.0,2025-04-04 13:08:21+00:00,391.0,-0.27,896.0,750.0,reapproach,260.0,2025-04-04 09:07:57-04:00
ab63f3_20250404_124725,ab63f3,ERU833,07R,2025-04-04 13:20:04+00:00,2025-04-04 13:21:12+00:00,go_around,False,False,66.0,2025-04-04 13:20:45+00:00,29.17452,-81.060683,13.0,2025-04-04 13:20:52+00:00,66.0,0.04,832.0,875.0,reapproach,315.0,2025-04-04 09:20:45-04:00
ab63f3_20250404_124725,ab63f3,ERU833,07R,2025-04-04 13:47:00+00:00,2025-04-04 13:47:56+00:00,go_around,False,False,41.0,2025-04-04 13:47:48+00:00,29.174561,-81.060509,17.0,2025-04-04 13:47:48+00:00,41.0,0.213,1088.0,950.0,reapproach,264.0,2025-04-04 09:47:48-04:00
ab63f3_20250404_222559,ab63f3,ERU833,07L,2025-04-04 23:24:59+00:00,2025-04-04 23:28:31+00:00,go_around,False,False,66.0,2025-04-04 23:27:56+00:00,29.170982,-81.081687,8.0,2025-04-04 23:28:01+00:00,141.0,0.139,1984.0,1925.0,reapproach,1701.0,2025-04-04 19:27:56-04:00
abbe16_20250404_212503,abbe16,ERU856,07R,2025-04-04 21:47:29+00:00,2025-04-04 21:50:54+00:00,go_around,False,False,166.0,2025-04-04 21:50:30+00:00,29.174753,-81.060037,10.0,2025-04-04 21:50:37+00:00,166.0,0.004,1152.0,925.0,reapproach,124.0,2025-04-04 17:50:30-04:00
ac1482_20250404_221701,ac1482,ERU878,07L,2025-04-04 22:31:36+00:00,2025-04-04 22:34:52+00:00,go_around,False,False,116.0,2025-04-04 22:34:24+00:00,29.170441,-81.083538,11.0,2025-04-04 22:34:29+00:00,141.0,0.201,1152.0,1875.0,reapproach,4240.0,2025-04-04 18:34:24-04:00
ac54a4_20250404_204948,ac54a4,ERU894,07R,2025-04-04 21:20:48+00:00,2025-04-04 21:21:41+00:00,ga_ambiguous,False,False,216.0,2025-04-04 21:21:04+00:00,29.173124,-81.06413,26.0,2025-04-04 21:21:26+00:00,391.0,0.015,1024.0,750.0,reapproach,225.0,2025-04-04 17:21:04-04:00
ad03d5_20250404_012853,ad03d5,ERU938,07L,2025-04-04 01:51:46+00:00,2025-04-04 01:54:35+00:00,ga_ambiguous,False,False,466.0,2025-04-04 01:53:53+00:00,29.164232,-81.098974,29.0,2025-04-04 01:54:15+00:00,516.0,0.674,1344.0,1550.0,reapproach,1250.0,2025-04-03 21:53:53-04:00
ad03d5_20250404_203753,ad03d5,ERU938,07L,2025-04-04 21:10:41+00:00,2025-04-04 21:14:01+00:00,go_around,False,False,91.0,2025-04-04 21:13:33+00:00,29.170761,-81.082324,7.0,2025-04-04 21:13:37+00:00,191.0,0.179,1216.0,1875.0,reapproach,655.0,2025-04-04 17:13:33-04:00
ad1153_20250404_000439,ad1153,ERU941,07L,2025-04-04 00:23:01+00:00,2025-04-04 00:26:48+00:00,go_around,False,False,191.0,2025-04-04 00:25:29+00:00,29.16861,-81.089084,12.0,2025-04-04 00:25:41+00:00,241.0,0.326,1024.0,2825.0,reapproach,946.0,2025-04-03 20:25:29-04:00
ad52d3_20250404_202924,ad52d3,ERU958,07R,2025-04-04 20:37:28+00:00,2025-04-04 20:38:52+00:00,go_around,False,False,41.0,2025-04-04 20:38:52+00:00,29.175247,-81.058872,14.0,2025-04-04 20:38:52+00:00,41.0,0.117,896.0,850.0,reapproach,197.0,2025-04-04 16:38:52-04:00
ad52d3_20250404_202924,ad52d3,ERU958,07R,2025-04-04 20:42:09+00:00,2025-04-04 20:43:01+00:00,go_around,False,False,116.0,2025-04-04 20:42:24+00:00,29.172455,-81.06558,12.0,2025-04-04 20:42:30+00:00,141.0,0.353,1024.0,800.0,reapproach,294.0,2025-04-04 16:42:24-04:00
a35621_20250405_124555,a35621,ERU314,16,2025-04-05 15:05:31+00:00,2025-04-05 15:08:13+00:00,ga_ambiguous,False,False,541.0,2025-04-05 15:07:36+00:00,29.216812,-81.06896,22.0,2025-04-05 15:07:45+00:00,566.0,1.481,1408.0,1500.0,reapproach,652.0,2025-04-05 11:07:36-04:00
a4dfb9_20250405_000004,a4dfb9,ERU413,07L,2025-04-05 00:07:11+00:00,2025-04-05 00:10:29+00:00,go_around,False,False,141.0,2025-04-05 00:09:57+00:00,29.169983,-81.084278,14.0,2025-04-05 00:10:06+00:00,166.0,0.146,1216.0,825.0,reapproach,252.0,2025-04-04 20:09:57-04:00
ab2b3f_20250405_011918,ab2b3f,ERU819,07L,2025-04-05 01:43:18+00:00,2025-04-05 01:47:41+00:00,go_around,False,False,141.0,2025-04-05 01:46:15+00:00,29.169434,-81.085598,14.0,2025-04-05 01:46:21+00:00,166.0,0.355,1536.0,1825.0,reapproach,1042.0,2025-04-04 21:46:15-04:00
ab87bb_20250405_030348,ab87bb,ERU842,07L,2025-04-05 03:52:45+00:00,2025-04-05 03:56:07+00:00,go_around,False,False,41.0,2025-04-05 03:55:44+00:00,29.170853,-81.082059,13.0,2025-04-05 03:55:51+00:00,91.0,0.037,896.0,1875.0,reapproach,894.0,2025-04-04 23:55:44-04:00
ab87bb_20250405_030348,ab87bb,ERU842,07L,2025-04-05 04:11:01+00:00,2025-04-05 04:14:32+00:00,go_around,False,False,66.0,2025-04-05 04:14:00+00:00,29.170656,-81.081956,9.0,2025-04-05 04:14:06+00:00,91.0,0.091,1024.0,1450.0,reapproach,924.0,2025-04-05 00:14:00-04:00
abaf3a_20250405_022551,abaf3a,ERU852,07L,2025-04-05 04:05:02+00:00,2025-04-05 04:08:35+00:00,go_around,False,False,66.0,2025-04-05 04:08:01+00:00,29.170532,-81.083116,11.0,2025-04-05 04:08:08+00:00,116.0,0.101,1600.0,2325.0,reapproach,1486.0,2025-04-05 00:08:01-04:00
ac30dc_20250405_010710,ac30dc,ERU885,07L,2025-04-05 01:37:55+00:00,2025-04-05 01:41:23+00:00,go_around,False,False,116.0,2025-04-05 01:40:57+00:00,29.170898,-81.082799,7.0,2025-04-05 01:41:01+00:00,141.0,0.17,1280.0,1975.0,reapproach,802.0,2025-04-04 21:40:57-04:00
ac910f_20250405_031805,ac910f,ERU909,07L,2025-04-05 03:39:53+00:00,2025-04-05 03:43:32+00:00,go_around,False,False,91.0,2025-04-05 03:43:02+00:00,29.173356,-81.077917,12.0,2025-04-05 03:43:08+00:00,116.0,-0.16,1344.0,1850.0,reapproach,983.0,2025-04-04 23:43:02-04:00
ad03d5_20250405_033941,ad03d5,ERU938,07L,2025-04-05 04:48:44+00:00,2025-04-05 04:52:09+00:00,go_around,False,False,41.0,2025-04-05 04:51:50+00:00,29.172006,-81.079532,14.0,2025-04-05 04:51:56+00:00,66.0,-0.04,1024.0,1900.0,reapproach,734.0,2025-04-05 00:51:50-04:00
ad4f1c_20250405_024545,ad4f1c,ERU957,07L,2025-04-05 03:02:48+00:00,2025-04-05 03:05:50+00:00,go_around,False,False,141.0,2025-04-05 03:05:20+00:00,29.169446,-81.085672,18.0,2025-04-05 03:05:26+00:00,141.0,0.274,1088.0,1800.0,reapproach,812.0,2025-04-04 23:05:20-04:00
a3526a_20250406_205827,a3526a,ERU313,16,2025-04-06 21:53:58+00:00,2025-04-06 21:56:33+00:00,go_around,False,False,316.0,2025-04-06 21:56:16+00:00,29.206036,-81.063484,12.0,2025-04-06 21:56:24+00:00,341.0,0.797,896.0,725.0,reapproach,239.0,2025-04-06 17:56:16-04:00
a5d7d8_20250406_011344,a5d7d8,ERU476,07L,2025-04-06 02:04:26+00:00,2025-04-06 02:06:45+00:00,go_around,False,False,466.0,2025-04-06 02:06:26+00:00,29.163953,-81.098758,6.0,2025-04-06 02:06:32+00:00,516.0,1.083,832.0,1050.0,reapproach,1397.0,2025-04-05 22:06:26-04:00
a61443_20250406_153421,a61443,ERU491,16,2025-04-06 16:44:17+00:00,2025-04-06 16:46:02+00:00,ga_ambiguous,False,False,741.0,2025-04-06 16:45:41+00:00,29.229309,-81.074823,23.0,2025-04-06 16:45:55+00:00,791.0,2.257,1088.0,825.0,reapproach,237.0,2025-04-06 12:45:41-04:00
a6231f_20250406_004703,a6231f,ERU495,16,2025-04-06 01:15:33+00:00,2025-04-06 01:19:32+00:00,go_around,False,False,266.0,2025-04-06 01:18:49+00:00,29.205571,-81.063376,19.0,2025-04-06 01:19:01+00:00,291.0,0.72,1216.0,1700.0,reapproach,948.0,2025-04-05 21:18:49-04:00
ab14f5_20250406_012623,ab14f5,ERU813,07L,2025-04-06 04:59:35+00:00,2025-04-06 05:02:47+00:00,go_around,False,False,91.0,2025-04-06 05:02:22+00:00,29.17012,-81.083274,16.0,2025-04-06 05:02:34+00:00,116.0,0.015,1664.0,1425.0,reapproach,660.0,2025-04-06 01:02:22-04:00
ab1c63_20250406_031604,ab1c63,ERU815,07L,2025-04-06 03:42:55+00:00,2025-04-06 03:47:00+00:00,go_around,False,False,91.0,2025-04-06 03:45:46+00:00,29.170331,-81.084002,11.0,2025-04-06 03:45:53+00:00,91.0,0.167,1088.0,1850.0,reapproach,658.0,2025-04-05 23:45:46-04:00
ab87bb_20250406_221745,ab87bb,ERU842,16,2025-04-06 23:09:49+00:00,2025-04-06 23:13:26+00:00,go_around,False,False,166.0,2025-04-06 23:12:42+00:00,29.200424,-81.060826,10.0,2025-04-06 23:12:46+00:00,191.0,0.506,1536.0,1800.0,reapproach,889.0,2025-04-06 19:12:42-04:00
ac05a6_20250406_120958,ac05a6,ERU874,25L,2025-04-06 12:46:24+00:00,2025-04-06 12:49:01+00:00,go_around,False,False,116.0,2025-04-06 12:48:55+00:00,29.182481,-81.041242,19.0,2025-04-06 12:48:55+00:00,116.0,0.382,1088.0,875.0,reapproach,278.0,2025-04-06 08:48:55-04:00
ac1482_20250406_005912,ac1482,ERU878,16,2025-04-06 01:51:53+00:00,2025-04-06 01:55:42+00:00,go_around,False,False,266.0,2025-04-06 01:55:00+00:00,29.205198,-81.063484,19.0,2025-04-06 01:55:07+00:00,291.0,0.778,1280.0,1700.0,reapproach,1202.0,2025-04-05 21:55:00-04:00
ad4f1c_20250406_224131,ad4f1c,ERU957,16,2025-04-06 23:07:20+00:00,2025-04-06 23:10:20+00:00,go_around,False,False,266.0,2025-04-06 23:10:02+00:00,29.205617,-81.063322,12.0,2025-04-06 23:10:10+00:00,291.0,0.741,1536.0,1700.0,reapproach,842.0,2025-04-06 19:10:02-04:00
a5d7d8_20250407_005855,a5d7d8,ERU476,16,2025-04-07 01:12:42+00:00,2025-04-07 01:16:46+00:00,go_around,False,False,241.0,2025-04-07 01:15:43+00:00,29.204221,-81.062514,13.0,2025-04-07 01:15:50+00:00,316.0,0.707,1280.0,1750.0,reapproach,678.0,2025-04-06 21:15:43-04:00
a5f07b_20250407_004701,a5f07b,ERU482,16,2025-04-07 01:50:22+00:00,2025-04-07 01:54:13+00:00,go_around,False,False,216.0,2025-04-07 01:53:11+00:00,29.204681,-81.06315,15.0,2025-04-07 01:53:19+00:00,266.0,0.731,1216.0,1800.0,reapproach,935.0,2025-04-06 21:53:11-04:00
ab63f3_20250407_030643,ab63f3,ERU833,16,2025-04-07 03:20:39+00:00,2025-04-07 03:24:27+00:00,go_around,False,False,216.0,2025-04-07 03:23:37+00:00,29.202312,-81.061814,12.0,2025-04-07 03:23:42+00:00,241.0,0.623,1536.0,1750.0,reapproach,653.0,2025-04-06 23:23:37-04:00
ab6b61_20250407_030117,ab6b61,ERU835,16,2025-04-07 04:02:01+00:00,2025-04-07 04:05:25+00:00,go_around,False,False,191.0,2025-04-07 04:04:32+00:00,29.204407,-81.062837,15.0,2025-04-07 04:04:43+00:00,241.0,0.611,1088.0,1775.0,reapproach,752.0,2025-04-07 00:04:32-04:00
ab6b61_20250407_200802,ab6b61,ERU835,25L,2025-04-07 20:16:39+00:00,2025-04-07 20:18:06+00:00,go_around,False,False,41.0,2025-04-07 20:18:05+00:00,29.181596,-81.043073,12.0,2025-04-07 20:18:05+00:00,41.0,0.272,960.0,900.0,reapproach,187.0,2025-04-07 16:18:05-04:00
abd302_20250407_010941,abd302,ERU861,16,2025-04-07 02:01:56+00:00,2025-04-07 02:05:33+00:00,go_around,False,False,266.0,2025-04-07 02:04:45+00:00,29.205002,-81.063097,12.0,2025-04-07 02:04:55+00:00,291.0,0.617,1280.0,1350.0,reapproach,874.0,2025-04-06 22:04:45-04:00
a6231f_20250408_131257,a6231f,ERU495,25L,2025-04-08 13:16:36+00:00,2025-04-08 13:17:42+00:00,go_around,False,False,66.0,2025-04-08 13:17:42+00:00,29.181875,-81.042588,12.0,2025-04-08 13:17:42+00:00,66.0,0.302,768.0,850.0,reapproach,238.0,2025-04-08 09:17:42-04:00
ab2b3f_20250408_125046,ab2b3f,ERU819,25R,2025-04-08 14:10:28+00:00,2025-04-08 14:11:21+00:00,go_around,False,False,166.0,2025-04-08 14:10:39+00:00,29.187369,-81.041188,8.0,2025-04-08 14:10:41+00:00,166.0,0.371,960.0,2600.0,reapproach,704.0,2025-04-08 10:10:39-04:00
abf0ba_20250408_173930,abf0ba,ERU869,25L,2025-04-08 18:13:22+00:00,2025-04-08 18:14:05+00:00,go_around,False,False,191.0,2025-04-08 18:13:34+00:00,29.182341,-81.041242,7.0,2025-04-08 18:13:41+00:00,191.0,0.213,896.0,725.0,reapproach,926.0,2025-04-08 14:13:34-04:00
ac3493_20250408_222102,ac3493,ERU886,07L,2025-04-08 23:01:14+00:00,2025-04-08 23:05:01+00:00,go_around,False,False,116.0,2025-04-08 23:04:04+00:00,29.169167,-81.08621,12.0,2025-04-08 23:04:12+00:00,141.0,0.301,1216.0,1900.0,reapproach,1051.0,2025-04-08 19:04:04-04:00
ad1153_20250408_150628,ad1153,ERU941,25L,2025-04-08 15:19:58+00:00,2025-04-08 15:21:19+00:00,go_around,False,False,41.0,2025-04-08 15:21:19+00:00,29.181596,-81.043073,7.0,2025-04-08 15:21:19+00:00,41.0,0.272,896.0,900.0,reapproach,202.0,2025-04-08 11:21:19-04:00
ad52d3_20250408_190034,ad52d3,ERU958,34,2025-04-08 19:20:00+00:00,2025-04-08 19:22:46+00:00,ga_ambiguous,False,False,716.0,2025-04-08 19:22:03+00:00,29.149841,-81.036794,28.0,2025-04-08 19:22:26+00:00,766.0,1.102,704.0,275.0,reapproach,89.0,2025-04-08 15:22:03-04:00
a5d421_20250409_031054,a5d421,ERU475,07L,2025-04-09 04:20:18+00:00,2025-04-09 04:24:39+00:00,ga_ambiguous,False,False,266.0,2025-04-09 04:23:00+00:00,29.167491,-81.089495,27.0,2025-04-09 04:23:22+00:00,291.0,0.163,1280.0,2150.0,reapproach,1261.0,2025-04-09 00:23:00-04:00
a5ecc4_20250409_005408,a5ecc4,ERU481,07L,2025-04-09 01:14:12+00:00,2025-04-09 01:17:21+00:00,go_around,False,False,141.0,2025-04-09 01:16:47+00:00,29.169571,-81.084595,11.0,2025-04-09 01:16:52+00:00,141.0,0.298,1472.0,2150.0,reapproach,1462.0,2025-04-08 21:16:47-04:00
a626d6_20250409_030558,a626d6,ERU496,07L,2025-04-09 04:08:32+00:00,2025-04-09 04:12:32+00:00,go_around,False,False,116.0,2025-04-09 04:11:47+00:00,29.169388,-81.08544,14.0,2025-04-09 04:11:57+00:00,116.0,0.21,1600.0,2275.0,reapproach,1724.0,2025-04-09 00:11:47-04:00
ab2b3f_20250409_011949,ab2b3f,ERU819,07L,2025-04-09 01:36:34+00:00,2025-04-09 01:40:27+00:00,go_around,False,False,91.0,2025-04-09 01:39:35+00:00,29.169493,-81.084864,13.0,2025-04-09 01:39:45+00:00,141.0,0.155,1280.0,1850.0,reapproach,1730.0,2025-04-08 21:39:35-04:00
ab4799_20250409_034655,ab4799,ERU826,07L,2025-04-09 04:03:53+00:00,2025-04-09 04:05:51+00:00,go_around,False,False,191.0,2025-04-09 04:04:16+00:00,29.169446,-81.085187,10.0,2025-04-09 04:04:20+00:00,216.0,0.358,1088.0,2250.0,reapproach,1490.0,2025-04-09 00:04:16-04:00
abbe16_20250409_031322,abbe16,ERU856,07L,2025-04-09 04:27:24+00:00,2025-04-09 04:31:35+00:00,ga_ambiguous,False,False,191.0,2025-04-09 04:30:40+00:00,29.170377,-81.081687,22.0,2025-04-09 04:30:57+00:00,266.0,-0.141,1728.0,2200.0,reapproach,1025.0,2025-04-09 00:30:40-04:00
abd302_20250409_002023,abd302,ERU861,07L,2025-04-09 00:47:18+00:00,2025-04-09 00:50:58+00:00,go_around,False,False,91.0,2025-04-09 00:50:28+00:00,29.17012,-81.083644,16.0,2025-04-09 00:50:35+00:00,141.0,0.156,1024.0,1875.0,reapproach,1087.0,2025-04-08 20:50:28-04:00
abd302_20250409_031616,abd302,ERU861,07L,2025-04-09 03:30:41+00:00,2025-04-09 03:34:27+00:00,go_around,False,False,241.0,2025-04-09 03:33:05+00:00,29.169074,-81.087557,12.0,2025-04-09 03:33:11+00:00,291.0,0.405,1280.0,1700.0,reapproach,855.0,2025-04-08 23:33:05-04:00
abd302_20250409_031616,abd302,ERU861,07L,2025-04-09 03:48:42+00:00,2025-04-09 03:52:36+00:00,go_around,False,False,91.0,2025-04-09 03:51:41+00:00,29.170212,-81.083908,14.0,2025-04-09 03:51:48+00:00,141.0,0.163,1024.0,2325.0,reapproach,1169.0,2025-04-08 23:51:41-04:00
a57db5_20250410_011152,a57db5,ERU453,34,2025-04-10 02:02:48+00:00,2025-04-10 02:05:51+00:00,ga_ambiguous,False,False,266.0,2025-04-10 02:05:19+00:00,29.169067,-81.045878,27.0,2025-04-10 02:05:39+00:00,366.0,-0.052,1344.0,1675.0,reapproach,900.0,2025-04-09 22:05:19-04:00
a5b059_20250410_105845,a5b059,ERU466,07R,2025-04-10 11:24:03+00:00,2025-04-10 11:26:59+00:00,go_around,False,False,166.0,2025-04-10 11:26:14+00:00,29.172239,-81.066123,14.0,2025-04-10 11:26:19+00:00,191.0,0.463,1344.0,875.0,reapproach,271.0,2025-04-10 07:26:14-04:00
ab7a3d_20250410_215056,ab7a3d,ERU839,07R,2025-04-10 22:13:57+00:00,2025-04-10 22:15:24+00:00,go_around,False,False,41.0,2025-04-10 22:15:20+00:00,29.175405,-81.05826,7.0,2025-04-10 22:15:27+00:00,91.0,-0.661,832.0,900.0,reapproach,180.0,2025-04-10 18:15:20-04:00
ab87bb_20250410_021333,ab87bb,ERU842,07L,2025-04-10 02:23:25+00:00,2025-04-10 02:27:33+00:00,go_around,False,False,91.0,2025-04-10 02:26:21+00:00,29.170715,-81.082324,7.0,2025-04-10 02:26:26+00:00,91.0,0.159,1280.0,1825.0,reapproach,958.0,2025-04-09 22:26:21-04:00
ac1482_20250410_005709,ac1482,ERU878,34,2025-04-10 01:15:25+00:00,2025-04-10 01:19:17+00:00,go_around,False,False,241.0,2025-04-10 01:18:39+00:00,29.168839,-81.046776,12.0,2025-04-10 01:18:44+00:00,241.0,0.299,1408.0,1325.0,reapproach,649.0,2025-04-09 21:18:39-04:00
ac4d36_20250410_214643,ac4d36,ERU892,07R,2025-04-10 22:30:05+00:00,2025-04-10 22:31:56+00:00,go_around,False,False,41.0,2025-04-10 22:31:26+00:00,29.173874,-81.062305,15.0,2025-04-10 22:31:34+00:00,66.0,0.148,960.0,900.0,reapproach,1475.0,2025-04-10 18:31:26-04:00
acc9c3_20250410_210110,acc9c3,ERU923,07R,2025-04-10 21:51:06+00:00,2025-04-10 21:52:09+00:00,go_around,False,False,41.0,2025-04-10 21:51:47+00:00,29.175824,-81.057506,9.0,2025-04-10 21:51:51+00:00,66.0,-0.031,832.0,900.0,reapproach,204.0,2025-04-10 17:51:47-04:00
acc9c3_20250410_210110,acc9c3,ERU923,07R,2025-04-10 22:00:41+00:00,2025-04-10 22:01:54+00:00,go_around,False,False,41.0,2025-04-10 22:01:51+00:00,29.174706,-81.060091,12.0,2025-04-10 22:01:51+00:00,41.0,0.189,768.0,875.0,reapproach,235.0,2025-04-10 18:01:51-04:00
acf4f9_20250410_154021,acf4f9,ERU934,07R,2025-04-10 16:10:56+00:00,2025-04-10 16:12:03+00:00,go_around,False,False,241.0,2025-04-10 16:11:41+00:00,29.1748,-81.060037,9.0,2025-04-10 16:11:45+00:00,266.0,0.096,1024.0,725.0,reapproach,323.0,2025-04-10 12:11:41-04:00
a4b0cc_20250411_105325,a4b0cc,ERU401,25R,2025-04-11 11:59:16+00:00,2025-04-11 12:00:38+00:00,go_around,False,False,141.0,2025-04-11 11:59:52+00:00,29.18802,-81.039626,20.0,2025-04-11 12:00:06+00:00,191.0,0.294,1024.0,1875.0,reapproach,924.0,2025-04-11 07:59:52-04:00
abaf3a_20250411_131243,abaf3a,ERU852,25R,2025-04-11 14:04:48+00:00,2025-04-11 14:06:27+00:00,go_around,False,False,166.0,2025-04-11 14:06:08+00:00,29.194153,-81.025754,16.0,2025-04-11 14:06:24+00:00,191.0,0.896,1216.0,1275.0,reapproach,404.0,2025-04-11 10:06:08-04:00
abf0ba_20250411_200602,abf0ba,ERU869,25R,2025-04-11 21:17:00+00:00,2025-04-11 21:20:35+00:00,go_around,False,False,191.0,2025-04-11 21:19:28+00:00,29.190216,-81.034417,11.0,2025-04-11 21:19:39+00:00,241.0,0.617,1088.0,1850.0,reapproach,644.0,2025-04-11 17:19:28-04:00
a4e370_20250412_214632,a4e370,ERU414,07R,2025-04-12 22:40:20+00:00,2025-04-12 22:41:26+00:00,go_around,False,False,41.0,2025-04-12 22:41:06+00:00,29.175751,-81.057551,7.0,2025-04-12 22:41:12+00:00,41.0,-0.084,1088.0,925.0,reapproach,340.0,2025-04-12 18:41:06-04:00
abd302_20250412_225454,abd302,ERU861,07L,2025-04-12 23:42:41+00:00,2025-04-12 23:46:25+00:00,go_around,False,False,66.0,2025-04-12 23:45:42+00:00,29.170982,-81.08271,7.0,2025-04-12 23:45:48+00:00,91.0,0.133,1600.0,1825.0,leg_end,,2025-04-12 19:45:42-04:00
abf0ba_20250412_224608,abf0ba,ERU869,07L,2025-04-12 23:28:21+00:00,2025-04-12 23:32:07+00:00,go_around,False,False,91.0,2025-04-12 23:31:13+00:00,29.170331,-81.083787,13.0,2025-04-12 23:31:21+00:00,116.0,0.143,960.0,2350.0,reapproach,803.0,2025-04-12 19:31:13-04:00
ac3493_20250412_145445,ac3493,ERU886,25L,2025-04-12 15:10:56+00:00,2025-04-12 15:11:51+00:00,go_around,False,False,41.0,2025-04-12 15:11:51+00:00,29.181839,-81.042657,10.0,2025-04-12 15:12:01+00:00,41.0,-0.679,1344.0,925.0,reapproach,202.0,2025-04-12 11:11:51-04:00
ac910f_20250412_221621,ac910f,ERU909,07L,2025-04-12 23:18:52+00:00,2025-04-12 23:22:40+00:00,go_around,False,False,291.0,2025-04-12 23:22:03+00:00,29.171448,-81.08169,13.0,2025-04-12 23:22:11+00:00,316.0,0.017,1408.0,650.0,reapproach,125.0,2025-04-12 19:22:03-04:00
a50381_20250413_172547,a50381,ERU422,25L,2025-04-13 17:39:59+00:00,2025-04-13 17:40:30+00:00,go_around,False,False,41.0,2025-04-13 17:40:14+00:00,29.180106,-81.046681,8.0,2025-04-13 17:40:18+00:00,41.0,-0.046,960.0,1425.0,reapproach,4486.0,2025-04-13 13:40:14-04:00
a57290_20250413_030716,a57290,ERU450,07L,2025-04-13 03:23:38+00:00,2025-04-13 03:27:00+00:00,go_around,False,False,91.0,2025-04-13 03:26:31+00:00,29.170212,-81.083697,13.0,2025-04-13 03:26:37+00:00,91.0,0.193,1344.0,1875.0,reapproach,796.0,2025-04-12 23:26:31-04:00
a5ecc4_20250413_161810,a5ecc4,ERU481,25L,2025-04-13 16:56:15+00:00,2025-04-13 16:56:41+00:00,go_around,False,False,41.0,2025-04-13 16:56:25+00:00,29.17992,-81.047327,6.0,2025-04-13 16:56:31+00:00,66.0,-0.007,1472.0,1875.0,reapproach,915.0,2025-04-13 12:56:25-04:00
ab63f3_20250413_000001,ab63f3,ERU833,07L,2025-04-13 00:24:49+00:00,2025-04-13 00:28:10+00:00,go_around,False,False,316.0,2025-04-13 00:27:06+00:00,29.164719,-81.097166,16.0,2025-04-13 00:27:17+00:00,366.0,0.877,1024.0,1825.0,reapproach,1222.0,2025-04-12 20:27:06-04:00
ab6f18_20250413_222848,ab6f18,ERU836,07L,2025-04-13 23:22:21+00:00,2025-04-13 23:25:49+00:00,go_around,False,False,91.0,2025-04-13 23:25:24+00:00,29.171265,-81.082324,17.0,2025-04-13 23:25:35+00:00,166.0,-0.018,1152.0,1825.0,reapproach,775.0,2025-04-13 19:25:24-04:00
ac1e49_20250413_004214,ac1e49,ERU880,07L,2025-04-13 00:57:54+00:00,2025-04-13 01:01:36+00:00,go_around,False,False,366.0,2025-04-13 01:00:02+00:00,29.164884,-81.09655,10.0,2025-04-13 01:00:07+00:00,416.0,0.966,1280.0,1550.0,reapproach,1011.0,2025-04-12 21:00:02-04:00
ac4d36_20250413_004505,ac4d36,ERU892,07L,2025-04-13 00:59:47+00:00,2025-04-13 01:03:14+00:00,go_around,False,False,391.0,2025-04-13 01:01:58+00:00,29.162613,-81.102289,16.0,2025-04-13 01:02:09+00:00,441.0,1.146,1152.0,1525.0,reapproach,2997.0,2025-04-12 21:01:58-04:00
ad001e_20250413_173239,ad001e,ERU937,25L,2025-04-13 17:36:58+00:00,2025-04-13 17:37:36+00:00,ga_ambiguous,False,False,241.0,2025-04-13 17:37:11+00:00,29.182526,-81.041019,29.0,2025-04-13 17:37:34+00:00,291.0,-0.238,1152.0,725.0,reapproach,298.0,2025-04-13 13:37:11-04:00
ad1153_20250413_024812,ad1153,ERU941,07L,2025-04-13 03:37:36+00:00,2025-04-13 03:41:45+00:00,go_around,False,False,91.0,2025-04-13 03:40:37+00:00,29.170424,-81.083195,17.0,2025-04-13 03:40:45+00:00,116.0,0.104,768.0,1825.0,reapproach,710.0,2025-04-12 23:40:37-04:00
ad1153_20250413_202955,ad1153,ERU941,07L,2025-04-13 21:34:49+00:00,2025-04-13 21:38:24+00:00,go_around,False,False,116.0,2025-04-13 21:37:47+00:00,29.170005,-81.084056,18.0,2025-04-13 21:37:54+00:00,141.0,0.225,1024.0,500.0,reapproach,90.0,2025-04-13 17:37:47-04:00
ad67bf_20250413_002954,ad67bf,ERU963,07L,2025-04-13 00:55:08+00:00,2025-04-13 00:58:38+00:00,go_around,False,False,341.0,2025-04-13 00:57:38+00:00,29.164698,-81.097035,11.0,2025-04-13 00:57:43+00:00,391.0,0.999,1088.0,1575.0,reapproach,1385.0,2025-04-12 20:57:38-04:00
a4e370_20250414_011608,a4e370,ERU414,07L,2025-04-14 01:29:29+00:00,2025-04-14 01:32:39+00:00,go_around,False,False,266.0,2025-04-14 01:31:34+00:00,29.164536,-81.097588,12.0,2025-04-14 01:31:43+00:00,316.0,0.909,1536.0,1675.0,reapproach,1221.0,2025-04-13 21:31:34-04:00
a4e370_20250414_225931,a4e370,ERU414,07L,2025-04-14 23:56:22+00:00,2025-04-14 23:59:32+00:00,go_around,False,False,241.0,2025-04-14 23:58:56+00:00,29.173031,-81.077432,13.0,2025-04-14 23:59:03+00:00,266.0,-0.233,1024.0,662.5,leg_end,,2025-04-14 19:58:56-04:00
a50381_20250414_230115,a50381,ERU422,07L,2025-04-14 23:26:04+00:00,2025-04-14 23:29:45+00:00,go_around,False,False,91.0,2025-04-14 23:28:30+00:00,29.170191,-81.084056,15.0,2025-04-14 23:28:40+00:00,116.0,0.077,1344.0,2400.0,reapproach,1152.0,2025-04-14 19:28:30-04:00
a55636_20250414_223606,a55636,ERU443,07L,2025-04-14 22:54:56+00:00,2025-04-14 22:57:50+00:00,go_around,False,False,116.0,2025-04-14 22:57:23+00:00,29.170424,-81.083625,17.0,2025-04-14 22:57:33+00:00,116.0,0.095,896.0,1825.0,reapproach,1005.0,2025-04-14 18:57:23-04:00
a59a0f_20250414_230654,a59a0f,ERU460,07L,2025-04-14 23:51:49+00:00,2025-04-14 23:54:17+00:00,go_around,False,False,116.0,2025-04-14 23:53:44+00:00,29.169725,-81.086641,10.0,2025-04-14 23:53:49+00:00,141.0,0.336,960.0,1825.0,leg_end,,2025-04-14 19:53:44-04:00
a5b059_20250414_005337,a5b059,ERU466,07L,2025-04-14 01:12:30+00:00,2025-04-14 01:16:07+00:00,go_around,False,False,166.0,2025-04-14 01:15:23+00:00,29.168106,-81.08882,11.0,2025-04-14 01:15:29+00:00,241.0,0.47,1536.0,1800.0,reapproach,2976.0,2025-04-13 21:15:23-04:00
ab1c63_20250414_012802,ab1c63,ERU815,07L,2025-04-14 05:02:22+00:00,2025-04-14 05:05:34+00:00,go_around,False,False,91.0,2025-04-14 05:05:11+00:00,29.170563,-81.082871,14.0,2025-04-14 05:05:19+00:00,116.0,0.071,1024.0,1800.0,reapproach,866.0,2025-04-14 01:05:11-04:00
ab52be_20250414_184006,ab52be,ERU829,07R,2025-04-14 19:05:52+00:00,2025-04-14 19:06:42+00:00,go_around,False,False,41.0,2025-04-14 19:06:13+00:00,29.174561,-81.060668,9.0,2025-04-14 19:06:18+00:00,41.0,0.149,1024.0,825.0,reapproach,143.0,2025-04-14 15:06:13-04:00
abd302_20250414_210643,abd302,ERU861,07L,2025-04-14 21:22:23+00:00,2025-04-14 21:25:32+00:00,ga_ambiguous,False,False,91.0,2025-04-14 21:25:07+00:00,29.170441,-81.082957,28.0,2025-04-14 21:25:32+00:00,366.0,-0.282,832.0,1825.0,reapproach,2725.0,2025-04-14 17:25:07-04:00
abe94c_20250414_004350,abe94c,ERU867,07R,2025-04-14 01:25:25+00:00,2025-04-14 01:26:46+00:00,go_around,False,False,91.0,2025-04-14 01:26:06+00:00,29.173124,-81.064076,14.0,2025-04-14 01:26:13+00:00,116.0,0.302,1024.0,875.0,reapproach,171.0,2025-04-13 21:26:06-04:00
ac1e49_20250414_162712,ac1e49,ERU880,25L,2025-04-14 16:37:13+00:00,2025-04-14 16:39:38+00:00,go_around,False,False,66.0,2025-04-14 16:38:56+00:00,29.180878,-81.044928,14.0,2025-04-14 16:38:56+00:00,66.0,0.166,1024.0,850.0,reapproach,152.0,2025-04-14 12:38:56-04:00
ac1e49_20250414_162712,ac1e49,ERU880,25L,2025-04-14 16:50:09+00:00,2025-04-14 16:50:34+00:00,ga_ambiguous,False,False,116.0,2025-04-14 16:50:11+00:00,29.180712,-81.045389,27.0,2025-04-14 16:50:38+00:00,341.0,-0.351,832.0,925.0,reapproach,270.0,2025-04-14 12:50:11-04:00
ac54a4_20250414_001447,ac54a4,ERU894,07L,2025-04-14 00:27:10+00:00,2025-04-14 00:30:50+00:00,go_around,False,False,91.0,2025-04-14 00:30:17+00:00,29.170166,-81.083802,14.0,2025-04-14 00:30:23+00:00,116.0,0.219,1216.0,1800.0,reapproach,954.0,2025-04-13 20:30:17-04:00
ac54a4_20250414_001447,ac54a4,ERU894,07L,2025-04-14 01:15:13+00:00,2025-04-14 01:18:55+00:00,go_around,False,False,291.0,2025-04-14 01:17:51+00:00,29.165349,-81.095689,20.0,2025-04-14 01:18:04+00:00,316.0,0.741,896.0,1625.0,reapproach,1000.0,2025-04-13 21:17:51-04:00
ac8d58_20250414_155153,ac8d58,ERU908,25L,2025-04-14 16:03:10+00:00,2025-04-14 16:05:09+00:00,go_around,False,False,291.0,2025-04-14 16:05:07+00:00,29.185879,-81.032787,19.0,2025-04-14 16:05:26+00:00,141.0,-0.765,1152.0,675.0,reapproach,297.0,2025-04-14 12:05:07-04:00
acc9c3_20250414_222001,acc9c3,ERU923,07L,2025-04-14 22:40:12+00:00,2025-04-14 22:43:22+00:00,go_around,False,False,141.0,2025-04-14 22:42:46+00:00,29.169074,-81.088257,14.0,2025-04-14 22:42:52+00:00,141.0,0.401,960.0,1825.0,reapproach,1037.0,2025-04-14 18:42:46-04:00
acf4f9_20250414_175840,acf4f9,ERU934,25L,2025-04-14 18:02:35+00:00,2025-04-14 18:03:34+00:00,go_around,False,False,66.0,2025-04-14 18:03:31+00:00,29.177948,-81.052111,10.0,2025-04-14 18:03:31+00:00,66.0,-0.249,1280.0,925.0,reapproach,234.0,2025-04-14 14:03:31-04:00
a4b0cc_20250415_030216,a4b0cc,ERU401,16,2025-04-15 03:59:32+00:00,2025-04-15 04:03:02+00:00,ga_ambiguous,False,False,166.0,2025-04-15 04:01:55+00:00,29.199783,-81.061143,23.0,2025-04-15 04:02:12+00:00,241.0,0.119,1280.0,1775.0,reapproach,915.0,2025-04-15 00:01:55-04:00
ab4f07_20250415_000008,ab4f07,ERU828,07R,2025-04-15 00:10:17+00:00,2025-04-15 00:11:23+00:00,go_around,False,False,416.0,2025-04-15 00:10:28+00:00,29.16791,-81.075278,14.0,2025-04-15 00:10:37+00:00,441.0,0.849,896.0,1550.0,reapproach,730.0,2025-04-14 20:10:28-04:00
ab63f3_20250415_002850,ab63f3,ERU833,07L,2025-04-15 01:21:54+00:00,2025-04-15 01:23:18+00:00,go_around,False,False,716.0,2025-04-15 01:23:10+00:00,29.156891,-81.117026,15.0,2025-04-15 01:23:16+00:00,741.0,2.098,1024.0,1225.0,reapproach,1372.0,2025-04-14 21:23:10-04:00
abba5f_20250415_150704,abba5f,ERU855,25L,2025-04-15 16:50:07+00:00,2025-04-15 16:51:05+00:00,go_around,False,False,66.0,2025-04-15 16:50:21+00:00,29.182205,-81.041072,15.0,2025-04-15 16:50:31+00:00,66.0,0.349,1152.0,950.0,reapproach,165.0,2025-04-15 12:50:21-04:00
ac05a6_20250415_122533,ac05a6,ERU874,25R,2025-04-15 12:48:35+00:00,2025-04-15 12:51:11+00:00,go_around,False,False,216.0,2025-04-15 12:50:51+00:00,29.188751,-81.038008,7.0,2025-04-15 12:50:58+00:00,216.0,0.41,1024.0,800.0,reapproach,183.0,2025-04-15 08:50:51-04:00
ac770e_20250415_174716,ac770e,ERU902,25L,2025-04-15 19:13:50+00:00,2025-04-15 19:14:59+00:00,go_around,False,False,366.0,2025-04-15 19:14:20+00:00,29.183132,-81.039195,12.0,2025-04-15 19:14:30+00:00,366.0,0.334,896.0,625.0,reapproach,253.0,2025-04-15 15:14:20-04:00
ac8d58_20250415_001908,ac8d58,ERU908,07L,2025-04-15 01:23:58+00:00,2025-04-15 01:25:47+00:00,go_around,False,False,566.0,2025-04-15 01:25:35+00:00,29.16088,-81.107806,11.0,2025-04-15 01:25:41+00:00,591.0,1.556,1280.0,1400.0,reapproach,963.0,2025-04-14 21:25:35-04:00
ad4f1c_20250415_203747,ad4f1c,ERU957,25L,2025-04-15 21:30:40+00:00,2025-04-15 21:31:18+00:00,go_around,False,False,191.0,2025-04-15 21:30:51+00:00,29.181152,-81.044188,5.0,2025-04-15 21:30:55+00:00,216.0,0.11,1856.0,775.0,reapproach,193.0,2025-04-15 17:30:51-04:00
a593ff_20250416_212934,a593ff,ERU459,07L,2025-04-16 22:10:34+00:00,2025-04-16 22:12:28+00:00,go_around,False,False,791.0,2025-04-16 22:11:27+00:00,29.15712,-81.117184,8.0,2025-04-16 22:11:32+00:00,816.0,2.143,1216.0,1125.0,reapproach,2092.0,2025-04-16 18:11:27-04:00
a5b059_20250416_025755,a5b059,ERU466,16,2025-04-16 03:51:20+00:00,2025-04-16 03:55:30+00:00,go_around,False,False,441.0,2025-04-16 03:54:36+00:00,29.188705,-81.038008,7.0,2025-04-16 03:54:42+00:00,491.0,-0.507,1728.0,1575.0,reapproach,763.0,2025-04-15 23:54:36-04:00
a5b7c7_20250416_210253,a5b7c7,ERU468,07L,2025-04-16 21:19:28+00:00,2025-04-16 21:23:54+00:00,ga_ambiguous,False,False,316.0,2025-04-16 21:22:05+00:00,29.166321,-81.092993,23.0,2025-04-16 21:22:18+00:00,341.0,0.569,1216.0,1575.0,reapproach,1076.0,2025-04-16 17:22:05-04:00
aafc52_20250416_123645,aafc52,ERU807,25L,2025-04-16 12:41:10+00:00,2025-04-16 12:42:39+00:00,go_around,False,False,241.0,2025-04-16 12:42:12+00:00,29.18155,-81.042965,13.0,2025-04-16 12:42:20+00:00,266.0,0.107,832.0,700.0,reapproach,263.0,2025-04-16 08:42:12-04:00
aafc52_20250416_223625,aafc52,ERU807,07L,2025-04-16 22:50:05+00:00,2025-04-16 22:53:36+00:00,go_around,False,False,91.0,2025-04-16 22:53:11+00:00,29.17067,-81.082112,14.0,2025-04-16 22:53:17+00:00,91.0,0.099,1344.0,1800.0,reapproach,1134.0,2025-04-16 18:53:11-04:00
ab402b_20250416_230155,ab402b,ERU824,07L,2025-04-16 23:22:04+00:00,2025-04-16 23:25:19+00:00,go_around,False,False,141.0,2025-04-16 23:24:41+00:00,29.16925,-81.086338,15.0,2025-04-16 23:24:49+00:00,166.0,0.275,1152.0,1775.0,reapproach,944.0,2025-04-16 19:24:41-04:00
abab83_20250416_181845,abab83,ERU851,07R,2025-04-16 19:06:52+00:00,2025-04-16 19:08:05+00:00,go_around,False,False,516.0,2025-04-16 19:07:28+00:00,29.172501,-81.064207,17.0,2025-04-16 19:07:42+00:00,566.0,0.146,960.0,475.0,reapproach,309.0,2025-04-16 15:07:28-04:00
abb6a8_20250416_223518,abb6a8,ERU854,07L,2025-04-16 23:17:26+00:00,2025-04-16 23:21:29+00:00,ga_ambiguous,False,False,266.0,2025-04-16 23:20:14+00:00,29.170098,-81.082871,28.0,2025-04-16 23:20:31+00:00,316.0,-0.121,1088.0,1675.0,reapproach,1586.0,2025-04-16 19:20:14-04:00
abbe16_20250416_201559,abbe16,ERU856,07R,2025-04-16 20:49:43+00:00,2025-04-16 20:51:13+00:00,go_around,False,False,41.0,2025-04-16 20:51:10+00:00,29.177965,-81.05212,14.0,2025-04-16 20:51:10+00:00,41.0,-0.272,1024.0,800.0,reapproach,190.0,2025-04-16 16:51:10-04:00
ac1482_20250416_204234,ac1482,ERU878,07L,2025-04-16 20:57:02+00:00,2025-04-16 21:01:28+00:00,go_around,False,False,91.0,2025-04-16 21:00:08+00:00,29.170486,-81.082852,9.0,2025-04-16 21:00:16+00:00,141.0,0.093,1472.0,1825.0,reapproach,817.0,2025-04-16 17:00:08-04:00
ac8233_20250416_221601,ac8233,ERU905,07L,2025-04-16 22:39:44+00:00,2025-04-16 22:43:14+00:00,ga_ambiguous,False,False,191.0,2025-04-16 22:42:26+00:00,29.166962,-81.091725,25.0,2025-04-16 22:42:47+00:00,316.0,0.29,1088.0,1875.0,reapproach,1910.0,2025-04-16 18:42:26-04:00
ada588_20250416_225225,ada588,ERU979,07L,2025-04-16 23:44:58+00:00,2025-04-16 23:49:18+00:00,go_around,False,False,91.0,2025-04-16 23:48:03+00:00,29.170051,-81.083948,16.0,2025-04-16 23:48:11+00:00,116.0,0.165,1024.0,1900.0,leg_end,,2025-04-16 19:48:03-04:00
a4dfb9_20250417_211609,a4dfb9,ERU413,07R,2025-04-17 21:24:57+00:00,2025-04-17 21:27:34+00:00,go_around,False,False,41.0,2025-04-17 21:26:58+00:00,29.173543,-81.062891,14.0,2025-04-17 21:27:10+00:00,41.0,0.164,1152.0,925.0,reapproach,135.0,2025-04-17 17:26:58-04:00
a61bb1_20250417_000002,a61bb1,ERU493,07L,2025-04-17 00:00:02+00:00,2025-04-17 00:02:11+00:00,go_around,False,False,216.0,2025-04-17 00:00:36+00:00,29.167419,-81.089982,10.0,2025-04-17 00:00:42+00:00,266.0,0.542,1216.0,1725.0,reapproach,1951.0,2025-04-16 20:00:36-04:00
a61bb1_20250417_182121,a61bb1,ERU493,07R,2025-04-17 19:29:25+00:00,2025-04-17 19:30:07+00:00,go_around,False,False,41.0,2025-04-17 19:29:41+00:00,29.174753,-81.060145,9.0,2025-04-17 19:29:49+00:00,41.0,0.038,1024.0,825.0,reapproach,140.0,2025-04-17 15:29:41-04:00
aafc52_20250417_024119,aafc52,ERU807,07L,2025-04-17 03:50:55+00:00,2025-04-17 03:54:59+00:00,go_around,False,False,66.0,2025-04-17 03:53:54+00:00,29.170936,-81.081525,9.0,2025-04-17 03:53:59+00:00,116.0,0.076,1536.0,1900.0,reapproach,644.0,2025-04-16 23:53:54-04:00
ab113e_20250417_212657,ab113e,ERU812,07R,2025-04-17 21:42:27+00:00,2025-04-17 21:43:38+00:00,ga_ambiguous,False,False,216.0,2025-04-17 21:43:06+00:00,29.173868,-81.062245,21.0,2025-04-17 21:43:21+00:00,266.0,0.033,1024.0,750.0,reapproach,276.0,2025-04-17 17:43:06-04:00
ab18ac_20250417_114802,ab18ac,ERU814,07L,2025-04-17 12:33:44+00:00,2025-04-17 12:37:16+00:00,go_around,False,False,91.0,2025-04-17 12:36:45+00:00,29.170284,-81.083141,15.0,2025-04-17 12:36:51+00:00,116.0,0.2,1024.0,850.0,reapproach,252.0,2025-04-17 08:36:45-04:00
abab83_20250417_173407,abab83,ERU851,07R,2025-04-17 18:40:11+00:00,2025-04-17 18:41:04+00:00,ga_ambiguous,False,False,41.0,2025-04-17 18:40:30+00:00,29.174011,-81.061935,26.0,2025-04-17 18:40:54+00:00,191.0,-0.127,768.0,925.0,reapproach,340.0,2025-04-17 14:40:30-04:00
ac1482_20250417_031432,ac1482,ERU878,07L,2025-04-17 03:32:53+00:00,2025-04-17 03:36:07+00:00,go_around,False,False,291.0,2025-04-17 03:35:11+00:00,29.165955,-81.094612,15.0,2025-04-17 03:35:17+00:00,316.0,0.818,960.0,1625.0,reapproach,573.0,2025-04-16 23:35:11-04:00
ac1e49_20250417_115117,ac1e49,ERU880,07R,2025-04-17 11:54:02+00:00,2025-04-17 11:54:43+00:00,ga_ambiguous,False,False,66.0,2025-04-17 11:54:20+00:00,29.174567,-81.060091,25.0,2025-04-17 11:54:41+00:00,166.0,-0.288,896.0,825.0,reapproach,208.0,2025-04-17 07:54:20-04:00
ac1e49_20250417_173819,ac1e49,ERU880,07R,2025-04-17 19:17:55+00:00,2025-04-17 19:18:56+00:00,go_around,False,False,66.0,2025-04-17 19:18:23+00:00,29.174515,-81.060509,11.0,2025-04-17 19:18:27+00:00,66.0,0.184,832.0,825.0,reapproach,147.0,2025-04-17 15:18:23-04:00
ad8f3e_20250417_005038,ad8f3e,ERU973,07L,2025-04-17 02:19:41+00:00,2025-04-17 02:22:58+00:00,go_around,False,False,66.0,2025-04-17 02:22:34+00:00,29.170486,-81.08264,9.0,2025-04-17 02:22:39+00:00,91.0,0.152,1408.0,1850.0,reapproach,642.0,2025-04-16 22:22:34-04:00
ab38bd_20250418_224548,ab38bd,ERU822,07L,2025-04-18 23:18:01+00:00,2025-04-18 23:22:28+00:00,go_around,False,False,91.0,2025-04-18 23:21:06+00:00,29.170349,-81.08338,12.0,2025-04-18 23:21:12+00:00,91.0,0.174,1152.0,1850.0,reapproach,1468.0,2025-04-18 19:21:06-04:00
ab9a4e_20250418_110302,ab9a4e,ERU847,07R,2025-04-18 12:06:42+00:00,2025-04-18 12:08:19+00:00,go_around,False,False,191.0,2025-04-18 12:07:19+00:00,29.168422,-81.075924,20.0,2025-04-18 12:07:28+00:00,216.0,0.873,1280.0,800.0,reapproach,189.0,2025-04-18 08:07:19-04:00
abbe16_20250418_211128,abbe16,ERU856,07R,2025-04-18 21:14:24+00:00,2025-04-18 21:15:12+00:00,go_around,False,False,216.0,2025-04-18 21:14:43+00:00,29.174846,-81.059983,10.0,2025-04-18 21:14:52+00:00,216.0,0.009,896.0,700.0,reapproach,174.0,2025-04-18 17:14:43-04:00
abbe16_20250418_211128,abbe16,ERU856,07R,2025-04-18 21:18:06+00:00,2025-04-18 21:19:09+00:00,go_around,False,False,166.0,2025-04-18 21:18:39+00:00,29.174011,-81.061566,9.0,2025-04-18 21:18:45+00:00,191.0,0.156,768.0,750.0,reapproach,259.0,2025-04-18 17:18:39-04:00
ac4d36_20250418_223218,ac4d36,ERU892,07L,2025-04-18 22:49:07+00:00,2025-04-18 22:53:17+00:00,go_around,False,False,191.0,2025-04-18 22:51:47+00:00,29.167584,-81.090357,13.0,2025-04-18 22:51:53+00:00,191.0,0.579,1344.0,1750.0,reapproach,1179.0,2025-04-18 18:51:47-04:00
ac770e_20250418_164729,ac770e,ERU902,07R,2025-04-18 17:00:11+00:00,2025-04-18 17:00:50+00:00,ga_ambiguous,False,False,141.0,2025-04-18 17:00:28+00:00,29.175842,-81.05771,21.0,2025-04-18 17:00:46+00:00,266.0,-0.21,1024.0,800.0,reapproach,235.0,2025-04-18 13:00:28-04:00
acc9c3_20250418_221807,acc9c3,ERU923,16,2025-04-18 22:29:22+00:00,2025-04-18 22:32:13+00:00,go_around,False,False,516.0,2025-04-18 22:31:13+00:00,29.221957,-81.071185,12.0,2025-04-18 22:31:22+00:00,541.0,1.815,512.0,275.0,reapproach,110.0,2025-04-18 18:31:13-04:00
acc9c3_20250418_221807,acc9c3,ERU923,07L,2025-04-18 22:34:03+00:00,2025-04-18 22:35:39+00:00,go_around,False,False,166.0,2025-04-18 22:34:17+00:00,29.170051,-81.084056,7.0,2025-04-18 22:34:24+00:00,191.0,0.226,1088.0,1825.0,reapproach,1038.0,2025-04-18 18:34:17-04:00
ad8f3e_20250418_222453,ad8f3e,ERU973,07L,2025-04-18 22:37:34+00:00,2025-04-18 22:40:41+00:00,go_around,False,False,516.0,2025-04-18 22:39:40+00:00,29.16037,-81.108839,12.0,2025-04-18 22:39:47+00:00,616.0,1.616,1792.0,1475.0,reapproach,844.0,2025-04-18 18:39:40-04:00
a36ec4_20250419_174143,a36ec4,ERU320,07L,2025-04-19 18:10:30+00:00,2025-04-19 18:12:43+00:00,go_around,False,False,666.0,2025-04-19 18:12:03+00:00,29.157249,-81.114592,15.0,2025-04-19 18:12:09+00:00,691.0,1.985,1664.0,1400.0,reapproach,493.0,2025-04-19 14:12:03-04:00
ab87bb_20250419_012054,ab87bb,ERU842,07L,2025-04-19 01:37:14+00:00,2025-04-19 01:41:00+00:00,go_around,False,False,66.0,2025-04-19 01:40:16+00:00,29.170486,-81.083697,11.0,2025-04-19 01:40:23+00:00,91.0,0.246,1344.0,1850.0,reapproach,1536.0,2025-04-18 21:40:16-04:00
ac1482_20250419_153230,ac1482,ERU878,07R,2025-04-19 15:41:10+00:00,2025-04-19 15:42:02+00:00,go_around,False,False,66.0,2025-04-19 15:41:24+00:00,29.172518,-81.063699,15.0,2025-04-19 15:41:38+00:00,116.0,0.159,1216.0,900.0,reapproach,217.0,2025-04-19 11:41:24-04:00
ac54a4_20250419_033040,ac54a4,ERU894,07L,2025-04-19 04:17:44+00:00,2025-04-19 04:18:21+00:00,go_around,False,False,141.0,2025-04-19 04:17:59+00:00,29.172006,-81.079479,14.0,2025-04-19 04:18:08+00:00,166.0,-0.058,768.0,1775.0,reapproach,839.0,2025-04-19 00:17:59-04:00
ac54a4_20250419_145626,ac54a4,ERU894,07R,2025-04-19 16:20:28+00:00,2025-04-19 16:21:05+00:00,go_around,False,False,41.0,2025-04-19 16:20:46+00:00,29.175498,-81.05826,6.0,2025-04-19 16:20:51+00:00,66.0,-0.028,1152.0,875.0,reapproach,44.0,2025-04-19 12:20:46-04:00
ad1c78_20250419_000002,ad1c78,ERU944,07L,2025-04-19 00:06:54+00:00,2025-04-19 00:10:20+00:00,go_around,False,False,116.0,2025-04-19 00:09:47+00:00,29.169434,-81.085598,12.0,2025-04-19 00:09:55+00:00,141.0,0.241,1280.0,1900.0,reapproach,734.0,2025-04-18 20:09:47-04:00
ad4f1c_20250419_173435,ad4f1c,ERU957,07R,2025-04-19 18:05:17+00:00,2025-04-19 18:06:09+00:00,ga_ambiguous,False,False,41.0,2025-04-19 18:05:46+00:00,29.175591,-81.057667,26.0,2025-04-19 18:06:10+00:00,141.0,-0.375,1152.0,900.0,reapproach,168.0,2025-04-19 14:05:46-04:00
ad4f1c_20250419_173435,ad4f1c,ERU957,07R,2025-04-19 18:13:36+00:00,2025-04-19 18:14:34+00:00,ga_ambiguous,False,False,241.0,2025-04-19 18:14:11+00:00,29.174698,-81.060087,28.0,2025-04-19 18:14:30+00:00,266.0,-0.184,1344.0,700.0,reapproach,134.0,2025-04-19 14:14:11-04:00
a57290_20250420_001235,a57290,ERU450,07L,2025-04-20 00:56:08+00:00,2025-04-20 00:58:36+00:00,go_around,False,False,541.0,2025-04-20 00:58:02+00:00,29.160787,-81.107698,20.0,2025-04-20 00:58:13+00:00,541.0,1.445,896.0,1425.0,reapproach,1057.0,2025-04-19 20:58:02-04:00
a5c545_20250420_141840,a5c545,ERU471,16,2025-04-20 14:36:39+00:00,2025-04-20 14:39:23+00:00,go_around,False,False,316.0,2025-04-20 14:39:15+00:00,29.209434,-81.065261,17.0,2025-04-20 14:39:24+00:00,341.0,1.041,1280.0,650.0,reapproach,41.0,2025-04-20 10:39:15-04:00
ab2788_20250420_001613,ab2788,ERU818,16,2025-04-20 00:30:15+00:00,2025-04-20 00:34:02+00:00,go_around,False,False,241.0,2025-04-20 00:33:03+00:00,29.205231,-81.063309,14.0,2025-04-20 00:33:13+00:00,241.0,0.676,1024.0,1700.0,reapproach,681.0,2025-04-19 20:33:03-04:00
ab63f3_20250420_012720,ab63f3,ERU833,16,2025-04-20 01:41:11+00:00,2025-04-20 01:44:30+00:00,go_around,False,False,241.0,2025-04-20 01:43:56+00:00,29.20491,-81.063414,11.0,2025-04-20 01:44:01+00:00,241.0,0.797,1152.0,2250.0,reapproach,3024.0,2025-04-19 21:43:56-04:00
ab6f18_20250420_031735,ab6f18,ERU836,16,2025-04-20 03:31:44+00:00,2025-04-20 03:35:23+00:00,go_around,False,False,216.0,2025-04-20 03:34:40+00:00,29.201055,-81.061276,11.0,2025-04-20 03:34:47+00:00,216.0,0.47,1664.0,1700.0,reapproach,786.0,2025-04-19 23:34:40-04:00
abba5f_20250420_223039,abba5f,ERU855,16,2025-04-20 22:49:22+00:00,2025-04-20 22:53:00+00:00,go_around,False,False,241.0,2025-04-20 22:52:13+00:00,29.206362,-81.063645,16.0,2025-04-20 22:52:24+00:00,291.0,0.746,1024.0,2225.0,reapproach,1275.0,2025-04-20 18:52:13-04:00
ac384a_20250420_035000,ac384a,ERU887,07L,2025-04-20 04:34:48+00:00,2025-04-20 04:38:22+00:00,ga_ambiguous,False,False,316.0,2025-04-20 04:37:22+00:00,29.165024,-81.096874,29.0,2025-04-20 04:37:46+00:00,416.0,0.509,1344.0,1625.0,reapproach,822.0,2025-04-20 00:37:22-04:00
ad1c78_20250420_031834,ad1c78,ERU944,07L,2025-04-20 04:20:59+00:00,2025-04-20 04:24:30+00:00,go_around,False,False,66.0,2025-04-20 04:23:36+00:00,29.170532,-81.082535,11.0,2025-04-20 04:23:42+00:00,91.0,0.125,1088.0,1875.0,reapproach,838.0,2025-04-20 00:23:36-04:00
a5b7c7_20250421_123118,a5b7c7,ERU468,07R,2025-04-21 13:14:06+00:00,2025-04-21 13:14:41+00:00,go_around,False,False,41.0,2025-04-21 13:14:25+00:00,29.175751,-81.057657,10.0,2025-04-21 13:14:32+00:00,66.0,-0.08,832.0,2125.0,reapproach,2879.0,2025-04-21 09:14:25-04:00
a5c8fc_20250421_195653,a5c8fc,ERU472,07L,2025-04-21 20:45:14+00:00,2025-04-21 20:48:48+00:00,go_around,False,False,141.0,2025-04-21 20:48:16+00:00,29.170715,-81.085123,15.0,2025-04-21 20:48:28+00:00,141.0,0.163,1152.0,1800.0,reapproach,648.0,2025-04-21 16:48:16-04:00
a5d421_20250421_123911,a5d421,ERU475,07R,2025-04-21 12:47:05+00:00,2025-04-21 12:47:41+00:00,ga_ambiguous,False,False,41.0,2025-04-21 12:47:34+00:00,29.176392,-81.055597,27.0,2025-04-21 12:47:56+00:00,191.0,-0.541,1024.0,875.0,reapproach,222.0,2025-04-21 08:47:34-04:00
ab0d87_20250421_123236,ab0d87,ERU811,07R,2025-04-21 13:40:30+00:00,2025-04-21 13:41:14+00:00,go_around,False,False,116.0,2025-04-21 13:40:48+00:00,29.1748,-81.060199,7.0,2025-04-21 13:40:50+00:00,116.0,0.15,1088.0,825.0,reapproach,215.0,2025-04-21 09:40:48-04:00
ab18ac_20250421_130138,ab18ac,ERU814,07R,2025-04-21 13:24:13+00:00,2025-04-21 13:24:54+00:00,ga_ambiguous,False,False,241.0,2025-04-21 13:24:29+00:00,29.174789,-81.059981,26.0,2025-04-21 13:24:48+00:00,316.0,-0.171,768.0,725.0,reapproach,306.0,2025-04-21 09:24:29-04:00
ab2b3f_20250421_000002,ab2b3f,ERU819,16,2025-04-21 00:23:51+00:00,2025-04-21 00:27:02+00:00,ga_ambiguous,False,False,491.0,2025-04-21 00:25:59+00:00,29.214798,-81.06801,22.0,2025-04-21 00:26:13+00:00,541.0,1.234,1280.0,1475.0,reapproach,712.0,2025-04-20 20:25:59-04:00
ab38bd_20250421_023835,ab38bd,ERU822,16,2025-04-21 02:54:21+00:00,2025-04-21 02:58:27+00:00,go_around,False,False,216.0,2025-04-21 02:57:32+00:00,29.202576,-81.061935,17.0,2025-04-21 02:57:39+00:00,266.0,0.623,1408.0,1750.0,reapproach,1135.0,2025-04-20 22:57:32-04:00
ab52be_20250421_223026,ab52be,ERU829,07L,2025-04-21 23:15:00+00:00,2025-04-21 23:18:25+00:00,go_around,False,False,66.0,2025-04-21 23:18:05+00:00,29.171448,-81.080448,9.0,2025-04-21 23:18:10+00:00,116.0,0.051,1088.0,1875.0,reapproach,713.0,2025-04-21 19:18:05-04:00
ab6b61_20250421_004610,ab6b61,ERU835,16,2025-04-21 01:00:58+00:00,2025-04-21 01:04:24+00:00,go_around,False,False,241.0,2025-04-21 01:03:54+00:00,29.204919,-81.063214,14.0,2025-04-21 01:04:05+00:00,291.0,0.66,1536.0,1700.0,reapproach,736.0,2025-04-20 21:03:54-04:00
ab87bb_20250421_160051,ab87bb,ERU842,07R,2025-04-21 16:04:14+00:00,2025-04-21 16:05:20+00:00,go_around,False,False,41.0,2025-04-21 16:04:56+00:00,29.175358,-81.058529,9.0,2025-04-21 16:05:02+00:00,66.0,-0.018,1216.0,875.0,reapproach,279.0,2025-04-21 12:04:56-04:00
ab9a4e_20250421_004237,ab9a4e,ERU847,16,2025-04-21 00:56:48+00:00,2025-04-21 00:57:31+00:00,go_around,False,False,341.0,2025-04-21 00:57:07+00:00,29.195114,-81.054805,8.0,2025-04-21 00:57:11+00:00,391.0,0.105,1216.0,1625.0,reapproach,687.0,2025-04-20 20:57:07-04:00
ab9a4e_20250421_004237,ab9a4e,ERU847,16,2025-04-21 01:08:58+00:00,2025-04-21 01:12:51+00:00,go_around,False,False,441.0,2025-04-21 01:12:00+00:00,29.202209,-81.06183,14.0,2025-04-21 01:12:13+00:00,466.0,0.419,1088.0,1500.0,reapproach,789.0,2025-04-20 21:12:00-04:00
abb6a8_20250421_034327,abb6a8,ERU854,16,2025-04-21 04:28:12+00:00,2025-04-21 04:28:52+00:00,go_around,False,False,66.0,2025-04-21 04:28:26+00:00,29.192815,-81.057344,5.0,2025-04-21 04:28:28+00:00,91.0,0.093,896.0,1850.0,reapproach,2386.0,2025-04-21 00:28:26-04:00
abbe16_20250421_143911,abbe16,ERU856,07R,2025-04-21 14:59:41+00:00,2025-04-21 15:00:38+00:00,go_around,False,False,291.0,2025-04-21 15:00:09+00:00,29.174008,-81.061814,12.0,2025-04-21 15:00:19+00:00,316.0,0.091,1088.0,625.0,reapproach,222.0,2025-04-21 11:00:09-04:00
abd302_20250421_224200,abd302,ERU861,07L,2025-04-21 23:24:05+00:00,2025-04-21 23:28:06+00:00,go_around,False,False,116.0,2025-04-21 23:26:44+00:00,29.169446,-81.085618,14.0,2025-04-21 23:26:55+00:00,166.0,0.178,1472.0,1875.0,reapproach,918.0,2025-04-21 19:26:44-04:00
abe94c_20250421_004911,abe94c,ERU867,16,2025-04-21 01:35:52+00:00,2025-04-21 01:39:49+00:00,go_around,False,False,291.0,2025-04-21 01:38:33+00:00,29.207758,-81.064238,13.0,2025-04-21 01:38:39+00:00,316.0,0.959,1088.0,1675.0,reapproach,677.0,2025-04-20 21:38:33-04:00
ac54a4_20250421_022250,ac54a4,ERU894,16,2025-04-21 04:10:00+00:00,2025-04-21 04:14:01+00:00,go_around,False,False,241.0,2025-04-21 04:13:05+00:00,29.204681,-81.063097,12.0,2025-04-21 04:13:13+00:00,316.0,0.722,1088.0,725.0,reapproach,181.0,2025-04-21 00:13:05-04:00
ad4f1c_20250421_031643,ad4f1c,ERU957,16,2025-04-21 03:48:49+00:00,2025-04-21 03:52:29+00:00,go_around,False,False,216.0,2025-04-21 03:51:48+00:00,29.203629,-81.062939,12.0,2025-04-21 03:51:56+00:00,366.0,0.648,1472.0,1725.0,reapproach,602.0,2025-04-20 23:51:48-04:00
a48aab_20250422_024339,a48aab,ERU392,16,2025-04-22 02:55:38+00:00,2025-04-22 02:58:50+00:00,go_around,False,False,241.0,2025-04-22 02:58:20+00:00,29.205571,-81.063322,13.0,2025-04-22 02:58:28+00:00,266.0,0.755,1024.0,1725.0,reapproach,912.0,2025-04-21 22:58:20-04:00
a54b11_20250422_135310,a54b11,ERU440,07R,2025-04-22 14:04:10+00:00,2025-04-22 14:04:42+00:00,go_around,False,False,66.0,2025-04-22 14:04:25+00:00,29.175888,-81.057287,11.0,2025-04-22 14:04:32+00:00,116.0,-0.092,960.0,950.0,reapproach,240.0,2025-04-22 10:04:25-04:00
a57db5_20250422_000002,a57db5,ERU453,07L,2025-04-22 00:00:02+00:00,2025-04-22 00:03:30+00:00,go_around,False,False,91.0,2025-04-22 00:02:47+00:00,29.171122,-81.080233,4.0,2025-04-22 00:02:51+00:00,191.0,0.074,1344.0,2375.0,reapproach,1017.0,2025-04-21 20:02:47-04:00
a61bb1_20250422_010312,a61bb1,ERU493,16,2025-04-22 01:46:34+00:00,2025-04-22 01:49:30+00:00,go_around,False,False,216.0,2025-04-22 01:49:07+00:00,29.203857,-81.062358,11.0,2025-04-22 01:49:13+00:00,266.0,0.641,2048.0,1725.0,reapproach,1002.0,2025-04-21 21:49:07-04:00
a6231f_20250422_150537,a6231f,ERU495,07R,2025-04-22 15:08:45+00:00,2025-04-22 15:09:26+00:00,go_around,False,False,91.0,2025-04-22 15:09:02+00:00,29.174744,-81.060087,6.0,2025-04-22 15:09:08+00:00,116.0,0.028,1472.0,850.0,reapproach,176.0,2025-04-22 11:09:02-04:00
ab63f3_20250422_223207,ab63f3,ERU833,07L,2025-04-22 23:20:54+00:00,2025-04-22 23:24:04+00:00,go_around,False,False,91.0,2025-04-22 23:23:35+00:00,29.170843,-81.082333,15.0,2025-04-22 23:23:41+00:00,116.0,0.12,1280.0,1875.0,reapproach,710.0,2025-04-22 19:23:35-04:00
ab7686_20250422_123246,ab7686,ERU838,07R,2025-04-22 12:42:12+00:00,2025-04-22 12:43:11+00:00,ga_ambiguous,False,False,166.0,2025-04-22 12:42:45+00:00,29.174332,-81.060985,27.0,2025-04-22 12:43:08+00:00,316.0,-0.257,896.0,1775.0,reapproach,4778.0,2025-04-22 08:42:45-04:00
ab7a3d_20250422_033414,ab7a3d,ERU839,16,2025-04-22 04:57:11+00:00,2025-04-22 05:00:55+00:00,ga_ambiguous,False,False,216.0,2025-04-22 05:00:07+00:00,29.202621,-81.062094,21.0,2025-04-22 05:00:14+00:00,241.0,0.587,1088.0,725.0,reapproach,383.0,2025-04-22 01:00:07-04:00
ab9a4e_20250422_010953,ab9a4e,ERU847,16,2025-04-22 01:58:21+00:00,2025-04-22 02:02:03+00:00,go_around,False,False,241.0,2025-04-22 02:00:51+00:00,29.207291,-81.064576,14.0,2025-04-22 02:01:01+00:00,241.0,0.814,1472.0,1700.0,reapproach,1027.0,2025-04-21 22:00:51-04:00
ab9e05_20250422_225032,ab9e05,ERU848,07L,2025-04-22 23:06:43+00:00,2025-04-22 23:10:24+00:00,go_around,False,False,91.0,2025-04-22 23:09:56+00:00,29.170703,-81.082441,7.0,2025-04-22 23:09:57+00:00,91.0,0.256,1024.0,1850.0,reapproach,1215.0,2025-04-22 19:09:56-04:00
ac384a_20250422_223337,ac384a,ERU887,07L,2025-04-22 23:41:34+00:00,2025-04-22 23:44:42+00:00,go_around,False,False,116.0,2025-04-22 23:44:06+00:00,29.168747,-81.088292,13.0,2025-04-22 23:44:13+00:00,116.0,0.435,1024.0,1850.0,leg_end,,2025-04-22 19:44:06-04:00
acc9c3_20250422_151601,acc9c3,ERU923,07R,2025-04-22 15:42:19+00:00,2025-04-22 15:43:03+00:00,go_around,False,False,66.0,2025-04-22 15:42:39+00:00,29.175064,-81.059347,6.0,2025-04-22 15:42:44+00:00,66.0,0.044,1280.0,850.0,reapproach,169.0,2025-04-22 11:42:39-04:00
acf4f9_20250422_125219,acf4f9,ERU934,07R,2025-04-22 14:14:38+00:00,2025-04-22 14:15:26+00:00,go_around,False,False,41.0,2025-04-22 14:15:15+00:00,29.176346,-81.05602,3.0,2025-04-22 14:15:18+00:00,41.0,-0.144,1152.0,875.0,reapproach,162.0,2025-04-22 10:15:15-04:00
acf4f9_20250422_125219,acf4f9,ERU934,07R,2025-04-22 14:18:08+00:00,2025-04-22 14:18:55+00:00,go_around,False,False,66.0,2025-04-22 14:18:38+00:00,29.175731,-81.057614,7.0,2025-04-22 14:18:43+00:00,91.0,-0.066,1024.0,1425.0,reapproach,325.0,2025-04-22 10:18:38-04:00
ad1153_20250422_225947,ad1153,ERU941,07L,2025-04-22 23:25:33+00:00,2025-04-22 23:29:07+00:00,go_around,False,False,116.0,2025-04-22 23:28:13+00:00,29.170395,-81.083908,15.0,2025-04-22 23:28:22+00:00,141.0,0.115,960.0,1800.0,reapproach,1034.0,2025-04-22 19:28:13-04:00
a379e9_20250423_040625,a379e9,ERU323,07L,2025-04-23 04:19:58+00:00,2025-04-23 04:23:10+00:00,go_around,False,False,141.0,2025-04-23 04:22:26+00:00,29.169525,-81.085545,12.0,2025-04-23 04:22:33+00:00,166.0,0.251,1408.0,1850.0,reapproach,731.0,2025-04-23 00:22:26-04:00
a59a0f_20250423_014310,a59a0f,ERU460,16,2025-04-23 02:50:59+00:00,2025-04-23 02:53:24+00:00,go_around,False,False,541.0,2025-04-23 02:52:52+00:00,29.221069,-81.070703,13.0,2025-04-23 02:52:58+00:00,566.0,1.843,1088.0,1425.0,reapproach,774.0,2025-04-22 22:52:52-04:00
a59a0f_20250423_155024,a59a0f,ERU460,07R,2025-04-23 17:16:31+00:00,2025-04-23 17:17:52+00:00,go_around,False,False,116.0,2025-04-23 17:17:14+00:00,29.173462,-81.063097,10.0,2025-04-23 17:17:17+00:00,141.0,0.32,832.0,825.0,reapproach,220.0,2025-04-23 13:17:14-04:00
a6231f_20250423_210830,a6231f,ERU495,07R,2025-04-23 22:01:15+00:00,2025-04-23 22:02:08+00:00,go_around,False,False,116.0,2025-04-23 22:01:45+00:00,29.175613,-81.058238,10.0,2025-04-23 22:01:50+00:00,116.0,-0.006,896.0,875.0,reapproach,264.0,2025-04-23 18:01:45-04:00
ab4f07_20250423_223213,ab4f07,ERU828,07L,2025-04-23 23:07:13+00:00,2025-04-23 23:11:10+00:00,go_around,False,False,116.0,2025-04-23 23:09:49+00:00,29.169388,-81.085176,14.0,2025-04-23 23:09:56+00:00,166.0,0.261,1728.0,1850.0,reapproach,848.0,2025-04-23 19:09:49-04:00
ab52be_20250423_003942,ab52be,ERU829,07L,2025-04-23 00:54:57+00:00,2025-04-23 00:58:18+00:00,go_around,False,False,66.0,2025-04-23 00:57:37+00:00,29.170749,-81.082494,9.0,2025-04-23 00:57:41+00:00,91.0,0.15,1408.0,1875.0,reapproach,842.0,2025-04-22 20:57:37-04:00
ab52be_20250423_222233,ab52be,ERU829,07L,2025-04-23 22:46:33+00:00,2025-04-23 22:49:41+00:00,ga_ambiguous,False,False,266.0,2025-04-23 22:49:09+00:00,29.170715,-81.085176,21.0,2025-04-23 22:49:18+00:00,316.0,0.153,1664.0,2225.0,reapproach,1938.0,2025-04-23 18:49:09-04:00
ab6b61_20250423_151510,ab6b61,ERU835,07R,2025-04-23 15:19:44+00:00,2025-04-23 15:20:42+00:00,go_around,False,False,116.0,2025-04-23 15:20:26+00:00,29.175888,-81.057235,19.0,2025-04-23 15:20:42+00:00,216.0,-0.291,1152.0,825.0,reapproach,327.0,2025-04-23 11:20:26-04:00
ab6b61_20250423_151510,ab6b61,ERU835,07R,2025-04-23 16:03:11+00:00,2025-04-23 16:05:04+00:00,ga_ambiguous,False,False,91.0,2025-04-23 16:04:37+00:00,29.175637,-81.057721,28.0,2025-04-23 16:05:05+00:00,316.0,-0.411,832.0,825.0,reapproach,177.0,2025-04-23 12:04:37-04:00
ab9e05_20250423_013740,ab9e05,ERU848,16,2025-04-23 02:42:15+00:00,2025-04-23 02:44:36+00:00,go_around,False,False,791.0,2025-04-23 02:44:08+00:00,29.221115,-81.070703,9.0,2025-04-23 02:44:13+00:00,816.0,1.856,1728.0,1200.0,reapproach,1000.0,2025-04-22 22:44:08-04:00
ab9e05_20250423_222306,ab9e05,ERU848,07L,2025-04-23 22:43:37+00:00,2025-04-23 22:47:17+00:00,go_around,False,False,116.0,2025-04-23 22:46:21+00:00,29.169912,-81.084918,16.0,2025-04-23 22:46:27+00:00,141.0,0.258,960.0,2000.0,reapproach,766.0,2025-04-23 18:46:21-04:00
abba5f_20250423_005035,abba5f,ERU855,07L,2025-04-23 01:05:22+00:00,2025-04-23 01:08:24+00:00,go_around,False,False,341.0,2025-04-23 01:07:57+00:00,29.164279,-81.096712,14.0,2025-04-23 01:07:58+00:00,341.0,1.109,1408.0,1900.0,reapproach,938.0,2025-04-22 21:07:57-04:00
ac4d36_20250423_000001,ac4d36,ERU892,07L,2025-04-23 00:45:06+00:00,2025-04-23 00:48:44+00:00,go_around,False,False,291.0,2025-04-23 00:47:44+00:00,29.165817,-81.095317,19.0,2025-04-23 00:48:00+00:00,341.0,0.647,1280.0,1700.0,reapproach,705.0,2025-04-22 20:47:44-04:00
ac54a4_20250423_000001,ac54a4,ERU894,07L,2025-04-23 00:00:01+00:00,2025-04-23 00:02:23+00:00,go_around,False,False,291.0,2025-04-23 00:01:39+00:00,29.167603,-81.091144,14.0,2025-04-23 00:01:45+00:00,291.0,0.541,1088.0,1675.0,reapproach,968.0,2025-04-22 20:01:39-04:00
ac54a4_20250423_202327,ac54a4,ERU894,07R,2025-04-23 20:43:44+00:00,2025-04-23 20:44:47+00:00,go_around,False,False,41.0,2025-04-23 20:44:10+00:00,29.175797,-81.057604,11.0,2025-04-23 20:44:15+00:00,41.0,-0.018,896.0,900.0,reapproach,168.0,2025-04-23 16:44:10-04:00
ad1c78_20250423_005135,ad1c78,ERU944,07L,2025-04-23 01:52:11+00:00,2025-04-23 01:54:08+00:00,go_around,False,False,516.0,2025-04-23 01:53:56+00:00,29.161194,-81.105775,11.0,2025-04-23 01:54:01+00:00,541.0,1.498,768.0,275.0,reapproach,51.0,2025-04-22 21:53:56-04:00
ad67bf_20250423_225621,ad67bf,ERU963,07L,2025-04-23 23:11:58+00:00,2025-04-23 23:15:13+00:00,go_around,False,False,141.0,2025-04-23 23:14:35+00:00,29.168884,-81.08713,14.0,2025-04-23 23:14:46+00:00,166.0,0.258,1088.0,1825.0,reapproach,1114.0,2025-04-23 19:14:35-04:00
a5f07b_20250424_025004,a5f07b,ERU482,07L,2025-04-24 03:09:01+00:00,2025-04-24 03:12:42+00:00,go_around,False,False,41.0,2025-04-24 03:12:01+00:00,29.171541,-81.080071,9.0,2025-04-24 03:12:05+00:00,91.0,0.046,1408.0,1900.0,reapproach,969.0,2025-04-23 23:12:01-04:00
ab18ac_20250424_201413,ab18ac,ERU814,07L,2025-04-24 21:04:39+00:00,2025-04-24 21:09:07+00:00,go_around,False,False,166.0,2025-04-24 21:07:42+00:00,29.169958,-81.084541,12.0,2025-04-24 21:07:47+00:00,166.0,0.318,1408.0,1775.0,reapproach,1281.0,2025-04-24 17:07:42-04:00
ab2b3f_20250424_030011,ab2b3f,ERU819,07L,2025-04-24 03:15:15+00:00,2025-04-24 03:19:26+00:00,go_around,False,False,91.0,2025-04-24 03:18:14+00:00,29.170889,-81.082494,13.0,2025-04-24 03:18:20+00:00,141.0,0.137,1152.0,1875.0,reapproach,943.0,2025-04-23 23:18:14-04:00
ab4f07_20250424_231720,ab4f07,ERU828,16,2025-04-24 23:32:47+00:00,2025-04-24 23:35:08+00:00,ga_ambiguous,False,False,541.0,2025-04-24 23:34:49+00:00,29.214462,-81.0679,29.0,2025-04-24 23:35:03+00:00,566.0,1.184,1664.0,1425.0,reapproach,1078.0,2025-04-24 19:34:49-04:00
ab4f07_20250424_231720,ab4f07,ERU828,07L,2025-04-24 23:53:06+00:00,2025-04-24 23:57:21+00:00,ga_ambiguous,False,False,341.0,2025-04-24 23:55:43+00:00,29.165176,-81.096373,23.0,2025-04-24 23:56:01+00:00,366.0,0.614,1664.0,1675.0,leg_end,,2025-04-24 19:55:43-04:00
ab63f3_20250424_000001,ab63f3,ERU833,07L,2025-04-24 00:09:29+00:00,2025-04-24 00:13:13+00:00,ga_ambiguous,False,False,241.0,2025-04-24 00:12:33+00:00,29.16861,-81.087658,25.0,2025-04-24 00:12:51+00:00,291.0,0.151,960.0,1700.0,reapproach,827.0,2025-04-23 20:12:33-04:00
abaf3a_20250424_223408,abaf3a,ERU852,07L,2025-04-24 23:21:31+00:00,2025-04-24 23:24:43+00:00,go_around,False,False,741.0,2025-04-24 23:23:22+00:00,29.156132,-81.120031,14.0,2025-04-24 23:23:29+00:00,741.0,2.279,768.0,1250.0,reapproach,1186.0,2025-04-24 19:23:22-04:00
abbe16_20250424_131308,abbe16,ERU856,07L,2025-04-24 13:53:32+00:00,2025-04-24 13:57:05+00:00,ga_ambiguous,False,False,91.0,2025-04-24 13:56:25+00:00,29.170761,-81.082007,28.0,2025-04-24 13:56:48+00:00,291.0,-0.261,1152.0,1825.0,reapproach,1666.0,2025-04-24 09:56:25-04:00
ad8f3e_20250424_222349,ad8f3e,ERU973,16,2025-04-24 23:37:05+00:00,2025-04-24 23:38:29+00:00,go_around,False,False,741.0,2025-04-24 23:38:23+00:00,29.224704,-81.073124,19.0,2025-04-24 23:38:38+00:00,791.0,1.922,1216.0,1675.0,reapproach,680.0,2025-04-24 19:38:23-04:00
a57db5_20250425_130010,a57db5,ERU453,07R,2025-04-25 14:10:00+00:00,2025-04-25 14:10:38+00:00,ga_ambiguous,False,False,191.0,2025-04-25 14:10:14+00:00,29.174973,-81.059347,27.0,2025-04-25 14:10:39+00:00,391.0,-0.313,896.0,775.0,reapproach,325.0,2025-04-25 10:10:14-04:00
a5c8fc_20250425_130657,a5c8fc,ERU472,07R,2025-04-25 14:08:23+00:00,2025-04-25 14:09:21+00:00,go_around,False,False,91.0,2025-04-25 14:08:49+00:00,29.174332,-81.061038,9.0,2025-04-25 14:08:57+00:00,116.0,0.127,1216.0,900.0,reapproach,285.0,2025-04-25 10:08:49-04:00
a5d7d8_20250425_223817,a5d7d8,ERU476,07L,2025-04-25 22:58:52+00:00,2025-04-25 23:02:53+00:00,go_around,False,False,141.0,2025-04-25 23:01:33+00:00,29.169113,-81.086074,18.0,2025-04-25 23:01:44+00:00,141.0,0.22,1472.0,1825.0,reapproach,1046.0,2025-04-25 19:01:33-04:00
ab0d87_20250425_174906,ab0d87,ERU811,07L,2025-04-25 18:03:50+00:00,2025-04-25 18:07:40+00:00,go_around,False,False,216.0,2025-04-25 18:06:45+00:00,29.168152,-81.088292,9.0,2025-04-25 18:06:51+00:00,241.0,0.467,1344.0,1725.0,reapproach,1119.0,2025-04-25 14:06:45-04:00
ab18ac_20250425_014834,ab18ac,ERU814,07L,2025-04-25 02:29:21+00:00,2025-04-25 02:32:42+00:00,go_around,False,False,616.0,2025-04-25 02:31:23+00:00,29.159205,-81.110337,14.0,2025-04-25 02:31:31+00:00,666.0,1.695,1088.0,1850.0,reapproach,1075.0,2025-04-24 22:31:23-04:00
ab63f3_20250425_192747,ab63f3,ERU833,07R,2025-04-25 19:35:35+00:00,2025-04-25 19:36:27+00:00,go_around,False,False,341.0,2025-04-25 19:35:50+00:00,29.173874,-81.062305,8.0,2025-04-25 19:35:56+00:00,341.0,0.208,768.0,575.0,reapproach,175.0,2025-04-25 15:35:50-04:00
ab7a3d_20250425_200258,ab7a3d,ERU839,07L,2025-04-25 20:15:47+00:00,2025-04-25 20:19:01+00:00,go_around,False,False,316.0,2025-04-25 20:17:55+00:00,29.164744,-81.097412,18.0,2025-04-25 20:18:13+00:00,366.0,0.664,1152.0,2150.0,reapproach,885.0,2025-04-25 16:17:55-04:00
ab9697_20250425_000010,ab9697,ERU846,07L,2025-04-25 00:03:25+00:00,2025-04-25 00:07:36+00:00,go_around,False,False,91.0,2025-04-25 00:06:19+00:00,29.170486,-81.083274,13.0,2025-04-25 00:06:27+00:00,116.0,0.112,960.0,1875.0,reapproach,2609.0,2025-04-24 20:06:19-04:00
ab9e05_20250425_211935,ab9e05,ERU848,07L,2025-04-25 22:08:12+00:00,2025-04-25 22:11:03+00:00,go_around,False,False,91.0,2025-04-25 22:10:38+00:00,29.170578,-81.082746,14.0,2025-04-25 22:10:45+00:00,91.0,0.134,1152.0,2250.0,reapproach,741.0,2025-04-25 18:10:38-04:00
abba5f_20250425_011913,abba5f,ERU855,07L,2025-04-25 02:00:31+00:00,2025-04-25 02:04:41+00:00,go_around,False,False,91.0,2025-04-25 02:03:44+00:00,29.170807,-81.082271,11.0,2025-04-25 02:03:48+00:00,141.0,0.159,1280.0,1850.0,reapproach,913.0,2025-04-24 22:03:44-04:00
abbe16_20250425_223056,abbe16,ERU856,07L,2025-04-25 22:49:28+00:00,2025-04-25 22:52:40+00:00,go_around,False,False,141.0,2025-04-25 22:52:04+00:00,29.169067,-81.087077,10.0,2025-04-25 22:52:11+00:00,141.0,0.327,1280.0,2275.0,reapproach,1501.0,2025-04-25 18:52:04-04:00
abbe16_20250425_223056,abbe16,ERU856,07L,2025-04-25 23:17:41+00:00,2025-04-25 23:21:04+00:00,go_around,False,False,141.0,2025-04-25 23:20:30+00:00,29.169353,-81.085618,13.0,2025-04-25 23:20:40+00:00,141.0,0.203,1024.0,1800.0,reapproach,1311.0,2025-04-25 19:20:30-04:00
ac54a4_20250425_163803,ac54a4,ERU894,07R,2025-04-25 17:00:22+00:00,2025-04-25 17:01:05+00:00,go_around,False,False,116.0,2025-04-25 17:00:40+00:00,29.174377,-81.061143,8.0,2025-04-25 17:00:46+00:00,141.0,0.113,1088.0,775.0,reapproach,183.0,2025-04-25 13:00:40-04:00
ad1c78_20250425_130343,ad1c78,ERU944,07R,2025-04-25 13:36:48+00:00,2025-04-25 13:38:08+00:00,ga_ambiguous,False,False,41.0,2025-04-25 13:37:39+00:00,29.174469,-81.060721,26.0,2025-04-25 13:38:02+00:00,141.0,-0.18,960.0,925.0,reapproach,314.0,2025-04-25 09:37:39-04:00
ad1c78_20250425_221251,ad1c78,ERU944,07L,2025-04-25 22:23:34+00:00,2025-04-25 22:26:56+00:00,go_around,False,False,541.0,2025-04-25 22:25:43+00:00,29.160049,-81.108733,13.0,2025-04-25 22:25:50+00:00,566.0,1.63,960.0,2000.0,reapproach,1032.0,2025-04-25 18:25:43-04:00
ad52d3_20250425_005737,ad52d3,ERU958,07L,2025-04-25 01:24:14+00:00,2025-04-25 01:27:57+00:00,go_around,False,False,91.0,2025-04-25 01:27:25+00:00,29.170074,-81.084278,15.0,2025-04-25 01:27:34+00:00,166.0,0.161,1344.0,1875.0,reapproach,952.0,2025-04-24 21:27:25-04:00
ad6b76_20250425_000308,ad6b76,ERU964,07L,2025-04-25 00:15:04+00:00,2025-04-25 00:19:24+00:00,go_around,False,False,91.0,2025-04-25 00:18:03+00:00,29.169891,-81.084278,11.0,2025-04-25 00:18:09+00:00,116.0,0.224,1152.0,1850.0,reapproach,993.0,2025-04-24 20:18:03-04:00
a48aab_20250426_010514,a48aab,ERU392,07L,2025-04-26 01:17:13+00:00,2025-04-26 01:21:39+00:00,go_around,False,False,91.0,2025-04-26 01:20:22+00:00,29.170441,-81.083433,12.0,2025-04-26 01:20:28+00:00,116.0,0.164,1088.0,1825.0,reapproach,828.0,2025-04-25 21:20:22-04:00
a4b0cc_20250426_183835,a4b0cc,ERU401,07R,2025-04-26 19:16:56+00:00,2025-04-26 19:17:50+00:00,go_around,False,False,241.0,2025-04-26 19:17:18+00:00,29.173828,-81.062041,12.0,2025-04-26 19:17:24+00:00,241.0,0.168,1152.0,725.0,reapproach,320.0,2025-04-26 15:17:18-04:00
a4e370_20250426_160738,a4e370,ERU414,07R,2025-04-26 16:52:56+00:00,2025-04-26 16:54:06+00:00,ga_ambiguous,False,False,41.0,2025-04-26 16:53:42+00:00,29.174986,-81.059499,24.0,2025-04-26 16:54:04+00:00,216.0,-0.247,1024.0,875.0,reapproach,358.0,2025-04-26 12:53:42-04:00
a5c8fc_20250426_144921,a5c8fc,ERU472,07L,2025-04-26 15:07:12+00:00,2025-04-26 15:08:43+00:00,go_around,False,False,116.0,2025-04-26 15:07:49+00:00,29.172751,-81.07684,16.0,2025-04-26 15:08:01+00:00,166.0,-0.26,1216.0,1900.0,reapproach,515.0,2025-04-26 11:07:49-04:00
abb6a8_20250426_003800,abb6a8,ERU854,07L,2025-04-26 01:32:53+00:00,2025-04-26 01:36:28+00:00,go_around,False,False,266.0,2025-04-26 01:35:31+00:00,29.166,-81.095475,11.0,2025-04-26 01:35:40+00:00,291.0,0.792,1408.0,1675.0,reapproach,551.0,2025-04-25 21:35:31-04:00
ac1482_20250426_010206,ac1482,ERU878,07R,2025-04-26 01:41:58+00:00,2025-04-26 01:42:33+00:00,go_around,False,False,116.0,2025-04-26 01:42:13+00:00,29.174927,-81.059717,11.0,2025-04-26 01:42:21+00:00,191.0,-0.043,1408.0,825.0,reapproach,165.0,2025-04-25 21:42:13-04:00
ac4d36_20250426_212518,ac4d36,ERU892,07L,2025-04-26 21:44:30+00:00,2025-04-26 21:48:11+00:00,go_around,False,False,141.0,2025-04-26 21:47:29+00:00,29.169342,-81.085598,16.0,2025-04-26 21:47:35+00:00,141.0,0.309,1344.0,1825.0,reapproach,1121.0,2025-04-26 17:47:29-04:00
ac54a4_20250426_224727,ac54a4,ERU894,07R,2025-04-26 23:02:42+00:00,2025-04-26 23:03:36+00:00,go_around,False,False,141.0,2025-04-26 23:03:08+00:00,29.174381,-81.060899,10.0,2025-04-26 23:03:13+00:00,141.0,0.12,768.0,850.0,reapproach,219.0,2025-04-26 19:03:08-04:00
ac8d58_20250426_231146,ac8d58,ERU908,07L,2025-04-26 23:36:27+00:00,2025-04-26 23:39:47+00:00,go_around,False,False,441.0,2025-04-26 23:38:34+00:00,29.163528,-81.101074,12.0,2025-04-26 23:38:41+00:00,441.0,1.158,1152.0,1575.0,reapproach,686.0,2025-04-26 19:38:34-04:00
ac910f_20250426_135936,ac910f,ERU909,07R,2025-04-26 14:21:43+00:00,2025-04-26 14:22:50+00:00,go_around,False,False,166.0,2025-04-26 14:22:33+00:00,29.175451,-81.058421,19.0,2025-04-26 14:22:44+00:00,216.0,-0.162,1024.0,825.0,reapproach,223.0,2025-04-26 10:22:33-04:00
ac910f_20250426_173115,ac910f,ERU909,07L,2025-04-26 18:01:58+00:00,2025-04-26 18:06:09+00:00,go_around,False,False,91.0,2025-04-26 18:04:52+00:00,29.17067,-81.082588,14.0,2025-04-26 18:05:02+00:00,91.0,0.047,1216.0,2350.0,reapproach,820.0,2025-04-26 14:04:52-04:00
ad001e_20250426_101604,ad001e,ERU937,07R,2025-04-26 11:21:48+00:00,2025-04-26 11:23:29+00:00,go_around,False,False,41.0,2025-04-26 11:22:35+00:00,29.173233,-81.075827,6.0,2025-04-26 11:22:39+00:00,41.0,0.86,1024.0,875.0,reapproach,147.0,2025-04-26 07:22:35-04:00
ad4f1c_20250426_203953,ad4f1c,ERU957,07L,2025-04-26 21:37:13+00:00,2025-04-26 21:40:25+00:00,go_around,False,False,91.0,2025-04-26 21:39:54+00:00,29.169865,-81.083895,9.0,2025-04-26 21:40:00+00:00,91.0,0.194,1088.0,2375.0,reapproach,1114.0,2025-04-26 17:39:54-04:00
ad67bf_20250426_201702,ad67bf,ERU963,07L,2025-04-26 21:14:00+00:00,2025-04-26 21:17:21+00:00,go_around,False,False,91.0,2025-04-26 21:16:49+00:00,29.168841,-81.086264,17.0,2025-04-26 21:16:58+00:00,141.0,0.248,1280.0,1850.0,reapproach,1007.0,2025-04-26 17:16:49-04:00
ad8f3e_20250426_002754,ad8f3e,ERU973,07L,2025-04-26 00:45:07+00:00,2025-04-26 00:48:17+00:00,ga_ambiguous,False,False,91.0,2025-04-26 00:47:51+00:00,29.169891,-81.084383,24.0,2025-04-26 00:48:12+00:00,191.0,-0.154,1280.0,2350.0,reapproach,1577.0,2025-04-25 20:47:51-04:00
ad8f3e_20250426_125856,ad8f3e,ERU973,07R,2025-04-26 14:24:11+00:00,2025-04-26 14:24:58+00:00,go_around,False,False,216.0,2025-04-26 14:24:28+00:00,29.173915,-81.061976,14.0,2025-04-26 14:24:37+00:00,216.0,0.142,1216.0,775.0,reapproach,204.0,2025-04-26 10:24:28-04:00
ad8f3e_20250426_125856,ad8f3e,ERU973,07R,2025-04-26 14:33:55+00:00,2025-04-26 14:34:35+00:00,go_around,False,False,41.0,2025-04-26 14:34:23+00:00,29.1763,-81.05602,11.0,2025-04-26 14:34:31+00:00,66.0,-0.19,768.0,950.0,reapproach,253.0,2025-04-26 10:34:23-04:00
a5b059_20250427_122913,a5b059,ERU466,25L,2025-04-27 12:45:29+00:00,2025-04-27 12:47:07+00:00,go_around,False,False,91.0,2025-04-27 12:47:07+00:00,29.182526,-81.040914,15.0,2025-04-27 12:47:07+00:00,91.0,0.398,896.0,900.0,reapproach,315.0,2025-04-27 08:47:07-04:00
a626d6_20250427_010914,a626d6,ERU496,07L,2025-04-27 02:10:36+00:00,2025-04-27 02:13:47+00:00,go_around,False,False,66.0,2025-04-27 02:13:06+00:00,29.170761,-81.082165,5.0,2025-04-27 02:13:10+00:00,91.0,0.093,1472.0,1900.0,reapproach,698.0,2025-04-26 22:13:06-04:00
ab113e_20250427_170730,ab113e,ERU812,34,2025-04-27 17:15:55+00:00,2025-04-27 17:18:22+00:00,go_around,False,False,716.0,2025-04-27 17:17:52+00:00,29.151764,-81.038431,20.0,2025-04-27 17:18:03+00:00,766.0,1.232,576.0,300.0,reapproach,92.0,2025-04-27 13:17:52-04:00
ab402b_20250427_203543,ab402b,ERU824,07L,2025-04-27 20:51:45+00:00,2025-04-27 20:55:53+00:00,go_around,False,False,91.0,2025-04-27 20:54:42+00:00,29.171356,-81.08058,16.0,2025-04-27 20:54:50+00:00,116.0,0.024,1088.0,1875.0,reapproach,861.0,2025-04-27 16:54:42-04:00
ab52be_20250427_193321,ab52be,ERU829,07L,2025-04-27 20:22:52+00:00,2025-04-27 20:26:44+00:00,ga_ambiguous,False,False,266.0,2025-04-27 20:25:26+00:00,29.171308,-81.082764,28.0,2025-04-27 20:25:42+00:00,341.0,-0.094,1024.0,1700.0,reapproach,909.0,2025-04-27 16:25:26-04:00
ab5c85_20250427_151905,ab5c85,ERU831,25L,2025-04-27 15:22:50+00:00,2025-04-27 15:24:05+00:00,go_around,False,False,41.0,2025-04-27 15:24:05+00:00,29.180786,-81.045086,14.0,2025-04-27 15:24:05+00:00,41.0,0.156,1024.0,925.0,reapproach,222.0,2025-04-27 11:24:05-04:00
ab5c85_20250427_160706,ab5c85,ERU831,07R,2025-04-27 16:11:30+00:00,2025-04-27 16:12:12+00:00,go_around,False,False,91.0,2025-04-27 16:11:55+00:00,29.175934,-81.05697,12.0,2025-04-27 16:12:03+00:00,116.0,-0.131,960.0,925.0,reapproach,214.0,2025-04-27 12:11:55-04:00
ab9e05_20250427_010516,ab9e05,ERU848,07R,2025-04-27 01:23:26+00:00,2025-04-27 01:24:08+00:00,go_around,False,False,116.0,2025-04-27 01:23:41+00:00,29.173874,-81.062411,12.0,2025-04-27 01:23:47+00:00,116.0,0.154,768.0,825.0,reapproach,163.0,2025-04-26 21:23:41-04:00
ab9e05_20250427_223513,ab9e05,ERU848,07L,2025-04-27 22:48:56+00:00,2025-04-27 22:52:10+00:00,go_around,False,False,91.0,2025-04-27 22:51:39+00:00,29.169493,-81.08551,13.0,2025-04-27 22:51:46+00:00,116.0,0.26,1728.0,1875.0,reapproach,663.0,2025-04-27 18:51:39-04:00
acf4f9_20250427_130725,acf4f9,ERU934,25L,2025-04-27 13:26:42+00:00,2025-04-27 13:28:19+00:00,go_around,False,False,91.0,2025-04-27 13:28:19+00:00,29.18248,-81.041019,1.0,2025-04-27 13:28:19+00:00,91.0,0.392,1088.0,875.0,reapproach,210.0,2025-04-27 09:28:19-04:00
ad1c78_20250427_175801,ad1c78,ERU944,07R,2025-04-27 18:21:22+00:00,2025-04-27 18:22:08+00:00,go_around,False,False,191.0,2025-04-27 18:21:43+00:00,29.174698,-81.060034,10.0,2025-04-27 18:21:50+00:00,216.0,0.053,768.0,725.0,reapproach,194.0,2025-04-27 14:21:43-04:00
a593ff_20250428_172445,a593ff,ERU459,07L,2025-04-28 17:42:26+00:00,2025-04-28 17:46:34+00:00,ga_ambiguous,False,False,91.0,2025-04-28 17:45:18+00:00,29.170563,-81.082548,24.0,2025-04-28 17:45:40+00:00,316.0,-0.199,896.0,1875.0,reapproach,977.0,2025-04-28 13:45:18-04:00
a5b7c7_20250428_205352,a5b7c7,ERU468,07L,2025-04-28 21:08:29+00:00,2025-04-28 21:13:10+00:00,go_around,False,False,66.0,2025-04-28 21:11:52+00:00,29.171913,-81.079425,9.0,2025-04-28 21:11:53+00:00,66.0,0.095,960.0,1875.0,reapproach,869.0,2025-04-28 17:11:52-04:00
a61443_20250428_195705,a61443,ERU491,07L,2025-04-28 20:12:44+00:00,2025-04-28 20:16:48+00:00,ga_ambiguous,False,False,341.0,2025-04-28 20:15:32+00:00,29.169167,-81.087126,27.0,2025-04-28 20:15:54+00:00,441.0,0.152,1280.0,2150.0,reapproach,873.0,2025-04-28 16:15:32-04:00
ac3493_20250428_203548,ac3493,ERU886,07R,2025-04-28 20:54:45+00:00,2025-04-28 20:55:31+00:00,go_around,False,False,116.0,2025-04-28 20:55:07+00:00,29.175568,-81.058027,11.0,2025-04-28 20:55:12+00:00,116.0,-0.002,768.0,850.0,reapproach,313.0,2025-04-28 16:55:07-04:00
ac3493_20250428_203548,ac3493,ERU886,07R,2025-04-28 21:20:12+00:00,2025-04-28 21:21:00+00:00,go_around,False,False,41.0,2025-04-28 21:20:42+00:00,29.176382,-81.056106,9.0,2025-04-28 21:20:48+00:00,41.0,-0.133,1152.0,875.0,reapproach,148.0,2025-04-28 17:20:42-04:00
ac4d36_20250428_222357,ac4d36,ERU892,07L,2025-04-28 22:44:16+00:00,2025-04-28 22:47:40+00:00,go_around,False,False,91.0,2025-04-28 22:47:11+00:00,29.170715,-81.082482,11.0,2025-04-28 22:47:16+00:00,91.0,0.246,1408.0,1850.0,reapproach,804.0,2025-04-28 18:47:11-04:00
ac8233_20250428_024100,ac8233,ERU905,07L,2025-04-28 03:49:39+00:00,2025-04-28 03:52:31+00:00,go_around,False,False,66.0,2025-04-28 03:51:57+00:00,29.170624,-81.08264,11.0,2025-04-28 03:52:04+00:00,116.0,0.094,1152.0,900.0,reapproach,78.0,2025-04-27 23:51:57-04:00
ad1153_20250428_130206,ad1153,ERU941,07R,2025-04-28 14:26:18+00:00,2025-04-28 14:27:01+00:00,ga_ambiguous,False,False,266.0,2025-04-28 14:26:45+00:00,29.175451,-81.058368,27.0,2025-04-28 14:27:04+00:00,316.0,-0.372,960.0,675.0,reapproach,212.0,2025-04-28 10:26:45-04:00
ad52d3_20250428_011151,ad52d3,ERU958,07L,2025-04-28 02:11:58+00:00,2025-04-28 02:14:56+00:00,go_around,False,False,266.0,2025-04-28 02:14:08+00:00,29.16655,-81.09294,11.0,2025-04-28 02:14:18+00:00,291.0,0.595,1024.0,1800.0,reapproach,630.0,2025-04-27 22:14:08-04:00
a54b11_20250429_125234,a54b11,ERU440,07R,2025-04-29 13:14:28+00:00,2025-04-29 13:15:23+00:00,go_around,False,False,41.0,2025-04-29 13:14:55+00:00,29.174753,-81.059983,8.0,2025-04-29 13:15:02+00:00,66.0,0.073,960.0,2475.0,reapproach,4071.0,2025-04-29 09:14:55-04:00
a593ff_20250429_195903,a593ff,ERU459,07L,2025-04-29 20:15:18+00:00,2025-04-29 20:18:46+00:00,go_around,False,False,191.0,2025-04-29 20:18:20+00:00,29.170843,-81.08201,20.0,2025-04-29 20:18:28+00:00,191.0,0.058,1088.0,1750.0,reapproach,896.0,2025-04-29 16:18:20-04:00
a593ff_20250429_195903,a593ff,ERU459,07L,2025-04-29 20:54:51+00:00,2025-04-29 20:58:37+00:00,go_around,False,False,41.0,2025-04-29 20:58:13+00:00,29.171401,-81.081148,9.0,2025-04-29 20:58:18+00:00,141.0,0.098,1280.0,1900.0,reapproach,655.0,2025-04-29 16:58:13-04:00
a59a0f_20250429_223618,a59a0f,ERU460,07L,2025-04-29 23:17:14+00:00,2025-04-29 23:20:59+00:00,go_around,False,False,91.0,2025-04-29 23:20:29+00:00,29.170796,-81.082925,13.0,2025-04-29 23:20:38+00:00,116.0,0.11,1216.0,1850.0,reapproach,799.0,2025-04-29 19:20:29-04:00
a61443_20250429_011708,a61443,ERU491,07L,2025-04-29 02:07:54+00:00,2025-04-29 02:12:07+00:00,go_around,False,False,116.0,2025-04-29 02:10:48+00:00,29.170715,-81.082165,9.0,2025-04-29 02:10:54+00:00,141.0,0.155,1088.0,875.0,reapproach,159.0,2025-04-28 22:10:48-04:00
ab5c85_20250429_223946,ab5c85,ERU831,07L,2025-04-29 23:26:22+00:00,2025-04-29 23:30:34+00:00,go_around,False,False,166.0,2025-04-29 23:29:01+00:00,29.168143,-81.089172,13.0,2025-04-29 23:29:06+00:00,191.0,0.515,1216.0,1775.0,reapproach,1029.0,2025-04-29 19:29:01-04:00
ac54a4_20250429_210252,ac54a4,ERU894,07R,2025-04-29 21:30:27+00:00,2025-04-29 21:31:15+00:00,go_around,False,False,41.0,2025-04-29 21:30:51+00:00,29.175405,-81.058529,14.0,2025-04-29 21:30:59+00:00,41.0,-0.024,1344.0,2175.0,reapproach,2321.0,2025-04-29 17:30:51-04:00
ac8233_20250429_150252,ac8233,ERU905,07R,2025-04-29 16:19:24+00:00,2025-04-29 16:20:19+00:00,go_around,False,False,91.0,2025-04-29 16:19:50+00:00,29.175032,-81.059391,14.0,2025-04-29 16:20:02+00:00,141.0,-0.057,896.0,825.0,reapproach,321.0,2025-04-29 12:19:50-04:00
acf4f9_20250429_222224,acf4f9,ERU934,07L,2025-04-29 22:36:47+00:00,2025-04-29 22:41:02+00:00,go_around,False,False,191.0,2025-04-29 22:39:33+00:00,29.168427,-81.088451,9.0,2025-04-29 22:39:37+00:00,241.0,0.503,1344.0,1850.0,reapproach,1004.0,2025-04-29 18:39:33-04:00
ad1153_20250429_225433,ad1153,ERU941,07L,2025-04-29 23:12:33+00:00,2025-04-29 23:16:41+00:00,go_around,False,False,91.0,2025-04-29 23:15:28+00:00,29.171122,-81.081902,11.0,2025-04-29 23:15:33+00:00,116.0,0.103,1408.0,1925.0,reapproach,1038.0,2025-04-29 19:15:28-04:00
ad1c78_20250429_222526,ad1c78,ERU944,07L,2025-04-29 22:51:03+00:00,2025-04-29 22:55:30+00:00,go_around,False,False,116.0,2025-04-29 22:54:07+00:00,29.169865,-81.085564,12.0,2025-04-29 22:54:14+00:00,141.0,0.231,1088.0,1825.0,reapproach,1152.0,2025-04-29 18:54:07-04:00
ad1c78_20250429_222526,ad1c78,ERU944,07L,2025-04-29 23:14:42+00:00,2025-04-29 23:18:51+00:00,go_around,False,False,191.0,2025-04-29 23:17:25+00:00,29.168468,-81.088742,7.0,2025-04-29 23:17:29+00:00,241.0,0.522,1344.0,1750.0,reapproach,660.0,2025-04-29 19:17:25-04:00
a4b0cc_20250430_173851,a4b0cc,ERU401,07L,2025-04-30 17:53:04+00:00,2025-04-30 17:56:51+00:00,go_around,False,False,91.0,2025-04-30 17:56:16+00:00,29.170761,-81.082324,12.0,2025-04-30 17:56:25+00:00,141.0,0.047,1408.0,1875.0,reapproach,716.0,2025-04-30 13:56:16-04:00
a4e370_20250430_172906,a4e370,ERU414,07R,2025-04-30 18:06:10+00:00,2025-04-30 18:06:54+00:00,ga_ambiguous,False,False,166.0,2025-04-30 18:06:28+00:00,29.174287,-81.061168,28.0,2025-04-30 18:06:51+00:00,266.0,-0.223,1280.0,850.0,reapproach,138.0,2025-04-30 14:06:28-04:00
a5b7c7_20250430_221219,a5b7c7,ERU468,07L,2025-04-30 22:25:43+00:00,2025-04-30 22:30:16+00:00,ga_ambiguous,False,False,216.0,2025-04-30 22:28:55+00:00,29.170331,-81.084272,28.0,2025-04-30 22:29:02+00:00,241.0,0.191,1088.0,1725.0,reapproach,810.0,2025-04-30 18:28:55-04:00
ab18ac_20250430_201516,ab18ac,ERU814,07L,2025-04-30 20:30:51+00:00,2025-04-30 20:31:32+00:00,ga_ambiguous,False,False,191.0,2025-04-30 20:31:04+00:00,29.171402,-81.080739,26.0,2025-04-30 20:31:25+00:00,316.0,-0.227,1152.0,1725.0,reapproach,856.0,2025-04-30 16:31:04-04:00
ab1c63_20250430_230058,ab1c63,ERU815,07L,2025-04-30 23:24:48+00:00,2025-04-30 23:28:04+00:00,go_around,False,False,66.0,2025-04-30 23:27:33+00:00,29.17061,-81.083033,11.0,2025-04-30 23:27:38+00:00,66.0,0.16,1152.0,1800.0,reapproach,1180.0,2025-04-30 19:27:33-04:00
ab201a_20250430_012439,ab201a,ERU816,07L,2025-04-30 01:40:07+00:00,2025-04-30 01:44:26+00:00,go_around,False,False,91.0,2025-04-30 01:43:16+00:00,29.17012,-81.083591,15.0,2025-04-30 01:43:26+00:00,91.0,0.092,1408.0,1850.0,reapproach,652.0,2025-04-29 21:43:16-04:00
ab5c85_20250430_221640,ab5c85,ERU831,07R,2025-04-30 22:32:54+00:00,2025-04-30 22:34:25+00:00,go_around,False,False,141.0,2025-04-30 22:33:49+00:00,29.173589,-81.062945,11.0,2025-04-30 22:33:56+00:00,141.0,0.234,960.0,825.0,reapproach,295.0,2025-04-30 18:33:49-04:00
abab83_20250430_151638,abab83,ERU851,07R,2025-04-30 15:40:07+00:00,2025-04-30 15:40:47+00:00,go_around,False,False,41.0,2025-04-30 15:40:36+00:00,29.173233,-81.063626,18.0,2025-04-30 15:40:48+00:00,41.0,-1.173,960.0,850.0,reapproach,93.0,2025-04-30 11:40:36-04:00
abab83_20250430_151638,abab83,ERU851,25L,2025-04-30 15:42:20+00:00,2025-04-30 15:42:40+00:00,go_around,False,False,616.0,2025-04-30 15:42:32+00:00,29.186417,-81.030772,6.0,2025-04-30 15:42:38+00:00,616.0,1.006,640.0,275.0,reapproach,163.0,2025-04-30 11:42:32-04:00
abaf3a_20250430_124729,abaf3a,ERU852,07R,2025-04-30 13:11:07+00:00,2025-04-30 13:12:40+00:00,go_around,False,False,66.0,2025-04-30 13:12:01+00:00,29.174057,-81.061724,10.0,2025-04-30 13:12:07+00:00,116.0,0.198,960.0,1850.0,reapproach,2412.0,2025-04-30 09:12:01-04:00
abd302_20250430_202543,abd302,ERU861,07L,2025-04-30 21:12:32+00:00,2025-04-30 21:15:42+00:00,go_around,False,False,241.0,2025-04-30 21:15:19+00:00,29.16655,-81.092465,14.0,2025-04-30 21:15:26+00:00,266.0,0.691,1152.0,1700.0,reapproach,768.0,2025-04-30 17:15:19-04:00
ac1482_20250430_132435,ac1482,ERU878,07R,2025-04-30 13:57:00+00:00,2025-04-30 13:58:01+00:00,go_around,False,False,91.0,2025-04-30 13:57:31+00:00,29.174381,-81.060845,11.0,2025-04-30 13:57:38+00:00,116.0,0.108,896.0,850.0,reapproach,146.0,2025-04-30 09:57:31-04:00
ac3493_20250430_140320,ac3493,ERU886,07R,2025-04-30 14:42:42+00:00,2025-04-30 14:43:38+00:00,go_around,False,False,166.0,2025-04-30 14:43:06+00:00,29.174194,-81.061114,11.0,2025-04-30 14:43:14+00:00,166.0,0.111,1088.0,875.0,reapproach,232.0,2025-04-30 10:43:06-04:00
acc9c3_20250430_150815,acc9c3,ERU923,07R,2025-04-30 15:39:08+00:00,2025-04-30 15:39:39+00:00,ga_ambiguous,False,False,266.0,2025-04-30 15:39:33+00:00,29.172612,-81.064615,26.0,2025-04-30 15:39:39+00:00,291.0,0.457,1344.0,600.0,reapproach,261.0,2025-04-30 11:39:33-04:00
ad001e_20250430_000003,ad001e,ERU937,07L,2025-04-30 00:02:01+00:00,2025-04-30 00:05:33+00:00,go_around,False,False,141.0,2025-04-30 00:05:00+00:00,29.169167,-81.086426,11.0,2025-04-30 00:05:07+00:00,166.0,0.307,1088.0,2700.0,reapproach,1404.0,2025-04-29 20:05:00-04:00
a54b11_20250501_201109,a54b11,ERU440,07L,2025-05-01 20:48:36+00:00,2025-05-01 20:52:34+00:00,go_around,False,False,41.0,2025-05-01 20:52:06+00:00,29.172798,-81.07754,10.0,2025-05-01 20:52:12+00:00,41.0,-0.159,896.0,1925.0,reapproach,952.0,2025-05-01 16:52:06-04:00
ab1c63_20250501_200032,ab1c63,ERU815,07L,2025-05-01 20:34:18+00:00,2025-05-01 20:38:55+00:00,ga_ambiguous,False,False,291.0,2025-05-01 20:37:02+00:00,29.165314,-81.094842,22.0,2025-05-01 20:37:17+00:00,316.0,0.637,1664.0,1650.0,reapproach,1006.0,2025-05-01 16:37:02-04:00
ab5c85_20250501_205139,ab5c85,ERU831,07L,2025-05-01 21:05:32+00:00,2025-05-01 21:10:01+00:00,go_around,False,False,116.0,2025-05-01 21:08:33+00:00,29.168884,-81.087341,6.0,2025-05-01 21:08:39+00:00,141.0,0.244,1152.0,1875.0,reapproach,669.0,2025-05-01 17:08:33-04:00
ab5c85_20250501_205139,ab5c85,ERU831,07L,2025-05-01 21:42:28+00:00,2025-05-01 21:46:05+00:00,go_around,False,False,266.0,2025-05-01 21:45:17+00:00,29.167145,-81.091144,14.0,2025-05-01 21:45:27+00:00,291.0,0.592,1088.0,1650.0,reapproach,659.0,2025-05-01 17:45:17-04:00
ab9697_20250501_154256,ab9697,ERU846,07R,2025-05-01 16:44:14+00:00,2025-05-01 16:45:05+00:00,go_around,False,False,116.0,2025-05-01 16:44:36+00:00,29.174287,-81.061222,9.0,2025-05-01 16:44:43+00:00,166.0,0.112,1024.0,825.0,reapproach,194.0,2025-05-01 12:44:36-04:00
ac1482_20250501_005839,ac1482,ERU878,07L,2025-05-01 02:09:06+00:00,2025-05-01 02:12:29+00:00,go_around,False,False,91.0,2025-05-01 02:12:02+00:00,29.169912,-81.084002,10.0,2025-05-01 02:12:10+00:00,91.0,0.154,1472.0,1850.0,reapproach,978.0,2025-04-30 22:12:02-04:00
ac8d58_20250501_220022,ac8d58,ERU908,07L,2025-05-01 22:27:07+00:00,2025-05-01 22:30:32+00:00,go_around,False,False,91.0,2025-05-01 22:30:01+00:00,29.170051,-81.083733,10.0,2025-05-01 22:30:09+00:00,191.0,0.158,1280.0,2075.0,reapproach,835.0,2025-05-01 18:30:01-04:00
ad001e_20250501_005106,ad001e,ERU937,07L,2025-05-01 02:04:32+00:00,2025-05-01 02:07:40+00:00,go_around,False,False,141.0,2025-05-01 02:07:10+00:00,29.168841,-81.087287,9.0,2025-05-01 02:07:15+00:00,191.0,0.377,1728.0,2550.0,reapproach,1033.0,2025-04-30 22:07:10-04:00
ad4f1c_20250501_195238,ad4f1c,ERU957,07L,2025-05-01 20:08:16+00:00,2025-05-01 20:11:43+00:00,go_around,False,False,91.0,2025-05-01 20:11:10+00:00,29.170029,-81.083961,8.0,2025-05-01 20:11:15+00:00,116.0,0.237,1408.0,2100.0,reapproach,1513.0,2025-05-01 16:11:10-04:00
a3526a_20250502_160114,a3526a,ERU313,07L,2025-05-02 17:03:40+00:00,2025-05-02 17:05:30+00:00,go_around,False,False,716.0,2025-05-02 17:05:14+00:00,29.157074,-81.116022,15.0,2025-05-02 17:05:21+00:00,716.0,2.052,1600.0,950.0,reapproach,651.0,2025-05-02 13:05:14-04:00
ab18ac_20250502_222215,ab18ac,ERU814,07L,2025-05-02 23:29:06+00:00,2025-05-02 23:32:21+00:00,go_around,False,False,91.0,2025-05-02 23:31:53+00:00,29.170377,-81.083679,13.0,2025-05-02 23:31:59+00:00,116.0,0.185,1216.0,1875.0,reapproach,1061.0,2025-05-02 19:31:53-04:00
ab1c63_20250502_221817,ab1c63,ERU815,07L,2025-05-02 23:00:38+00:00,2025-05-02 23:04:00+00:00,go_around,False,False,66.0,2025-05-02 23:03:34+00:00,29.171168,-81.082441,8.0,2025-05-02 23:03:41+00:00,91.0,0.09,1600.0,1900.0,reapproach,1636.0,2025-05-02 19:03:34-04:00
ab201a_20250502_003558,ab201a,ERU816,07L,2025-05-02 00:57:03+00:00,2025-05-02 01:00:35+00:00,go_around,False,False,316.0,2025-05-02 01:00:19+00:00,29.174241,-81.074578,14.0,2025-05-02 01:00:26+00:00,341.0,-0.375,1280.0,1775.0,reapproach,819.0,2025-05-01 21:00:19-04:00
ab5c85_20250502_212201,ab5c85,ERU831,07R,2025-05-02 21:54:09+00:00,2025-05-02 21:54:42+00:00,ga_ambiguous,False,False,416.0,2025-05-02 21:54:21+00:00,29.175544,-81.058206,27.0,2025-05-02 21:54:42+00:00,491.0,-0.293,832.0,625.0,reapproach,122.0,2025-05-02 17:54:21-04:00
ab6f18_20250502_222209,ab6f18,ERU836,07L,2025-05-02 23:03:27+00:00,2025-05-02 23:06:53+00:00,go_around,False,False,91.0,2025-05-02 23:06:31+00:00,29.170656,-81.082117,10.0,2025-05-02 23:06:34+00:00,116.0,0.136,1408.0,1825.0,reapproach,635.0,2025-05-02 19:06:31-04:00
abba5f_20250502_023413,abba5f,ERU855,07L,2025-05-02 03:01:57+00:00,2025-05-02 03:05:30+00:00,go_around,False,False,91.0,2025-05-02 03:05:03+00:00,29.170656,-81.083141,18.0,2025-05-02 03:05:14+00:00,116.0,0.038,1344.0,1850.0,reapproach,947.0,2025-05-01 23:05:03-04:00
ac1e49_20250502_002935,ac1e49,ERU880,07L,2025-05-02 00:41:33+00:00,2025-05-02 00:44:48+00:00,go_around,False,False,91.0,2025-05-02 00:44:20+00:00,29.169983,-81.08338,10.0,2025-05-02 00:44:24+00:00,91.0,0.242,1344.0,1850.0,reapproach,1019.0,2025-05-01 20:44:20-04:00
ac8d58_20250502_011003,ac8d58,ERU908,07L,2025-05-02 01:24:26+00:00,2025-05-02 01:27:49+00:00,go_around,False,False,91.0,2025-05-02 01:27:23+00:00,29.170578,-81.082218,13.0,2025-05-02 01:27:28+00:00,116.0,0.141,1344.0,1875.0,reapproach,732.0,2025-05-01 21:27:23-04:00
ac910f_20250502_130937,ac910f,ERU909,07R,2025-05-02 14:19:08+00:00,2025-05-02 14:19:48+00:00,go_around,False,False,216.0,2025-05-02 14:19:23+00:00,29.174613,-81.060629,10.0,2025-05-02 14:19:28+00:00,216.0,0.106,1024.0,700.0,reapproach,63.0,2025-05-02 10:19:23-04:00
ad001e_20250502_224503,ad001e,ERU937,07L,2025-05-02 23:22:25+00:00,2025-05-02 23:25:53+00:00,go_around,False,False,91.0,2025-05-02 23:25:22+00:00,29.169865,-81.084649,10.0,2025-05-02 23:25:29+00:00,116.0,0.225,1152.0,1875.0,reapproach,1203.0,2025-05-02 19:25:22-04:00
a379e9_20250503_153130,a379e9,ERU323,16,2025-05-03 16:42:05+00:00,2025-05-03 16:45:23+00:00,go_around,False,False,41.0,2025-05-03 16:45:09+00:00,29.19278,-81.057287,15.0,2025-05-03 16:45:14+00:00,41.0,-0.03,1472.0,975.0,reapproach,64.0,2025-05-03 12:45:09-04:00
ab0d87_20250503_001413,ab0d87,ERU811,07L,2025-05-03 01:23:45+00:00,2025-05-03 01:26:34+00:00,go_around,False,False,391.0,2025-05-03 01:25:58+00:00,29.169342,-81.086707,12.0,2025-05-03 01:26:06+00:00,466.0,0.297,1600.0,1550.0,reapproach,952.0,2025-05-02 21:25:58-04:00
abbe16_20250503_132033,abbe16,ERU856,16,2025-05-03 15:07:49+00:00,2025-05-03 15:11:03+00:00,go_around,False,False,566.0,2025-05-03 15:10:11+00:00,29.21921,-81.070108,9.0,2025-05-03 15:10:18+00:00,591.0,1.713,1280.0,1475.0,reapproach,492.0,2025-05-03 11:10:11-04:00
ac1e49_20250503_223339,ac1e49,ERU880,16,2025-05-03 23:23:37+00:00,2025-05-03 23:26:48+00:00,go_around,False,False,216.0,2025-05-03 23:26:06+00:00,29.203171,-81.062041,15.0,2025-05-03 23:26:11+00:00,241.0,0.653,896.0,1750.0,reapproach,886.0,2025-05-03 19:26:06-04:00
ad6b76_20250503_011443,ad6b76,ERU964,07L,2025-05-03 01:34:05+00:00,2025-05-03 01:37:05+00:00,ga_ambiguous,False,False,316.0,2025-05-03 01:36:21+00:00,29.166653,-81.090519,24.0,2025-05-03 01:36:39+00:00,366.0,0.297,1216.0,1700.0,reapproach,1116.0,2025-05-02 21:36:21-04:00
a4dfb9_20250504_122638,a4dfb9,ERU413,25L,2025-05-04 14:11:28+00:00,2025-05-04 14:13:42+00:00,go_around,False,False,41.0,2025-05-04 14:13:34+00:00,29.180649,-81.045509,9.0,2025-05-04 14:13:43+00:00,41.0,-1.294,576.0,625.0,leg_end,,2025-05-04 10:13:34-04:00
ab18ac_20250504_171829,ab18ac,ERU814,25L,2025-05-04 17:25:52+00:00,2025-05-04 17:26:18+00:00,ga_ambiguous,False,False,166.0,2025-05-04 17:25:53+00:00,29.182709,-81.041125,25.0,2025-05-04 17:26:18+00:00,566.0,0.715,1344.0,750.0,reapproach,347.0,2025-05-04 13:25:53-04:00
ab18ac_20250504_171829,ab18ac,ERU814,25L,2025-05-04 17:38:59+00:00,2025-05-04 17:39:54+00:00,go_around,False,False,216.0,2025-05-04 17:39:01+00:00,29.173691,-81.062094,7.0,2025-05-04 17:39:01+00:00,216.0,-0.831,1152.0,725.0,reapproach,372.0,2025-05-04 13:39:01-04:00
ab18ac_20250504_171829,ab18ac,ERU814,25L,2025-05-04 18:03:13+00:00,2025-05-04 18:04:11+00:00,go_around,False,False,41.0,2025-05-04 18:03:58+00:00,29.180479,-81.045873,14.0,2025-05-04 18:04:12+00:00,41.0,-0.534,1216.0,875.0,reapproach,169.0,2025-05-04 14:03:58-04:00
ab2788_20250504_124422,ab2788,ERU818,25L,2025-05-04 12:48:16+00:00,2025-05-04 12:50:45+00:00,go_around,False,False,41.0,2025-05-04 12:50:45+00:00,29.181736,-81.042804,2.0,2025-05-04 12:50:47+00:00,16.0,-0.464,1152.0,975.0,reapproach,270.0,2025-05-04 08:50:45-04:00
abaf3a_20250504_124328,abaf3a,ERU852,25L,2025-05-04 12:59:31+00:00,2025-05-04 13:00:11+00:00,go_around,False,False,41.0,2025-05-04 12:59:46+00:00,29.180557,-81.045456,3.0,2025-05-04 12:59:49+00:00,41.0,0.085,704.0,950.0,reapproach,294.0,2025-05-04 08:59:46-04:00
abba5f_20250504_181108,abba5f,ERU855,25L,2025-05-04 18:16:18+00:00,2025-05-04 18:16:43+00:00,go_around,False,False,191.0,2025-05-04 18:16:28+00:00,29.182114,-81.041864,19.0,2025-05-04 18:16:43+00:00,191.0,0.343,1088.0,775.0,reapproach,380.0,2025-05-04 14:16:28-04:00
ac54a4_20250504_204546,ac54a4,ERU894,25L,2025-05-04 21:02:28+00:00,2025-05-04 21:03:38+00:00,go_around,False,False,41.0,2025-05-04 21:02:57+00:00,29.182294,-81.040649,15.0,2025-05-04 21:03:10+00:00,141.0,0.187,960.0,875.0,reapproach,138.0,2025-05-04 17:02:57-04:00
ac54a4_20250504_204546,ac54a4,ERU894,25L,2025-05-04 21:19:01+00:00,2025-05-04 21:22:02+00:00,go_around,False,False,66.0,2025-05-04 21:19:25+00:00,29.176712,-81.055227,5.0,2025-05-04 21:19:25+00:00,66.0,-0.429,832.0,850.0,reapproach,238.0,2025-05-04 17:19:25-04:00
ac910f_20250504_013504,ac910f,ERU909,16,2025-05-04 01:48:57+00:00,2025-05-04 01:53:32+00:00,go_around,False,False,216.0,2025-05-04 01:51:59+00:00,29.20436,-81.061114,20.0,2025-05-04 01:52:16+00:00,241.0,0.445,1344.0,1725.0,reapproach,594.0,2025-05-03 21:51:59-04:00
a32734_20250505_172325,a32734,ERU302,16,2025-05-05 17:38:17+00:00,2025-05-05 17:41:34+00:00,go_around,False,True,166.0,2025-05-05 17:39:40+00:00,29.200264,-81.060953,2.0,2025-05-05 17:39:42+00:00,166.0,-0.076,512.0,700.0,leg_end,,2025-05-05 13:39:40-04:00
a5ecc4_20250505_141628,a5ecc4,ERU481,16,2025-05-05 14:26:36+00:00,2025-05-05 14:32:59+00:00,go_around,False,False,266.0,2025-05-05 14:28:40+00:00,29.203708,-81.062407,17.0,2025-05-05 14:28:44+00:00,266.0,0.747,320.0,1275.0,leg_end,,2025-05-05 10:28:40-04:00
abaf3a_20250505_161134,abaf3a,ERU852,16,2025-05-05 17:44:44+00:00,2025-05-05 17:46:05+00:00,go_around,False,False,716.0,2025-05-05 17:45:55+00:00,29.225774,-81.073016,17.0,2025-05-05 17:46:05+00:00,741.0,2.007,576.0,250.0,reapproach,138.0,2025-05-05 13:45:55-04:00
a3526a_20250506_191330,a3526a,ERU313,16,2025-05-06 19:41:28+00:00,2025-05-06 19:44:31+00:00,go_around,False,False,141.0,2025-05-06 19:44:07+00:00,29.199798,-81.060522,17.0,2025-05-06 19:44:17+00:00,191.0,0.349,1216.0,1800.0,reapproach,687.0,2025-05-06 15:44:07-04:00
a57290_20250506_180212,a57290,ERU450,16,2025-05-06 18:42:34+00:00,2025-05-06 18:43:32+00:00,go_around,False,False,566.0,2025-05-06 18:43:06+00:00,29.194061,-81.057921,13.0,2025-05-06 18:43:17+00:00,591.0,-0.01,1088.0,950.0,reapproach,336.0,2025-05-06 14:43:06-04:00
ab2788_20250506_010752,ab2788,ERU818,16,2025-05-06 02:55:56+00:00,2025-05-06 02:59:20+00:00,go_around,False,False,216.0,2025-05-06 02:58:38+00:00,29.203445,-81.062305,11.0,2025-05-06 02:58:42+00:00,241.0,0.699,1152.0,1750.0,reapproach,645.0,2025-05-05 22:58:38-04:00
ab2788_20250506_160039,ab2788,ERU818,16,2025-05-06 16:22:00+00:00,2025-05-06 16:25:23+00:00,ga_ambiguous,False,False,166.0,2025-05-06 16:24:39+00:00,29.200264,-81.060737,28.0,2025-05-06 16:24:56+00:00,216.0,0.223,1024.0,1825.0,reapproach,1280.0,2025-05-06 12:24:39-04:00
ab314f_20250506_172009,ab314f,ERU820,07R,2025-05-06 18:55:46+00:00,2025-05-06 18:56:33+00:00,go_around,False,False,66.0,2025-05-06 18:56:05+00:00,29.174986,-81.059391,10.0,2025-05-06 18:56:09+00:00,91.0,0.071,1024.0,1900.0,reapproach,725.0,2025-05-06 14:56:05-04:00
ac1e49_20250506_000001,ac1e49,ERU880,16,2025-05-06 00:02:28+00:00,2025-05-06 00:05:40+00:00,go_around,False,False,216.0,2025-05-06 00:04:59+00:00,29.204636,-81.062992,11.0,2025-05-06 00:05:07+00:00,241.0,0.677,1216.0,2375.0,reapproach,2685.0,2025-05-05 20:04:59-04:00
a368b4_20250507_133114,a368b4,ERU319,16,2025-05-07 14:45:39+00:00,2025-05-07 14:48:29+00:00,go_around,False,False,166.0,2025-05-07 14:47:54+00:00,29.200683,-81.06106,11.0,2025-05-07 14:48:03+00:00,166.0,0.428,1408.0,2000.0,reapproach,456.0,2025-05-07 10:47:54-04:00
a36ec4_20250507_144325,a36ec4,ERU320,16,2025-05-07 15:20:49+00:00,2025-05-07 15:22:52+00:00,go_around,False,False,591.0,2025-05-07 15:21:59+00:00,29.223679,-81.071918,14.0,2025-05-07 15:22:10+00:00,616.0,1.831,1536.0,1000.0,reapproach,326.0,2025-05-07 11:21:59-04:00
a36ec4_20250507_144325,a36ec4,ERU320,16,2025-05-07 15:28:18+00:00,2025-05-07 15:31:27+00:00,go_around,False,False,116.0,2025-05-07 15:30:58+00:00,29.197098,-81.059283,16.0,2025-05-07 15:31:06+00:00,216.0,0.193,1408.0,1500.0,reapproach,371.0,2025-05-07 11:30:58-04:00
a57db5_20250507_031931,a57db5,ERU453,16,2025-05-07 03:59:49+00:00,2025-05-07 04:03:41+00:00,go_around,False,False,216.0,2025-05-07 04:02:48+00:00,29.203662,-81.062191,12.0,2025-05-07 04:03:00+00:00,266.0,0.548,1216.0,1750.0,reapproach,727.0,2025-05-07 00:02:48-04:00
ac4d36_20250507_011212,ac4d36,ERU892,16,2025-05-07 02:33:01+00:00,2025-05-07 02:35:48+00:00,ga_ambiguous,False,False,616.0,2025-05-07 02:35:31+00:00,29.22219,-81.0714,25.0,2025-05-07 02:35:41+00:00,641.0,1.83,896.0,875.0,reapproach,207.0,2025-05-06 22:35:31-04:00
ac8d58_20250507_020333,ac8d58,ERU908,16,2025-05-07 03:01:57+00:00,2025-05-07 03:05:09+00:00,go_around,False,False,266.0,2025-05-07 03:04:34+00:00,29.206329,-81.063678,12.0,2025-05-07 03:04:45+00:00,266.0,0.723,1152.0,1775.0,reapproach,937.0,2025-05-06 23:04:34-04:00
a39033_20250508_144311,a39033,ERU329,16,2025-05-08 15:32:49+00:00,2025-05-08 15:35:24+00:00,go_around,False,False,616.0,2025-05-08 15:34:44+00:00,29.21608,-81.068538,6.0,2025-05-08 15:34:44+00:00,616.0,1.641,1536.0,1425.0,reapproach,637.0,2025-05-08 11:34:44-04:00
ac54a4_20250508_012546,ac54a4,ERU894,07R,2025-05-08 01:56:01+00:00,2025-05-08 01:58:56+00:00,go_around,False,False,366.0,2025-05-08 01:57:59+00:00,29.168472,-81.07551,13.0,2025-05-08 01:58:06+00:00,441.0,0.901,1216.0,1625.0,reapproach,646.0,2025-05-07 21:57:59-04:00
ad6b76_20250508_180057,ad6b76,ERU964,16,2025-05-08 18:46:25+00:00,2025-05-08 18:50:11+00:00,go_around,False,False,91.0,2025-05-08 18:50:08+00:00,29.189603,-81.055567,5.0,2025-05-08 18:50:08+00:00,91.0,-0.087,832.0,1900.0,reapproach,411.0,2025-05-08 14:50:08-04:00
abb6a8_20250509_191803,abb6a8,ERU854,16,2025-05-09 19:43:58+00:00,2025-05-09 19:45:29+00:00,ga_ambiguous,False,False,416.0,2025-05-09 19:45:03+00:00,29.216278,-81.069192,29.0,2025-05-09 19:45:27+00:00,466.0,1.139,1408.0,800.0,reapproach,102.0,2025-05-09 15:45:03-04:00
ab2788_20250510_152550,ab2788,ERU818,16,2025-05-10 15:41:03+00:00,2025-05-10 15:44:03+00:00,go_around,False,False,366.0,2025-05-10 15:43:03+00:00,29.209434,-81.065099,10.0,2025-05-10 15:43:09+00:00,391.0,1.057,1344.0,1600.0,reapproach,3245.0,2025-05-10 11:43:03-04:00
ac384a_20250510_220712,ac384a,ERU887,16,2025-05-10 23:19:43+00:00,2025-05-10 23:23:24+00:00,go_around,False,False,241.0,2025-05-10 23:22:28+00:00,29.205231,-81.063203,15.0,2025-05-10 23:22:35+00:00,341.0,0.774,1024.0,1775.0,reapproach,629.0,2025-05-10 19:22:28-04:00
ab9a4e_20250511_181152,ab9a4e,ERU847,16,2025-05-11 19:05:14+00:00,2025-05-11 19:08:46+00:00,go_around,False,False,216.0,2025-05-11 19:07:50+00:00,29.2045,-81.062945,12.0,2025-05-11 19:07:58+00:00,266.0,0.703,1216.0,2700.0,reapproach,780.0,2025-05-11 15:07:50-04:00
ada588_20250511_224400,ada588,ERU979,16,2025-05-11 23:18:36+00:00,2025-05-11 23:22:14+00:00,go_around,False,False,241.0,2025-05-11 23:21:17+00:00,29.204865,-81.063256,13.0,2025-05-11 23:21:25+00:00,266.0,0.719,1216.0,2775.0,reapproach,691.0,2025-05-11 19:21:17-04:00
abb6a8_20250512_230858,abb6a8,ERU854,16,2025-05-12 23:54:51+00:00,2025-05-12 23:58:12+00:00,ga_ambiguous,False,False,341.0,2025-05-12 23:57:41+00:00,29.197769,-81.05977,28.0,2025-05-12 23:58:03+00:00,466.0,-0.106,1088.0,1500.0,leg_end,,2025-05-12 19:57:41-04:00
ac8233_20250512_010258,ac8233,ERU905,16,2025-05-12 01:18:33+00:00,2025-05-12 01:22:25+00:00,go_around,False,False,241.0,2025-05-12 01:21:45+00:00,29.205012,-81.063214,18.0,2025-05-12 01:21:56+00:00,241.0,0.651,896.0,1725.0,reapproach,774.0,2025-05-11 21:21:45-04:00
a3526a_20250513_222421,a3526a,ERU313,16,2025-05-13 23:22:11+00:00,2025-05-13 23:25:18+00:00,go_around,False,False,266.0,2025-05-13 23:24:24+00:00,29.207153,-81.063807,15.0,2025-05-13 23:24:33+00:00,291.0,0.836,1024.0,875.0,reapproach,90.0,2025-05-13 19:24:24-04:00
ab6b61_20250513_000001,ab6b61,ERU835,16,2025-05-13 00:32:13+00:00,2025-05-13 00:35:53+00:00,go_around,False,False,216.0,2025-05-13 00:35:04+00:00,29.202498,-81.061868,14.0,2025-05-13 00:35:09+00:00,241.0,0.618,1088.0,1725.0,reapproach,1018.0,2025-05-12 20:35:04-04:00
ab7a3d_20250513_205752,ab7a3d,ERU839,16,2025-05-13 21:47:25+00:00,2025-05-13 21:49:39+00:00,go_around,False,False,566.0,2025-05-13 21:49:24+00:00,29.220328,-81.070323,15.0,2025-05-13 21:49:33+00:00,591.0,1.699,1088.0,1400.0,reapproach,536.0,2025-05-13 17:49:24-04:00
ac05a6_20250513_000001,ac05a6,ERU874,16,2025-05-13 00:03:37+00:00,2025-05-13 00:07:25+00:00,go_around,False,False,216.0,2025-05-13 00:06:45+00:00,29.20315,-81.062191,12.0,2025-05-13 00:06:49+00:00,241.0,0.698,1088.0,725.0,leg_end,,2025-05-12 20:06:45-04:00
ab63f3_20250514_001740,ab63f3,ERU833,16,2025-05-14 00:57:46+00:00,2025-05-14 00:58:25+00:00,ga_ambiguous,False,False,166.0,2025-05-14 00:57:59+00:00,29.196762,-81.059083,26.0,2025-05-14 00:58:19+00:00,291.0,0.019,832.0,1800.0,reapproach,710.0,2025-05-13 20:57:59-04:00
ab6b61_20250514_165007,ab6b61,ERU835,16,2025-05-14 17:12:51+00:00,2025-05-14 17:15:23+00:00,go_around,False,False,316.0,2025-05-14 17:14:40+00:00,29.207062,-81.064154,14.0,2025-05-14 17:14:47+00:00,341.0,0.928,1152.0,1700.0,reapproach,1667.0,2025-05-14 13:14:40-04:00
abba5f_20250514_172949,abba5f,ERU855,16,2025-05-14 18:57:50+00:00,2025-05-14 18:59:04+00:00,go_around,False,False,741.0,2025-05-14 18:58:55+00:00,29.236679,-81.078521,11.0,2025-05-14 18:59:02+00:00,791.0,2.79,1152.0,1225.0,reapproach,951.0,2025-05-14 14:58:55-04:00
a368b4_20250515_172120,a368b4,ERU319,16,2025-05-15 17:49:10+00:00,2025-05-15 17:52:04+00:00,go_around,False,False,41.0,2025-05-15 17:51:47+00:00,29.196772,-81.059122,11.0,2025-05-15 17:51:53+00:00,91.0,0.177,1344.0,2025.0,reapproach,558.0,2025-05-15 13:51:47-04:00
a61bb1_20250515_173219,a61bb1,ERU493,16,2025-05-15 17:51:01+00:00,2025-05-15 17:53:53+00:00,ga_ambiguous,False,False,391.0,2025-05-15 17:53:02+00:00,29.21109,-81.066002,23.0,2025-05-15 17:53:20+00:00,441.0,0.994,1216.0,1575.0,reapproach,292.0,2025-05-15 13:53:02-04:00
ab0d87_20250515_203852,ab0d87,ERU811,16,2025-05-15 22:17:04+00:00,2025-05-15 22:18:30+00:00,ga_ambiguous,False,False,366.0,2025-05-15 22:17:35+00:00,29.199692,-81.060721,22.0,2025-05-15 22:17:54+00:00,466.0,0.081,1152.0,650.0,reapproach,122.0,2025-05-15 18:17:35-04:00
abaf3a_20250515_113838,abaf3a,ERU852,16,2025-05-15 12:18:59+00:00,2025-05-15 12:21:25+00:00,go_around,False,False,91.0,2025-05-15 12:21:25+00:00,29.198122,-81.059822,17.0,2025-05-15 12:21:42+00:00,141.0,-0.727,896.0,1850.0,reapproach,803.0,2025-05-15 08:21:25-04:00
ac910f_20250515_002809,ac910f,ERU909,16,2025-05-15 01:21:10+00:00,2025-05-15 01:25:13+00:00,ga_ambiguous,False,False,241.0,2025-05-15 01:24:12+00:00,29.204826,-81.063107,23.0,2025-05-15 01:24:26+00:00,291.0,0.619,832.0,1725.0,reapproach,853.0,2025-05-14 21:24:12-04:00
ab6b61_20250516_153536,ab6b61,ERU835,16,2025-05-16 17:24:18+00:00,2025-05-16 17:26:42+00:00,go_around,False,False,41.0,2025-05-16 17:26:31+00:00,29.19072,-81.056178,4.0,2025-05-16 17:26:35+00:00,66.0,-0.111,1088.0,2325.0,reapproach,405.0,2025-05-16 13:26:31-04:00
ad6b76_20250516_010947,ad6b76,ERU964,16,2025-05-16 01:47:51+00:00,2025-05-16 01:50:39+00:00,go_around,False,False,241.0,2025-05-16 01:50:09+00:00,29.20152,-81.060683,12.0,2025-05-16 01:50:16+00:00,266.0,0.488,960.0,1775.0,reapproach,681.0,2025-05-15 21:50:09-04:00
a32734_20250517_181736,a32734,ERU302,16,2025-05-17 19:01:33+00:00,2025-05-17 19:04:41+00:00,go_around,False,False,66.0,2025-05-17 19:04:24+00:00,29.191838,-81.056698,10.0,2025-05-17 19:04:29+00:00,66.0,-0.059,1728.0,2800.0,reapproach,880.0,2025-05-17 15:04:24-04:00
ac8d58_20250517_205039,ac8d58,ERU908,34,2025-05-17 21:51:50+00:00,2025-05-17 21:54:36+00:00,go_around,False,False,91.0,2025-05-17 21:54:11+00:00,29.17061,-81.046627,10.0,2025-05-17 21:54:17+00:00,116.0,0.165,1216.0,1000.0,reapproach,62.0,2025-05-17 17:54:11-04:00
ad6b76_20250517_130011,ad6b76,ERU964,34,2025-05-17 14:27:18+00:00,2025-05-17 14:30:44+00:00,go_around,False,False,91.0,2025-05-17 14:30:11+00:00,29.169846,-81.046143,10.0,2025-05-17 14:30:13+00:00,91.0,0.343,768.0,925.0,reapproach,94.0,2025-05-17 10:30:11-04:00
ab6b61_20250518_014453,ab6b61,ERU835,16,2025-05-18 02:01:42+00:00,2025-05-18 02:04:56+00:00,go_around,False,False,41.0,2025-05-18 02:04:40+00:00,29.191589,-81.056601,13.0,2025-05-18 02:04:53+00:00,66.0,-0.198,832.0,1700.0,reapproach,752.0,2025-05-17 22:04:40-04:00
ab6f18_20250518_011158,ab6f18,ERU836,16,2025-05-18 01:40:19+00:00,2025-05-18 01:43:12+00:00,ga_ambiguous,False,False,241.0,2025-05-18 01:42:30+00:00,29.203336,-81.062784,25.0,2025-05-18 01:42:46+00:00,291.0,0.358,832.0,1750.0,reapproach,861.0,2025-05-17 21:42:30-04:00
ac2d25_20250518_013239,ac2d25,ERU884,16,2025-05-18 04:58:46+00:00,2025-05-18 05:01:01+00:00,go_around,False,False,541.0,2025-05-18 05:00:23+00:00,29.220245,-81.070598,12.0,2025-05-18 05:00:30+00:00,566.0,1.694,1088.0,1425.0,reapproach,925.0,2025-05-18 01:00:23-04:00
ad1153_20250518_033615,ad1153,ERU941,16,2025-05-18 04:26:41+00:00,2025-05-18 04:29:19+00:00,go_around,False,False,241.0,2025-05-18 04:28:37+00:00,29.205002,-81.063203,12.0,2025-05-18 04:28:46+00:00,291.0,0.663,1280.0,1750.0,reapproach,884.0,2025-05-18 00:28:37-04:00
ab14f5_20250519_030707,ab14f5,ERU813,16,2025-05-19 03:52:08+00:00,2025-05-19 03:55:05+00:00,go_around,False,False,216.0,2025-05-19 03:54:42+00:00,29.203033,-81.062411,12.0,2025-05-19 03:54:46+00:00,216.0,0.671,896.0,1800.0,reapproach,675.0,2025-05-18 23:54:42-04:00
ab18ac_20250519_132752,ab18ac,ERU814,34,2025-05-19 13:48:19+00:00,2025-05-19 13:51:37+00:00,go_around,False,False,441.0,2025-05-19 13:51:02+00:00,29.166141,-81.044742,12.0,2025-05-19 13:51:13+00:00,466.0,0.323,1088.0,1550.0,reapproach,435.0,2025-05-19 09:51:02-04:00
ac1482_20250519_010339,ac1482,ERU878,16,2025-05-19 01:15:40+00:00,2025-05-19 01:18:46+00:00,go_around,False,False,216.0,2025-05-19 01:17:53+00:00,29.205093,-81.063678,13.0,2025-05-19 01:17:59+00:00,241.0,0.806,896.0,1775.0,reapproach,897.0,2025-05-18 21:17:53-04:00
ac8d58_20250519_024858,ac8d58,ERU908,16,2025-05-19 03:30:00+00:00,2025-05-19 03:32:55+00:00,go_around,False,False,216.0,2025-05-19 03:32:15+00:00,29.203766,-81.062569,11.0,2025-05-19 03:32:21+00:00,266.0,0.655,1408.0,1750.0,reapproach,682.0,2025-05-18 23:32:15-04:00
ad001e_20250519_134533,ad001e,ERU937,34,2025-05-19 15:17:49+00:00,2025-05-19 15:19:55+00:00,ga_ambiguous,False,False,666.0,2025-05-19 15:19:33+00:00,29.147552,-81.035526,23.0,2025-05-19 15:19:47+00:00,716.0,1.44,1024.0,325.0,reapproach,47.0,2025-05-19 11:19:33-04:00
ad1153_20250519_224927,ad1153,ERU941,16,2025-05-19 23:00:29+00:00,2025-05-19 23:03:59+00:00,ga_ambiguous,False,False,216.0,2025-05-19 23:03:09+00:00,29.202896,-81.062252,27.0,2025-05-19 23:03:30+00:00,391.0,0.415,832.0,1400.0,reapproach,761.0,2025-05-19 19:03:09-04:00
ac2d25_20250520_002113,ac2d25,ERU884,16,2025-05-20 01:02:44+00:00,2025-05-20 01:06:25+00:00,go_around,False,False,241.0,2025-05-20 01:05:28+00:00,29.204956,-81.063256,13.0,2025-05-20 01:05:39+00:00,241.0,0.68,1152.0,1750.0,reapproach,852.0,2025-05-19 21:05:28-04:00
ac8d58_20250520_010920,ac8d58,ERU908,16,2025-05-20 01:29:09+00:00,2025-05-20 01:32:18+00:00,go_around,False,False,241.0,2025-05-20 01:31:37+00:00,29.205896,-81.063645,17.0,2025-05-20 01:31:48+00:00,391.0,0.731,1024.0,1725.0,reapproach,711.0,2025-05-19 21:31:37-04:00
ac910f_20250520_013834,ac910f,ERU909,16,2025-05-20 02:59:17+00:00,2025-05-20 03:02:34+00:00,go_around,False,False,241.0,2025-05-20 03:01:59+00:00,29.205524,-81.06343,12.0,2025-05-20 03:02:08+00:00,241.0,0.719,896.0,1725.0,reapproach,740.0,2025-05-19 23:01:59-04:00
ad67bf_20250520_221246,ad67bf,ERU963,16,2025-05-20 22:41:33+00:00,2025-05-20 22:44:42+00:00,go_around,False,False,216.0,2025-05-20 22:44:03+00:00,29.20301,-81.06203,15.0,2025-05-20 22:44:08+00:00,241.0,0.669,1152.0,1800.0,reapproach,701.0,2025-05-20 18:44:03-04:00
ad6b76_20250520_024400,ad6b76,ERU964,16,2025-05-20 03:31:02+00:00,2025-05-20 03:34:34+00:00,go_around,False,False,216.0,2025-05-20 03:33:42+00:00,29.20253,-81.061935,11.0,2025-05-20 03:33:49+00:00,216.0,0.598,1216.0,1800.0,reapproach,699.0,2025-05-19 23:33:42-04:00
aafc52_20250521_000001,aafc52,ERU807,16,2025-05-21 00:37:27+00:00,2025-05-21 00:40:00+00:00,go_around,False,False,316.0,2025-05-21 00:39:08+00:00,29.207991,-81.06413,13.0,2025-05-21 00:39:17+00:00,341.0,0.825,960.0,1750.0,reapproach,914.0,2025-05-20 20:39:08-04:00
ab9a4e_20250521_220945,ab9a4e,ERU847,34,2025-05-21 23:05:41+00:00,2025-05-21 23:08:21+00:00,go_around,False,False,316.0,2025-05-21 23:07:45+00:00,29.166886,-81.043719,18.0,2025-05-21 23:07:58+00:00,316.0,0.267,1280.0,1725.0,reapproach,939.0,2025-05-21 19:07:45-04:00
abb6a8_20250521_000017,abb6a8,ERU854,16,2025-05-21 00:32:17+00:00,2025-05-21 00:35:07+00:00,go_around,False,False,191.0,2025-05-21 00:34:20+00:00,29.204965,-81.063376,8.0,2025-05-21 00:34:27+00:00,191.0,0.752,1280.0,1875.0,reapproach,800.0,2025-05-20 20:34:20-04:00
a59a0f_20250522_153359,a59a0f,ERU460,34,2025-05-22 16:52:42+00:00,2025-05-22 16:56:05+00:00,ga_ambiguous,False,False,391.0,2025-05-22 16:55:26+00:00,29.153804,-81.038657,22.0,2025-05-22 16:55:40+00:00,416.0,1.163,1088.0,1200.0,reapproach,445.0,2025-05-22 12:55:26-04:00
ad03d5_20250522_014319,ad03d5,ERU938,34,2025-05-22 02:06:38+00:00,2025-05-22 02:10:40+00:00,go_around,False,False,41.0,2025-05-22 02:10:11+00:00,29.171308,-81.04695,13.0,2025-05-22 02:10:17+00:00,41.0,0.167,896.0,1525.0,reapproach,252.0,2025-05-21 22:10:11-04:00
a36ec4_20250523_111603,a36ec4,ERU320,34,2025-05-23 12:02:05+00:00,2025-05-23 12:04:23+00:00,go_around,False,False,166.0,2025-05-23 12:03:49+00:00,29.165861,-81.044258,14.0,2025-05-23 12:03:54+00:00,191.0,0.5,1024.0,900.0,reapproach,62.0,2025-05-23 08:03:49-04:00
ac770e_20250523_221900,ac770e,ERU902,16,2025-05-23 23:11:15+00:00,2025-05-23 23:14:21+00:00,go_around,False,False,266.0,2025-05-23 23:13:15+00:00,29.20816,-81.064893,19.0,2025-05-23 23:13:28+00:00,291.0,0.797,1344.0,1825.0,reapproach,772.0,2025-05-23 19:13:15-04:00
ad8f3e_20250523_003704,ad8f3e,ERU973,16,2025-05-23 01:25:01+00:00,2025-05-23 01:28:00+00:00,go_around,False,False,266.0,2025-05-23 01:27:11+00:00,29.205198,-81.063214,10.0,2025-05-23 01:27:19+00:00,291.0,0.715,1024.0,1725.0,reapproach,804.0,2025-05-22 21:27:11-04:00
ab402b_20250524_000001,ab402b,ERU824,16,2025-05-24 01:06:06+00:00,2025-05-24 01:09:53+00:00,ga_ambiguous,False,False,266.0,2025-05-24 01:08:49+00:00,29.206421,-81.063573,22.0,2025-05-24 01:08:59+00:00,266.0,0.743,1536.0,1700.0,reapproach,819.0,2025-05-23 21:08:49-04:00
ab52be_20250524_130636,ab52be,ERU829,16,2025-05-24 13:40:17+00:00,2025-05-24 13:43:23+00:00,go_around,False,False,616.0,2025-05-24 13:42:41+00:00,29.207293,-81.064507,13.0,2025-05-24 13:42:49+00:00,616.0,0.872,960.0,1400.0,reapproach,699.0,2025-05-24 09:42:41-04:00
abd302_20250526_151630,abd302,ERU861,16,2025-05-26 15:30:11+00:00,2025-05-26 15:33:10+00:00,go_around,False,False,241.0,2025-05-26 15:32:18+00:00,29.204127,-81.062407,12.0,2025-05-26 15:32:22+00:00,266.0,0.767,1472.0,2300.0,reapproach,2873.0,2025-05-26 11:32:18-04:00
ada588_20250526_123349,ada588,ERU979,16,2025-05-26 12:45:17+00:00,2025-05-26 12:48:23+00:00,go_around,False,False,216.0,2025-05-26 12:47:53+00:00,29.204919,-81.063107,13.0,2025-05-26 12:47:59+00:00,291.0,0.753,1216.0,1775.0,reapproach,654.0,2025-05-26 08:47:53-04:00
a5c545_20250527_161445,a5c545,ERU471,16,2025-05-27 17:43:35+00:00,2025-05-27 17:46:56+00:00,go_around,False,False,91.0,2025-05-27 17:46:29+00:00,29.195096,-81.058368,7.0,2025-05-27 17:46:36+00:00,91.0,0.137,1088.0,925.0,reapproach,169.0,2025-05-27 13:46:29-04:00
a61bb1_20250527_121957,a61bb1,ERU493,16,2025-05-27 14:08:44+00:00,2025-05-27 14:11:33+00:00,go_around,False,False,241.0,2025-05-27 14:11:26+00:00,29.201385,-81.061513,18.0,2025-05-27 14:11:31+00:00,241.0,0.584,1024.0,1750.0,reapproach,532.0,2025-05-27 10:11:26-04:00
ab6f18_20250528_221731,ab6f18,ERU836,16,2025-05-28 22:36:39+00:00,2025-05-28 22:38:55+00:00,go_around,False,False,516.0,2025-05-28 22:38:41+00:00,29.212972,-81.067038,14.0,2025-05-28 22:38:46+00:00,541.0,1.356,960.0,1475.0,reapproach,445.0,2025-05-28 18:38:41-04:00
ac384a_20250529_202800,ac384a,ERU887,16,2025-05-29 20:47:10+00:00,2025-05-29 20:50:23+00:00,go_around,False,False,216.0,2025-05-29 20:49:43+00:00,29.203196,-81.062137,7.0,2025-05-29 20:49:48+00:00,241.0,0.677,896.0,1750.0,reapproach,554.0,2025-05-29 16:49:43-04:00
a4dfb9_20250530_115633,a4dfb9,ERU413,16,2025-05-30 13:32:46+00:00,2025-05-30 13:35:59+00:00,go_around,False,False,66.0,2025-05-30 13:35:45+00:00,29.191956,-81.05697,12.0,2025-05-30 13:35:45+00:00,66.0,0.072,1536.0,750.0,reapproach,69.0,2025-05-30 09:35:45-04:00
a6108c_20250530_123224,a6108c,ERU490,16,2025-05-30 14:16:00+00:00,2025-05-30 14:19:17+00:00,go_around,False,False,91.0,2025-05-30 14:18:58+00:00,29.193188,-81.057398,9.0,2025-05-30 14:18:58+00:00,91.0,0.149,896.0,1325.0,reapproach,358.0,2025-05-30 10:18:58-04:00
ab402b_20250530_224132,ab402b,ERU824,16,2025-05-30 23:01:13+00:00,2025-05-30 23:03:51+00:00,go_around,False,False,266.0,2025-05-30 23:03:18+00:00,29.205643,-81.063256,13.0,2025-05-30 23:03:25+00:00,291.0,0.759,960.0,1750.0,reapproach,1887.0,2025-05-30 19:03:18-04:00
abb6a8_20250530_030422,abb6a8,ERU854,16,2025-05-30 05:06:50+00:00,2025-05-30 05:10:05+00:00,go_around,False,False,191.0,2025-05-30 05:09:34+00:00,29.201939,-81.061653,11.0,2025-05-30 05:09:38+00:00,216.0,0.614,1152.0,1750.0,reapproach,782.0,2025-05-30 01:09:34-04:00
ac3493_20250530_011114,ac3493,ERU886,16,2025-05-30 01:29:07+00:00,2025-05-30 01:32:44+00:00,go_around,False,False,216.0,2025-05-30 01:31:53+00:00,29.202219,-81.061276,16.0,2025-05-30 01:31:58+00:00,266.0,0.61,1216.0,1450.0,reapproach,835.0,2025-05-29 21:31:53-04:00
ad52d3_20250530_131548,ad52d3,ERU958,16,2025-05-30 14:06:43+00:00,2025-05-30 14:07:57+00:00,ga_ambiguous,False,False,566.0,2025-05-30 14:07:38+00:00,29.205617,-81.063214,23.0,2025-05-30 14:07:56+00:00,641.0,0.618,832.0,825.0,reapproach,310.0,2025-05-30 10:07:38-04:00
ad67bf_20250530_031558,ad67bf,ERU963,16,2025-05-30 04:48:52+00:00,2025-05-30 04:52:41+00:00,ga_ambiguous,False,False,241.0,2025-05-30 04:51:45+00:00,29.203196,-81.061814,22.0,2025-05-30 04:51:53+00:00,241.0,0.618,1216.0,1725.0,reapproach,989.0,2025-05-30 00:51:45-04:00
a57db5_20250531_182050,a57db5,ERU453,25L,2025-05-31 19:02:39+00:00,2025-05-31 19:03:24+00:00,go_around,False,False,66.0,2025-05-31 19:03:04+00:00,29.1802,-81.046681,10.0,2025-05-31 19:03:12+00:00,91.0,-0.084,768.0,900.0,reapproach,270.0,2025-05-31 15:03:04-04:00
a5ecc4_20250531_000001,a5ecc4,ERU481,16,2025-05-31 00:05:28+00:00,2025-05-31 00:08:10+00:00,go_around,False,False,366.0,2025-05-31 00:07:20+00:00,29.212321,-81.066446,9.0,2025-05-31 00:07:25+00:00,391.0,1.249,1280.0,1675.0,reapproach,977.0,2025-05-30 20:07:20-04:00
ab9697_20250531_173844,ab9697,ERU846,25L,2025-05-31 18:20:21+00:00,2025-05-31 18:21:06+00:00,go_around,False,False,266.0,2025-05-31 18:20:43+00:00,29.180572,-81.045335,6.0,2025-05-31 18:20:48+00:00,291.0,0.045,896.0,700.0,reapproach,268.0,2025-05-31 14:20:43-04:00
ad1153_20250531_010016,ad1153,ERU941,16,2025-05-31 02:04:01+00:00,2025-05-31 02:06:46+00:00,go_around,False,False,241.0,2025-05-31 02:06:05+00:00,29.201981,-81.06109,14.0,2025-05-31 02:06:14+00:00,316.0,0.484,960.0,1750.0,reapproach,871.0,2025-05-30 22:06:05-04:00
a36ec4_20250601_111836,a36ec4,ERU320,25R,2025-06-01 12:17:18+00:00,2025-06-01 12:20:16+00:00,go_around,False,False,216.0,2025-06-01 12:19:34+00:00,29.189529,-81.03579,10.0,2025-06-01 12:19:40+00:00,216.0,0.545,1536.0,750.0,reapproach,322.0,2025-06-01 08:19:34-04:00
a4dfb9_20250601_223110,a4dfb9,ERU413,07L,2025-06-01 23:07:48+00:00,2025-06-01 23:11:16+00:00,go_around,False,False,191.0,2025-06-01 23:10:29+00:00,29.167212,-81.089657,14.0,2025-06-01 23:10:39+00:00,216.0,0.436,1664.0,1875.0,reapproach,847.0,2025-06-01 19:10:29-04:00
a626d6_20250601_175021,a626d6,ERU496,07R,2025-06-01 17:53:55+00:00,2025-06-01 17:54:40+00:00,go_around,False,False,316.0,2025-06-01 17:54:16+00:00,29.174893,-81.05966,15.0,2025-06-01 17:54:26+00:00,341.0,-0.022,768.0,575.0,reapproach,133.0,2025-06-01 13:54:16-04:00
aafc52_20250601_144304,aafc52,ERU807,07R,2025-06-01 15:17:34+00:00,2025-06-01 15:18:35+00:00,go_around,False,False,41.0,2025-06-01 15:18:17+00:00,29.17615,-81.05659,9.0,2025-06-01 15:18:23+00:00,41.0,-0.11,896.0,925.0,reapproach,218.0,2025-06-01 11:18:17-04:00
abb6a8_20250601_230521,abb6a8,ERU854,07L,2025-06-01 23:43:08+00:00,2025-06-01 23:46:12+00:00,ga_ambiguous,False,False,91.0,2025-06-01 23:45:45+00:00,29.170349,-81.083486,26.0,2025-06-01 23:46:05+00:00,366.0,-0.146,832.0,1925.0,leg_end,,2025-06-01 19:45:45-04:00
ac2d25_20250601_033839,ac2d25,ERU884,07L,2025-06-01 04:46:35+00:00,2025-06-01 04:49:28+00:00,ga_ambiguous,False,False,341.0,2025-06-01 04:48:14+00:00,29.167419,-81.090458,24.0,2025-06-01 04:48:32+00:00,416.0,0.197,960.0,1625.0,reapproach,1002.0,2025-06-01 00:48:14-04:00
ac2d25_20250601_222911,ac2d25,ERU884,07L,2025-06-01 23:20:13+00:00,2025-06-01 23:23:28+00:00,go_around,False,False,91.0,2025-06-01 23:23:03+00:00,29.171082,-81.082376,12.0,2025-06-01 23:23:11+00:00,141.0,0.085,1024.0,1850.0,reapproach,814.0,2025-06-01 19:23:03-04:00
ac8233_20250601_004046,ac8233,ERU905,07L,2025-06-01 01:54:53+00:00,2025-06-01 01:58:24+00:00,go_around,False,False,166.0,2025-06-01 01:57:12+00:00,29.169632,-81.085026,15.0,2025-06-01 01:57:22+00:00,216.0,0.142,960.0,850.0,reapproach,228.0,2025-05-31 21:57:12-04:00
ac8d58_20250601_005254,ac8d58,ERU908,07L,2025-06-01 02:55:07+00:00,2025-06-01 02:58:28+00:00,go_around,False,False,41.0,2025-06-01 02:57:33+00:00,29.172684,-81.077623,14.0,2025-06-01 02:57:38+00:00,66.0,-0.168,1216.0,1925.0,reapproach,928.0,2025-05-31 22:57:33-04:00
ad1c78_20250601_005439,ad1c78,ERU944,07L,2025-06-01 01:32:15+00:00,2025-06-01 01:35:26+00:00,go_around,False,False,91.0,2025-06-01 01:34:20+00:00,29.170703,-81.082602,11.0,2025-06-01 01:34:26+00:00,116.0,0.139,1152.0,1875.0,reapproach,911.0,2025-05-31 21:34:20-04:00
a5a17d_20250602_215036,a5a17d,ERU462,07L,2025-06-02 22:20:56+00:00,2025-06-02 22:24:16+00:00,go_around,False,False,91.0,2025-06-02 22:23:45+00:00,29.170843,-81.082279,14.0,2025-06-02 22:23:52+00:00,116.0,0.085,1216.0,2350.0,reapproach,1090.0,2025-06-02 18:23:45-04:00
ac384a_20250602_031047,ac384a,ERU887,07L,2025-06-02 03:24:25+00:00,2025-06-02 03:27:25+00:00,go_around,False,False,166.0,2025-06-02 03:26:41+00:00,29.169493,-81.086964,15.0,2025-06-02 03:26:52+00:00,191.0,0.221,1408.0,1825.0,reapproach,707.0,2025-06-01 23:26:41-04:00
ac8233_20250602_162609,ac8233,ERU905,25L,2025-06-02 16:43:50+00:00,2025-06-02 16:44:44+00:00,go_around,False,False,366.0,2025-06-02 16:44:15+00:00,29.181244,-81.043238,9.0,2025-06-02 16:44:22+00:00,366.0,0.118,1152.0,625.0,reapproach,225.0,2025-06-02 12:44:15-04:00
ac910f_20250602_125214,ac910f,ERU909,25L,2025-06-02 14:26:01+00:00,2025-06-02 14:26:32+00:00,go_around,False,False,91.0,2025-06-02 14:26:16+00:00,29.180054,-81.046935,10.0,2025-06-02 14:26:22+00:00,91.0,-0.074,1024.0,875.0,reapproach,276.0,2025-06-02 10:26:16-04:00
a4b0cc_20250603_000001,a4b0cc,ERU401,07L,2025-06-03 01:10:58+00:00,2025-06-03 01:14:20+00:00,go_around,False,False,91.0,2025-06-03 01:13:43+00:00,29.17061,-81.082225,13.0,2025-06-03 01:13:51+00:00,141.0,0.03,1088.0,1875.0,reapproach,714.0,2025-06-02 21:13:43-04:00
ab113e_20250603_022940,ab113e,ERU812,07L,2025-06-03 02:43:57+00:00,2025-06-03 02:47:00+00:00,go_around,False,False,91.0,2025-06-03 02:46:31+00:00,29.170005,-81.083787,11.0,2025-06-03 02:46:37+00:00,116.0,0.19,960.0,1875.0,reapproach,807.0,2025-06-02 22:46:31-04:00
ab9a4e_20250603_013543,ab9a4e,ERU847,07L,2025-06-03 01:50:38+00:00,2025-06-03 01:54:01+00:00,go_around,False,False,91.0,2025-06-03 01:53:15+00:00,29.170578,-81.082588,11.0,2025-06-03 01:53:20+00:00,141.0,0.142,1152.0,1875.0,reapproach,1016.0,2025-06-02 21:53:15-04:00
abaf3a_20250603_000514,abaf3a,ERU852,07L,2025-06-03 01:00:19+00:00,2025-06-03 01:03:33+00:00,go_around,False,False,66.0,2025-06-03 01:03:00+00:00,29.170761,-81.082218,10.0,2025-06-03 01:03:07+00:00,66.0,0.071,1344.0,1975.0,reapproach,724.0,2025-06-02 21:03:00-04:00
abd302_20250603_181607,abd302,ERU861,07R,2025-06-03 18:48:38+00:00,2025-06-03 18:51:00+00:00,go_around,False,False,166.0,2025-06-03 18:50:12+00:00,29.171727,-81.067361,18.0,2025-06-03 18:50:26+00:00,216.0,0.375,896.0,750.0,reapproach,218.0,2025-06-03 14:50:12-04:00
abd302_20250603_181607,abd302,ERU861,07R,2025-06-03 19:05:22+00:00,2025-06-03 19:06:05+00:00,go_around,False,False,241.0,2025-06-03 19:05:38+00:00,29.17452,-81.060091,12.0,2025-06-03 19:05:42+00:00,241.0,0.126,896.0,700.0,reapproach,226.0,2025-06-03 15:05:38-04:00
acc9c3_20250603_010533,acc9c3,ERU923,07L,2025-06-03 01:25:00+00:00,2025-06-03 01:28:17+00:00,go_around,False,False,66.0,2025-06-03 01:27:35+00:00,29.170624,-81.082535,10.0,2025-06-03 01:27:43+00:00,66.0,0.045,1088.0,1850.0,reapproach,1075.0,2025-06-02 21:27:35-04:00
ab0d87_20250604_122926,ab0d87,ERU811,07R,2025-06-04 12:38:20+00:00,2025-06-04 12:38:55+00:00,go_around,False,False,41.0,2025-06-04 12:38:33+00:00,29.174986,-81.059283,14.0,2025-06-04 12:38:43+00:00,41.0,-0.071,768.0,825.0,reapproach,186.0,2025-06-04 08:38:33-04:00
abab83_20250604_032411,abab83,ERU851,16,2025-06-04 03:57:15+00:00,2025-06-04 03:59:29+00:00,ga_ambiguous,False,False,391.0,2025-06-04 03:59:09+00:00,29.211809,-81.066446,26.0,2025-06-04 03:59:30+00:00,491.0,0.797,384.0,600.0,reapproach,129.0,2025-06-03 23:59:09-04:00
abab83_20250604_032411,abab83,ERU851,07L,2025-06-04 04:19:26+00:00,2025-06-04 04:22:43+00:00,go_around,False,False,116.0,2025-06-04 04:21:54+00:00,29.170424,-81.082818,15.0,2025-06-04 04:22:00+00:00,141.0,0.149,960.0,1825.0,reapproach,653.0,2025-06-04 00:21:54-04:00
ab1c63_20250605_023023,ab1c63,ERU815,16,2025-06-05 02:42:41+00:00,2025-06-05 02:46:55+00:00,go_around,False,False,266.0,2025-06-05 02:45:12+00:00,29.205571,-81.063322,11.0,2025-06-05 02:45:16+00:00,291.0,0.857,1024.0,1725.0,reapproach,658.0,2025-06-04 22:45:12-04:00
ab38bd_20250605_183222,ab38bd,ERU822,25L,2025-06-05 19:19:12+00:00,2025-06-05 19:20:27+00:00,go_around,False,False,41.0,2025-06-05 19:20:24+00:00,29.180969,-81.044769,15.0,2025-06-05 19:20:24+00:00,41.0,0.176,960.0,1000.0,reapproach,287.0,2025-06-05 15:20:24-04:00
abb6a8_20250605_194600,abb6a8,ERU854,25L,2025-06-05 19:54:42+00:00,2025-06-05 19:56:08+00:00,go_around,False,False,41.0,2025-06-05 19:56:08+00:00,29.180991,-81.044689,1.0,2025-06-05 19:56:09+00:00,41.0,-0.49,640.0,975.0,reapproach,240.0,2025-06-05 15:56:08-04:00
ac8d58_20250605_005126,ac8d58,ERU908,16,2025-06-05 01:47:22+00:00,2025-06-05 01:50:22+00:00,go_around,False,False,291.0,2025-06-05 01:49:42+00:00,29.207386,-81.063915,17.0,2025-06-05 01:49:52+00:00,291.0,0.809,1088.0,1750.0,reapproach,1264.0,2025-06-04 21:49:42-04:00
ac8d58_20250605_005126,ac8d58,ERU908,16,2025-06-05 02:11:26+00:00,2025-06-05 02:15:37+00:00,ga_ambiguous,False,False,216.0,2025-06-05 02:14:25+00:00,29.200496,-81.060953,25.0,2025-06-05 02:14:34+00:00,241.0,0.447,832.0,775.0,reapproach,109.0,2025-06-04 22:14:25-04:00
ad4f1c_20250605_193715,ad4f1c,ERU957,25L,2025-06-05 19:56:48+00:00,2025-06-05 19:57:54+00:00,go_around,False,False,66.0,2025-06-05 19:57:53+00:00,29.181038,-81.044689,12.0,2025-06-05 19:57:53+00:00,66.0,0.182,896.0,950.0,reapproach,263.0,2025-06-05 15:57:53-04:00
ad8f3e_20250605_152041,ad8f3e,ERU973,25L,2025-06-05 16:38:41+00:00,2025-06-05 16:40:02+00:00,go_around,False,False,116.0,2025-06-05 16:40:02+00:00,29.182434,-81.041389,1.0,2025-06-05 16:40:03+00:00,116.0,-0.466,1024.0,875.0,reapproach,200.0,2025-06-05 12:40:02-04:00
a48aab_20250606_180318,a48aab,ERU392,07R,2025-06-06 18:59:14+00:00,2025-06-06 19:00:28+00:00,go_around,False,False,41.0,2025-06-06 19:00:03+00:00,29.17511,-81.059294,9.0,2025-06-06 19:00:08+00:00,66.0,0.047,832.0,850.0,reapproach,230.0,2025-06-06 15:00:03-04:00
a57290_20250606_022907,a57290,ERU450,16,2025-06-06 02:41:49+00:00,2025-06-06 02:45:05+00:00,go_around,False,False,241.0,2025-06-06 02:44:16+00:00,29.204865,-81.063045,14.0,2025-06-06 02:44:25+00:00,266.0,0.686,896.0,2275.0,reapproach,846.0,2025-06-05 22:44:16-04:00
a5d7d8_20250606_150514,a5d7d8,ERU476,25L,2025-06-06 15:59:47+00:00,2025-06-06 16:00:29+00:00,ga_ambiguous,False,False,166.0,2025-06-06 15:59:56+00:00,29.181931,-81.042445,28.0,2025-06-06 16:00:24+00:00,166.0,-0.193,1216.0,800.0,reapproach,297.0,2025-06-06 11:59:56-04:00
a5f432_20250606_153729,a5f432,ERU483,25L,2025-06-06 15:49:10+00:00,2025-06-06 15:50:33+00:00,go_around,False,False,141.0,2025-06-06 15:50:18+00:00,29.180246,-81.046466,9.0,2025-06-06 15:50:24+00:00,191.0,0.0,1216.0,875.0,reapproach,384.0,2025-06-06 11:50:18-04:00
ab63f3_20250606_030547,ab63f3,ERU833,16,2025-06-06 03:21:23+00:00,2025-06-06 03:24:06+00:00,ga_ambiguous,False,False,416.0,2025-06-06 03:23:05+00:00,29.209351,-81.065474,26.0,2025-06-06 03:23:27+00:00,641.0,0.719,960.0,1575.0,reapproach,888.0,2025-06-05 23:23:05-04:00
ac770e_20250606_202909,ac770e,ERU902,07L,2025-06-06 20:46:36+00:00,2025-06-06 20:49:14+00:00,go_around,False,False,91.0,2025-06-06 20:48:55+00:00,29.17131,-81.081003,14.0,2025-06-06 20:49:01+00:00,116.0,0.021,1408.0,1900.0,reapproach,952.0,2025-06-06 16:48:55-04:00
acc9c3_20250606_110855,acc9c3,ERU923,25L,2025-06-06 11:20:57+00:00,2025-06-06 11:21:51+00:00,go_around,False,False,91.0,2025-06-06 11:21:51+00:00,29.180969,-81.044611,19.0,2025-06-06 11:21:51+00:00,91.0,0.183,832.0,925.0,reapproach,176.0,2025-06-06 07:21:51-04:00
a4dfb9_20250607_183316,a4dfb9,ERU413,25L,2025-06-07 19:09:05+00:00,2025-06-07 19:09:45+00:00,ga_ambiguous,False,False,91.0,2025-06-07 19:09:29+00:00,29.179827,-81.047543,21.0,2025-06-07 19:09:44+00:00,241.0,-0.26,768.0,875.0,reapproach,362.0,2025-06-07 15:09:29-04:00
a4dfb9_20250607_183316,a4dfb9,ERU413,25L,2025-06-07 19:20:25+00:00,2025-06-07 19:21:09+00:00,go_around,False,False,116.0,2025-06-07 19:20:47+00:00,29.180619,-81.045766,4.0,2025-06-07 19:20:49+00:00,116.0,0.084,1024.0,850.0,reapproach,169.0,2025-06-07 15:20:47-04:00
a4dfb9_20250607_183316,a4dfb9,ERU413,25L,2025-06-07 19:23:58+00:00,2025-06-07 19:24:51+00:00,go_around,False,False,266.0,2025-06-07 19:24:16+00:00,29.181969,-81.042427,7.0,2025-06-07 19:24:20+00:00,266.0,0.296,960.0,650.0,reapproach,123.0,2025-06-07 15:24:16-04:00
a593ff_20250607_153348,a593ff,ERU459,25L,2025-06-07 15:42:10+00:00,2025-06-07 15:43:33+00:00,go_around,False,False,41.0,2025-06-07 15:43:32+00:00,29.181038,-81.044581,13.0,2025-06-07 15:43:45+00:00,66.0,-0.603,1024.0,900.0,reapproach,241.0,2025-06-07 11:43:32-04:00
a5f07b_20250607_175244,a5f07b,ERU482,25L,2025-06-07 19:33:03+00:00,2025-06-07 19:33:53+00:00,go_around,False,False,191.0,2025-06-07 19:33:26+00:00,29.181363,-81.043396,9.0,2025-06-07 19:33:32+00:00,191.0,0.123,1024.0,775.0,reapproach,36.0,2025-06-07 15:33:26-04:00
ab5c85_20250607_173851,ab5c85,ERU831,25L,2025-06-07 17:57:22+00:00,2025-06-07 17:57:59+00:00,go_around,False,False,141.0,2025-06-07 17:57:39+00:00,29.180237,-81.046724,11.0,2025-06-07 17:57:47+00:00,141.0,-0.079,896.0,800.0,reapproach,188.0,2025-06-07 13:57:39-04:00
ab5c85_20250607_173851,ab5c85,ERU831,25L,2025-06-07 18:05:57+00:00,2025-06-07 18:06:54+00:00,go_around,False,False,41.0,2025-06-07 18:06:54+00:00,29.180511,-81.04572,11.0,2025-06-07 18:06:54+00:00,41.0,0.119,832.0,875.0,reapproach,223.0,2025-06-07 14:06:54-04:00
ac05a6_20250607_200229,ac05a6,ERU874,25L,2025-06-07 20:21:48+00:00,2025-06-07 20:22:36+00:00,go_around,False,False,116.0,2025-06-07 20:22:03+00:00,29.182434,-81.041125,13.0,2025-06-07 20:22:09+00:00,116.0,0.258,1088.0,2175.0,reapproach,3842.0,2025-06-07 16:22:03-04:00
ac3493_20250607_021631,ac3493,ERU886,16,2025-06-07 02:54:00+00:00,2025-06-07 02:56:50+00:00,go_around,False,False,216.0,2025-06-07 02:56:08+00:00,29.202917,-81.062676,12.0,2025-06-07 02:56:14+00:00,291.0,0.619,1024.0,1800.0,reapproach,910.0,2025-06-06 22:56:08-04:00
a626d6_20250608_184418,a626d6,ERU496,25L,2025-06-08 19:47:09+00:00,2025-06-08 19:47:50+00:00,go_around,False,False,191.0,2025-06-08 19:47:18+00:00,29.182251,-81.041389,6.0,2025-06-08 19:47:23+00:00,191.0,0.264,1024.0,775.0,reapproach,143.0,2025-06-08 15:47:18-04:00
ab0d87_20250608_123710,ab0d87,ERU811,25L,2025-06-08 12:52:45+00:00,2025-06-08 12:54:54+00:00,go_around,False,False,191.0,2025-06-08 12:53:53+00:00,29.185364,-81.033836,18.0,2025-06-08 12:53:59+00:00,191.0,0.722,768.0,800.0,reapproach,284.0,2025-06-08 08:53:53-04:00
ac3493_20250608_153342,ac3493,ERU886,25L,2025-06-08 16:54:21+00:00,2025-06-08 16:55:40+00:00,go_around,False,False,66.0,2025-06-08 16:55:39+00:00,29.181564,-81.043343,2.0,2025-06-08 16:55:39+00:00,66.0,0.259,960.0,900.0,reapproach,82.0,2025-06-08 12:55:39-04:00
a57db5_20250609_205639,a57db5,ERU453,16,2025-06-09 22:22:36+00:00,2025-06-09 22:26:08+00:00,go_around,False,False,241.0,2025-06-09 22:25:16+00:00,29.205505,-81.063309,16.0,2025-06-09 22:25:22+00:00,241.0,0.724,1088.0,1250.0,reapproach,167.0,2025-06-09 18:25:16-04:00
a593ff_20250609_153048,a593ff,ERU459,25L,2025-06-09 16:09:34+00:00,2025-06-09 16:10:31+00:00,go_around,False,False,66.0,2025-06-09 16:10:30+00:00,29.180339,-81.04625,11.0,2025-06-09 16:10:30+00:00,66.0,0.09,1152.0,925.0,reapproach,169.0,2025-06-09 12:10:30-04:00
a5f07b_20250609_102107,a5f07b,ERU482,25L,2025-06-09 11:42:57+00:00,2025-06-09 11:44:51+00:00,go_around,False,False,116.0,2025-06-09 11:44:51+00:00,29.181596,-81.043234,16.0,2025-06-09 11:44:51+00:00,116.0,0.265,1024.0,825.0,reapproach,209.0,2025-06-09 07:44:51-04:00
ab38bd_20250609_034038,ab38bd,ERU822,16,2025-06-09 04:58:47+00:00,2025-06-09 05:02:58+00:00,go_around,False,False,316.0,2025-06-09 05:02:12+00:00,29.189529,-81.038959,12.0,2025-06-09 05:02:19+00:00,341.0,-0.489,960.0,1625.0,reapproach,1026.0,2025-06-09 01:02:12-04:00
ac54a4_20250609_124445,ac54a4,ERU894,25R,2025-06-09 14:36:48+00:00,2025-06-09 14:38:33+00:00,ga_ambiguous,False,False,666.0,2025-06-09 14:37:47+00:00,29.189484,-81.036318,28.0,2025-06-09 14:38:10+00:00,766.0,0.229,832.0,325.0,reapproach,276.0,2025-06-09 10:37:47-04:00
a4b0cc_20250610_131822,a4b0cc,ERU401,16,2025-06-10 14:19:30+00:00,2025-06-10 14:21:50+00:00,ga_ambiguous,False,False,416.0,2025-06-10 14:21:29+00:00,29.208481,-81.064629,23.0,2025-06-10 14:21:40+00:00,466.0,0.875,832.0,400.0,reapproach,15.0,2025-06-10 10:21:29-04:00
a6231f_20250610_224954,a6231f,ERU495,16,2025-06-10 23:03:52+00:00,2025-06-10 23:07:18+00:00,go_around,False,False,216.0,2025-06-10 23:06:31+00:00,29.203103,-81.06203,14.0,2025-06-10 23:06:45+00:00,291.0,0.452,1216.0,1775.0,reapproach,582.0,2025-06-10 19:06:31-04:00
ac3493_20250610_154512,ac3493,ERU886,25L,2025-06-10 16:39:10+00:00,2025-06-10 16:39:50+00:00,go_around,False,False,66.0,2025-06-10 16:39:32+00:00,29.180191,-81.046776,7.0,2025-06-10 16:39:38+00:00,66.0,0.061,704.0,975.0,reapproach,127.0,2025-06-10 12:39:32-04:00
ad1c78_20250610_170800,ad1c78,ERU944,25L,2025-06-10 17:31:29+00:00,2025-06-10 17:32:34+00:00,go_around,False,False,41.0,2025-06-10 17:32:26+00:00,29.178818,-81.049998,8.0,2025-06-10 17:32:26+00:00,41.0,-0.127,960.0,850.0,reapproach,201.0,2025-06-10 13:32:26-04:00
a5f432_20250611_151304,a5f432,ERU483,07R,2025-06-11 15:16:46+00:00,2025-06-11 15:17:31+00:00,go_around,False,False,91.0,2025-06-11 15:17:00+00:00,29.174055,-81.061868,11.0,2025-06-11 15:17:05+00:00,141.0,0.19,960.0,900.0,reapproach,239.0,2025-06-11 11:17:00-04:00
a626d6_20250611_112102,a626d6,ERU496,07R,2025-06-11 11:31:41+00:00,2025-06-11 11:32:46+00:00,ga_ambiguous,False,False,91.0,2025-06-11 11:32:29+00:00,29.175777,-81.057344,28.0,2025-06-11 11:32:53+00:00,266.0,-0.417,896.0,875.0,reapproach,140.0,2025-06-11 07:32:29-04:00
ab2b3f_20250611_154854,ab2b3f,ERU819,07R,2025-06-11 15:52:11+00:00,2025-06-11 15:53:00+00:00,go_around,False,False,66.0,2025-06-11 15:52:34+00:00,29.175265,-81.058798,9.0,2025-06-11 15:52:40+00:00,116.0,0.008,832.0,925.0,reapproach,195.0,2025-06-11 11:52:34-04:00
ab5c85_20250611_195403,ab5c85,ERU831,07R,2025-06-11 21:30:47+00:00,2025-06-11 21:31:45+00:00,go_around,False,False,41.0,2025-06-11 21:31:13+00:00,29.174332,-81.061038,13.0,2025-06-11 21:31:22+00:00,41.0,0.093,1024.0,875.0,reapproach,37.0,2025-06-11 17:31:13-04:00
abab83_20250611_231710,abab83,ERU851,07L,2025-06-11 23:44:36+00:00,2025-06-11 23:47:55+00:00,go_around,False,False,241.0,2025-06-11 23:47:06+00:00,29.167191,-81.090933,11.0,2025-06-11 23:47:14+00:00,266.0,0.554,1024.0,1750.0,leg_end,,2025-06-11 19:47:06-04:00
abb6a8_20250611_132640,abb6a8,ERU854,07L,2025-06-11 14:18:37+00:00,2025-06-11 14:22:07+00:00,go_around,False,False,91.0,2025-06-11 14:21:04+00:00,29.170486,-81.082218,11.0,2025-06-11 14:21:12+00:00,166.0,0.033,1408.0,2100.0,reapproach,2159.0,2025-06-11 10:21:04-04:00
abe94c_20250611_221711,abe94c,ERU867,07L,2025-06-11 23:07:31+00:00,2025-06-11 23:11:08+00:00,go_around,False,False,166.0,2025-06-11 23:10:13+00:00,29.169113,-81.086496,14.0,2025-06-11 23:10:23+00:00,216.0,0.501,1024.0,2375.0,reapproach,1484.0,2025-06-11 19:10:13-04:00
ad03d5_20250611_035612,ad03d5,ERU938,16,2025-06-11 04:09:09+00:00,2025-06-11 04:12:13+00:00,go_around,False,False,216.0,2025-06-11 04:11:34+00:00,29.203766,-81.062094,4.0,2025-06-11 04:11:38+00:00,216.0,0.706,832.0,1750.0,reapproach,830.0,2025-06-11 00:11:34-04:00
ad03d5_20250611_035612,ad03d5,ERU938,16,2025-06-11 04:26:03+00:00,2025-06-11 04:29:16+00:00,go_around,False,False,191.0,2025-06-11 04:28:30+00:00,29.203196,-81.061922,7.0,2025-06-11 04:28:35+00:00,241.0,0.643,1024.0,1750.0,reapproach,638.0,2025-06-11 00:28:30-04:00
a5d7d8_20250612_111641,a5d7d8,ERU476,07R,2025-06-12 11:57:56+00:00,2025-06-12 11:58:38+00:00,go_around,False,False,41.0,2025-06-12 11:58:16+00:00,29.17511,-81.059136,11.0,2025-06-12 11:58:21+00:00,41.0,0.035,1536.0,900.0,reapproach,41.0,2025-06-12 07:58:16-04:00
ac30dc_20250612_003742,ac30dc,ERU885,07L,2025-06-12 01:28:13+00:00,2025-06-12 01:31:24+00:00,go_around,False,False,191.0,2025-06-12 01:30:39+00:00,29.167305,-81.089657,13.0,2025-06-12 01:30:45+00:00,216.0,0.574,1600.0,1775.0,reapproach,802.0,2025-06-11 21:30:39-04:00
ac910f_20250612_224527,ac910f,ERU909,07L,2025-06-12 23:02:25+00:00,2025-06-12 23:05:45+00:00,go_around,False,False,316.0,2025-06-12 23:04:53+00:00,29.166229,-81.094366,13.0,2025-06-12 23:04:59+00:00,366.0,0.771,1280.0,1675.0,reapproach,802.0,2025-06-12 19:04:53-04:00
ac910f_20250612_224527,ac910f,ERU909,07L,2025-06-12 23:19:07+00:00,2025-06-12 23:22:08+00:00,go_around,False,False,66.0,2025-06-12 23:21:47+00:00,29.171814,-81.080686,10.0,2025-06-12 23:21:51+00:00,66.0,0.068,1152.0,1925.0,reapproach,726.0,2025-06-12 19:21:47-04:00
ad67bf_20250612_012458,ad67bf,ERU963,07L,2025-06-12 01:56:23+00:00,2025-06-12 02:00:03+00:00,go_around,False,False,91.0,2025-06-12 01:59:00+00:00,29.170029,-81.083908,8.0,2025-06-12 01:59:05+00:00,116.0,0.252,1216.0,2425.0,reapproach,978.0,2025-06-11 21:59:00-04:00
ad67bf_20250612_012458,ad67bf,ERU963,07L,2025-06-12 02:16:21+00:00,2025-06-12 02:19:09+00:00,go_around,False,False,116.0,2025-06-12 02:18:47+00:00,29.170624,-81.082535,10.0,2025-06-12 02:18:52+00:00,116.0,0.248,1280.0,1850.0,reapproach,844.0,2025-06-11 22:18:47-04:00
ad6f2d_20250612_125012,ad6f2d,ERU965,07R,2025-06-12 13:16:27+00:00,2025-06-12 13:18:07+00:00,go_around,False,False,41.0,2025-06-12 13:17:43+00:00,29.174881,-81.059347,10.0,2025-06-12 13:17:46+00:00,41.0,0.078,960.0,925.0,reapproach,218.0,2025-06-12 09:17:43-04:00
a38c7c_20250613_121844,a38c7c,ERU328,16,2025-06-13 12:31:47+00:00,2025-06-13 12:35:02+00:00,go_around,False,False,266.0,2025-06-13 12:34:17+00:00,29.206238,-81.063943,16.0,2025-06-13 12:34:27+00:00,266.0,0.733,1280.0,1775.0,reapproach,606.0,2025-06-13 08:34:17-04:00
a61bb1_20250613_132919,a61bb1,ERU493,16,2025-06-13 14:04:42+00:00,2025-06-13 14:06:20+00:00,go_around,False,False,416.0,2025-06-13 14:06:00+00:00,29.210133,-81.065315,11.0,2025-06-13 14:06:03+00:00,416.0,1.155,960.0,1575.0,reapproach,957.0,2025-06-13 10:06:00-04:00
ab87bb_20250613_205912,ab87bb,ERU842,16,2025-06-13 22:13:58+00:00,2025-06-13 22:17:06+00:00,ga_ambiguous,False,False,666.0,2025-06-13 22:16:00+00:00,29.222672,-81.072024,23.0,2025-06-13 22:16:14+00:00,691.0,1.786,960.0,1375.0,reapproach,818.0,2025-06-13 18:16:00-04:00
abf0ba_20250613_030402,abf0ba,ERU869,07L,2025-06-13 04:36:28+00:00,2025-06-13 04:38:20+00:00,go_around,False,False,491.0,2025-06-13 04:38:08+00:00,29.172501,-81.078468,10.0,2025-06-13 04:38:13+00:00,516.0,-0.099,896.0,1500.0,reapproach,776.0,2025-06-13 00:38:08-04:00
abf0ba_20250613_110127,abf0ba,ERU869,07R,2025-06-13 11:15:28+00:00,2025-06-13 11:16:19+00:00,go_around,False,False,141.0,2025-06-13 11:15:58+00:00,29.175265,-81.059014,8.0,2025-06-13 11:16:04+00:00,141.0,0.0,704.0,800.0,reapproach,331.0,2025-06-13 07:15:58-04:00
ac4d36_20250613_161623,ac4d36,ERU892,07L,2025-06-13 17:16:38+00:00,2025-06-13 17:19:11+00:00,go_around,False,False,191.0,2025-06-13 17:18:43+00:00,29.170761,-81.082535,9.0,2025-06-13 17:18:47+00:00,216.0,0.204,1152.0,775.0,reapproach,243.0,2025-06-13 13:18:43-04:00
ac54a4_20250613_031320,ac54a4,ERU894,07L,2025-06-13 04:24:27+00:00,2025-06-13 04:27:39+00:00,go_around,False,False,366.0,2025-06-13 04:26:42+00:00,29.164651,-81.097843,12.0,2025-06-13 04:26:49+00:00,366.0,0.958,1344.0,1600.0,reapproach,663.0,2025-06-13 00:26:42-04:00
ac8233_20250613_002413,ac8233,ERU905,07L,2025-06-13 01:07:42+00:00,2025-06-13 01:11:14+00:00,ga_ambiguous,False,False,341.0,2025-06-13 01:09:44+00:00,29.166138,-81.093363,29.0,2025-06-13 01:10:05+00:00,516.0,0.371,832.0,1650.0,reapproach,890.0,2025-06-12 21:09:44-04:00
ad03d5_20250613_032207,ad03d5,ERU938,07L,2025-06-13 03:36:26+00:00,2025-06-13 03:39:48+00:00,go_around,False,False,216.0,2025-06-13 03:38:40+00:00,29.169213,-81.086695,9.0,2025-06-13 03:38:45+00:00,241.0,0.393,1088.0,1800.0,reapproach,745.0,2025-06-12 23:38:40-04:00
ad1c78_20250613_030042,ad1c78,ERU944,07L,2025-06-13 03:17:28+00:00,2025-06-13 03:20:10+00:00,go_around,False,False,291.0,2025-06-13 03:19:40+00:00,29.169586,-81.086103,11.0,2025-06-13 03:19:46+00:00,316.0,0.296,768.0,1725.0,reapproach,631.0,2025-06-12 23:19:40-04:00
ada588_20250613_205250,ada588,ERU979,16,2025-06-13 21:47:37+00:00,2025-06-13 21:51:34+00:00,go_around,False,False,216.0,2025-06-13 21:50:37+00:00,29.202393,-81.061671,8.0,2025-06-13 21:50:42+00:00,266.0,0.637,1920.0,1750.0,reapproach,1135.0,2025-06-13 17:50:37-04:00
ab14f5_20250614_230251,ab14f5,ERU813,16,2025-06-14 23:16:11+00:00,2025-06-14 23:19:02+00:00,go_around,False,False,316.0,2025-06-14 23:18:37+00:00,29.20697,-81.063995,16.0,2025-06-14 23:18:44+00:00,341.0,0.876,1408.0,1650.0,reapproach,785.0,2025-06-14 19:18:37-04:00
ab5c85_20250614_204000,ab5c85,ERU831,16,2025-06-14 21:31:21+00:00,2025-06-14 21:34:40+00:00,ga_ambiguous,False,False,391.0,2025-06-14 21:33:46+00:00,29.211365,-81.065791,28.0,2025-06-14 21:34:07+00:00,466.0,0.871,896.0,1600.0,reapproach,656.0,2025-06-14 17:33:46-04:00
ab9a4e_20250614_020054,ab9a4e,ERU847,16,2025-06-14 02:17:02+00:00,2025-06-14 02:20:26+00:00,go_around,False,False,241.0,2025-06-14 02:19:49+00:00,29.203033,-81.062252,13.0,2025-06-14 02:19:56+00:00,266.0,0.614,1344.0,1825.0,reapproach,1250.0,2025-06-13 22:19:49-04:00
ab9a4e_20250614_020054,ab9a4e,ERU847,16,2025-06-14 02:41:16+00:00,2025-06-14 02:44:40+00:00,go_around,False,False,266.0,2025-06-14 02:43:56+00:00,29.205963,-81.063573,14.0,2025-06-14 02:44:02+00:00,266.0,0.848,960.0,2275.0,reapproach,1065.0,2025-06-13 22:43:56-04:00
abb6a8_20250614_105739,abb6a8,ERU854,25R,2025-06-14 11:53:55+00:00,2025-06-14 11:54:52+00:00,go_around,False,False,116.0,2025-06-14 11:54:23+00:00,29.18573,-81.045667,13.0,2025-06-14 11:54:23+00:00,116.0,0.132,768.0,1975.0,reapproach,932.0,2025-06-14 07:54:23-04:00
ac8233_20250614_221433,ac8233,ERU905,16,2025-06-14 22:33:03+00:00,2025-06-14 22:36:36+00:00,go_around,False,False,266.0,2025-06-14 22:35:31+00:00,29.206967,-81.064076,14.0,2025-06-14 22:35:39+00:00,291.0,1.047,1216.0,1725.0,reapproach,772.0,2025-06-14 18:35:31-04:00
ac910f_20250614_004309,ac910f,ERU909,16,2025-06-14 01:26:20+00:00,2025-06-14 01:30:19+00:00,go_around,False,False,241.0,2025-06-14 01:29:23+00:00,29.203171,-81.062833,12.0,2025-06-14 01:29:29+00:00,266.0,0.669,1920.0,2275.0,reapproach,1139.0,2025-06-13 21:29:23-04:00
ad67bf_20250614_013456,ad67bf,ERU963,16,2025-06-14 02:28:53+00:00,2025-06-14 02:32:17+00:00,go_around,False,False,316.0,2025-06-14 02:31:27+00:00,29.208572,-81.064788,19.0,2025-06-14 02:31:37+00:00,341.0,0.896,1600.0,1925.0,reapproach,987.0,2025-06-13 22:31:27-04:00
a5c545_20250615_125547,a5c545,ERU471,25L,2025-06-15 14:02:44+00:00,2025-06-15 14:03:39+00:00,go_around,False,False,66.0,2025-06-15 14:03:03+00:00,29.182526,-81.040861,11.0,2025-06-15 14:03:12+00:00,91.0,0.226,1088.0,925.0,reapproach,141.0,2025-06-15 10:03:03-04:00
ab9697_20250615_000001,ab9697,ERU846,16,2025-06-15 00:01:10+00:00,2025-06-15 00:04:45+00:00,go_around,False,False,266.0,2025-06-15 00:03:42+00:00,29.20491,-81.063097,8.0,2025-06-15 00:03:47+00:00,266.0,0.822,1152.0,1825.0,reapproach,879.0,2025-06-14 20:03:42-04:00
abab83_20250615_225743,abab83,ERU851,07L,2025-06-15 23:11:39+00:00,2025-06-15 23:14:56+00:00,go_around,False,False,91.0,2025-06-15 23:14:20+00:00,29.170796,-81.082279,14.0,2025-06-15 23:14:28+00:00,216.0,0.075,960.0,1875.0,reapproach,710.0,2025-06-15 19:14:20-04:00
abaf3a_20250615_122943,abaf3a,ERU852,25L,2025-06-15 12:32:34+00:00,2025-06-15 12:33:23+00:00,go_around,False,False,266.0,2025-06-15 12:32:52+00:00,29.181038,-81.044796,7.0,2025-06-15 12:32:54+00:00,266.0,0.134,896.0,750.0,reapproach,149.0,2025-06-15 08:32:52-04:00
ad6b76_20250615_033722,ad6b76,ERU964,07L,2025-06-15 04:16:05+00:00,2025-06-15 04:18:43+00:00,go_around,False,False,591.0,2025-06-15 04:18:09+00:00,29.168747,-81.08713,17.0,2025-06-15 04:18:17+00:00,616.0,0.307,1472.0,1400.0,reapproach,844.0,2025-06-15 00:18:09-04:00
a57290_20250616_154114,a57290,ERU450,25L,2025-06-16 15:55:37+00:00,2025-06-16 15:57:17+00:00,go_around,False,False,41.0,2025-06-16 15:57:17+00:00,29.181702,-81.043079,2.0,2025-06-16 15:57:19+00:00,16.0,-0.611,896.0,875.0,reapproach,217.0,2025-06-16 11:57:17-04:00
a5f07b_20250616_100925,a5f07b,ERU482,25L,2025-06-16 11:50:37+00:00,2025-06-16 11:51:31+00:00,go_around,False,False,41.0,2025-06-16 11:51:00+00:00,29.182388,-81.041125,12.0,2025-06-16 11:51:11+00:00,41.0,0.167,1280.0,975.0,reapproach,136.0,2025-06-16 07:51:00-04:00
a606c5_20250616_133231,a606c5,ERU488,25L,2025-06-16 14:07:42+00:00,2025-06-16 14:08:31+00:00,go_around,False,False,116.0,2025-06-16 14:08:00+00:00,29.181875,-81.042427,10.0,2025-06-16 14:08:05+00:00,116.0,0.264,896.0,850.0,reapproach,272.0,2025-06-16 10:08:00-04:00
ab14f5_20250616_172836,ab14f5,ERU813,07L,2025-06-16 18:10:33+00:00,2025-06-16 18:13:31+00:00,go_around,False,False,366.0,2025-06-16 18:12:33+00:00,29.164627,-81.097113,15.0,2025-06-16 18:12:39+00:00,391.0,1.043,1216.0,1625.0,reapproach,1043.0,2025-06-16 14:12:33-04:00
ab87bb_20250616_182616,ab87bb,ERU842,07R,2025-06-16 18:39:53+00:00,2025-06-16 18:40:59+00:00,go_around,False,False,91.0,2025-06-16 18:40:42+00:00,29.17598,-81.057287,8.0,2025-06-16 18:40:46+00:00,91.0,-0.058,960.0,850.0,reapproach,294.0,2025-06-16 14:40:42-04:00
ab87bb_20250616_231806,ab87bb,ERU842,16,2025-06-16 23:35:57+00:00,2025-06-16 23:37:41+00:00,go_around,False,False,716.0,2025-06-16 23:37:24+00:00,29.224704,-81.072424,13.0,2025-06-16 23:37:31+00:00,766.0,1.99,1024.0,875.0,reapproach,544.0,2025-06-16 19:37:24-04:00
ac5fc9_20250616_183605,ac5fc9,ERU897,07R,2025-06-16 18:46:51+00:00,2025-06-16 18:47:59+00:00,go_around,False,False,91.0,2025-06-16 18:47:34+00:00,29.175079,-81.059283,13.0,2025-06-16 18:47:46+00:00,116.0,-0.074,768.0,850.0,reapproach,187.0,2025-06-16 14:47:34-04:00
a4b0cc_20250617_122129,a4b0cc,ERU401,25L,2025-06-17 12:30:23+00:00,2025-06-17 12:31:28+00:00,go_around,False,False,41.0,2025-06-17 12:31:28+00:00,29.180649,-81.045403,13.0,2025-06-17 12:31:28+00:00,41.0,0.138,896.0,900.0,reapproach,209.0,2025-06-17 08:31:28-04:00
a61bb1_20250617_180310,a61bb1,ERU493,07L,2025-06-17 19:22:14+00:00,2025-06-17 19:25:19+00:00,go_around,False,False,616.0,2025-06-17 19:24:12+00:00,29.163487,-81.099997,14.0,2025-06-17 19:24:20+00:00,616.0,1.135,960.0,325.0,reapproach,311.0,2025-06-17 15:24:12-04:00
a6231f_20250617_151023,a6231f,ERU495,07R,2025-06-17 17:11:28+00:00,2025-06-17 17:12:09+00:00,go_around,False,False,141.0,2025-06-17 17:11:37+00:00,29.173553,-81.062939,10.0,2025-06-17 17:11:44+00:00,141.0,0.183,1728.0,800.0,reapproach,241.0,2025-06-17 13:11:37-04:00
ab6f18_20250617_221630,ab6f18,ERU836,16,2025-06-17 23:16:03+00:00,2025-06-17 23:19:42+00:00,go_around,False,False,241.0,2025-06-17 23:18:40+00:00,29.205477,-81.063268,15.0,2025-06-17 23:18:49+00:00,341.0,0.722,1408.0,1325.0,reapproach,741.0,2025-06-17 19:18:40-04:00
ab9697_20250617_165315,ab9697,ERU846,07L,2025-06-17 17:31:25+00:00,2025-06-17 17:33:27+00:00,go_around,False,False,66.0,2025-06-17 17:32:31+00:00,29.170749,-81.082387,17.0,2025-06-17 17:32:45+00:00,66.0,-0.06,1024.0,1975.0,reapproach,385.0,2025-06-17 13:32:31-04:00
abd302_20250617_141237,abd302,ERU861,25L,2025-06-17 14:25:30+00:00,2025-06-17 14:26:32+00:00,go_around,False,False,41.0,2025-06-17 14:26:25+00:00,29.178384,-81.050936,8.0,2025-06-17 14:26:33+00:00,91.0,-0.332,1024.0,950.0,reapproach,421.0,2025-06-17 10:26:25-04:00
abd302_20250617_141237,abd302,ERU861,25L,2025-06-17 14:54:30+00:00,2025-06-17 14:55:30+00:00,go_around,False,False,41.0,2025-06-17 14:55:30+00:00,29.180969,-81.044928,16.0,2025-06-17 14:55:30+00:00,41.0,0.168,1024.0,950.0,reapproach,216.0,2025-06-17 10:55:30-04:00
ad001e_20250617_225108,ad001e,ERU937,16,2025-06-17 23:35:03+00:00,2025-06-17 23:38:33+00:00,go_around,False,False,241.0,2025-06-17 23:37:36+00:00,29.206192,-81.063467,16.0,2025-06-17 23:37:46+00:00,241.0,0.741,1152.0,1300.0,reapproach,1096.0,2025-06-17 19:37:36-04:00
ad1c78_20250617_232835,ad1c78,ERU944,16,2025-06-17 23:50:04+00:00,2025-06-17 23:53:37+00:00,go_around,False,False,216.0,2025-06-17 23:52:42+00:00,29.204407,-81.062992,10.0,2025-06-17 23:52:48+00:00,266.0,0.75,1152.0,2300.0,leg_end,,2025-06-17 19:52:42-04:00
ad6b76_20250617_005628,ad6b76,ERU964,25L,2025-06-17 01:11:23+00:00,2025-06-17 01:12:24+00:00,go_around,False,False,41.0,2025-06-17 01:12:06+00:00,29.180386,-81.046143,10.0,2025-06-17 01:12:11+00:00,41.0,-0.044,768.0,925.0,reapproach,209.0,2025-06-16 21:12:06-04:00
a5c545_20250618_121647,a5c545,ERU471,25L,2025-06-18 12:52:28+00:00,2025-06-18 12:54:49+00:00,go_around,False,False,41.0,2025-06-18 12:54:27+00:00,29.180649,-81.045509,15.0,2025-06-18 12:54:42+00:00,141.0,-0.142,896.0,925.0,reapproach,285.0,2025-06-18 08:54:27-04:00
a5d7d8_20250618_010326,a5d7d8,ERU476,07L,2025-06-18 02:00:13+00:00,2025-06-18 02:03:20+00:00,go_around,False,False,116.0,2025-06-18 02:02:21+00:00,29.16898,-81.087072,16.0,2025-06-18 02:02:35+00:00,141.0,0.189,1024.0,1925.0,reapproach,1077.0,2025-06-17 22:02:21-04:00
a5ecc4_20250618_023634,a5ecc4,ERU481,16,2025-06-18 02:56:15+00:00,2025-06-18 02:59:52+00:00,go_around,False,False,266.0,2025-06-18 02:58:48+00:00,29.206284,-81.063467,15.0,2025-06-18 02:58:56+00:00,266.0,0.803,1280.0,1750.0,reapproach,3200.0,2025-06-17 22:58:48-04:00
ab9697_20250618_205343,ab9697,ERU846,07L,2025-06-18 21:23:01+00:00,2025-06-18 21:26:24+00:00,go_around,False,False,266.0,2025-06-18 21:25:19+00:00,29.165222,-81.096796,9.0,2025-06-18 21:25:24+00:00,341.0,0.973,1344.0,1725.0,reapproach,1410.0,2025-06-18 17:25:19-04:00
ad1153_20250618_230247,ad1153,ERU941,16,2025-06-18 23:19:34+00:00,2025-06-18 23:23:25+00:00,go_around,False,False,191.0,2025-06-18 23:22:29+00:00,29.203476,-81.062622,10.0,2025-06-18 23:22:33+00:00,241.0,0.728,1088.0,1800.0,reapproach,611.0,2025-06-18 19:22:29-04:00
ad52d3_20250618_024236,ad52d3,ERU958,16,2025-06-18 04:34:10+00:00,2025-06-18 04:38:04+00:00,go_around,False,False,266.0,2025-06-18 04:36:58+00:00,29.206512,-81.063784,17.0,2025-06-18 04:37:08+00:00,291.0,0.78,1152.0,1700.0,reapproach,745.0,2025-06-18 00:36:58-04:00
ad52d3_20250618_024236,ad52d3,ERU958,07L,2025-06-18 05:05:42+00:00,2025-06-18 05:08:16+00:00,ga_ambiguous,False,False,316.0,2025-06-18 05:07:45+00:00,29.169725,-81.085295,27.0,2025-06-18 05:08:06+00:00,391.0,-0.2,896.0,1250.0,reapproach,624.0,2025-06-18 01:07:45-04:00
aafc52_20250619_124900,aafc52,ERU807,25L,2025-06-19 13:29:51+00:00,2025-06-19 13:31:11+00:00,go_around,False,False,41.0,2025-06-19 13:31:11+00:00,29.180695,-81.045456,11.0,2025-06-19 13:31:11+00:00,41.0,0.136,896.0,875.0,reapproach,183.0,2025-06-19 09:31:11-04:00
ab18ac_20250619_003744,ab18ac,ERU814,16,2025-06-19 01:08:02+00:00,2025-06-19 01:11:45+00:00,go_around,False,False,266.0,2025-06-19 01:10:45+00:00,29.205551,-81.063362,15.0,2025-06-19 01:10:55+00:00,266.0,0.709,1152.0,1700.0,reapproach,1028.0,2025-06-18 21:10:45-04:00
ab6f18_20250619_021156,ab6f18,ERU836,16,2025-06-19 03:03:32+00:00,2025-06-19 03:07:19+00:00,go_around,False,False,216.0,2025-06-19 03:06:24+00:00,29.205139,-81.063203,9.0,2025-06-19 03:06:32+00:00,216.0,0.721,1088.0,1750.0,reapproach,639.0,2025-06-18 23:06:24-04:00
ab87bb_20250619_153105,ab87bb,ERU842,25L,2025-06-19 16:03:00+00:00,2025-06-19 16:05:03+00:00,go_around,False,False,41.0,2025-06-19 16:05:02+00:00,29.180665,-81.045496,15.0,2025-06-19 16:05:02+00:00,41.0,0.134,1216.0,975.0,reapproach,364.0,2025-06-19 12:05:02-04:00
abf0ba_20250619_124244,abf0ba,ERU869,25L,2025-06-19 13:11:09+00:00,2025-06-19 13:11:57+00:00,go_around,False,False,91.0,2025-06-19 13:11:25+00:00,29.182527,-81.04108,11.0,2025-06-19 13:11:29+00:00,116.0,0.323,768.0,1875.0,reapproach,2707.0,2025-06-19 09:11:25-04:00
ac384a_20250619_000001,ac384a,ERU887,16,2025-06-19 00:33:09+00:00,2025-06-19 00:36:39+00:00,go_around,False,False,291.0,2025-06-19 00:36:06+00:00,29.206284,-81.063573,19.0,2025-06-19 00:36:18+00:00,291.0,0.721,1216.0,1700.0,reapproach,1168.0,2025-06-18 20:36:06-04:00
ac384a_20250619_023945,ac384a,ERU887,07L,2025-06-19 03:34:21+00:00,2025-06-19 03:36:13+00:00,go_around,False,False,591.0,2025-06-19 03:35:58+00:00,29.161113,-81.10576,10.0,2025-06-19 03:36:03+00:00,616.0,1.505,1280.0,1050.0,reapproach,666.0,2025-06-18 23:35:58-04:00
acc9c3_20250619_121848,acc9c3,ERU923,25L,2025-06-19 12:27:33+00:00,2025-06-19 12:28:27+00:00,go_around,False,False,41.0,2025-06-19 12:28:27+00:00,29.181038,-81.044581,8.0,2025-06-19 12:28:27+00:00,41.0,0.187,896.0,925.0,reapproach,275.0,2025-06-19 08:28:27-04:00
ad1c78_20250619_124536,ad1c78,ERU944,25L,2025-06-19 13:31:39+00:00,2025-06-19 13:32:37+00:00,go_around,False,False,141.0,2025-06-19 13:31:59+00:00,29.1829,-81.039895,11.0,2025-06-19 13:32:10+00:00,141.0,0.276,1088.0,2275.0,reapproach,4192.0,2025-06-19 09:31:59-04:00
ad52d3_20250619_015936,ad52d3,ERU958,16,2025-06-19 02:47:11+00:00,2025-06-19 02:50:42+00:00,go_around,False,False,66.0,2025-06-19 02:50:08+00:00,29.195376,-81.058421,12.0,2025-06-19 02:50:17+00:00,66.0,0.291,768.0,1925.0,reapproach,937.0,2025-06-18 22:50:08-04:00
ab7686_20250620_013425,ab7686,ERU838,25R,2025-06-20 02:21:14+00:00,2025-06-20 02:22:29+00:00,ga_ambiguous,False,False,141.0,2025-06-20 02:21:44+00:00,29.187788,-81.040757,24.0,2025-06-20 02:21:58+00:00,141.0,0.174,896.0,1500.0,reapproach,656.0,2025-06-19 22:21:44-04:00
ac8233_20250620_230458,ac8233,ERU905,16,2025-06-20 23:48:18+00:00,2025-06-20 23:50:53+00:00,go_around,False,False,266.0,2025-06-20 23:50:25+00:00,29.206009,-81.063362,12.0,2025-06-20 23:50:30+00:00,291.0,0.85,1280.0,1750.0,leg_end,,2025-06-20 19:50:25-04:00
ad67bf_20250620_230719,ad67bf,ERU963,16,2025-06-20 23:50:41+00:00,2025-06-20 23:53:42+00:00,go_around,False,False,266.0,2025-06-20 23:53:06+00:00,29.206467,-81.06352,15.0,2025-06-20 23:53:13+00:00,366.0,0.84,1408.0,1750.0,leg_end,,2025-06-20 19:53:06-04:00
a54b11_20250621_191422,a54b11,ERU440,07L,2025-06-21 19:35:22+00:00,2025-06-21 19:39:35+00:00,go_around,False,False,91.0,2025-06-21 19:38:31+00:00,29.171951,-81.079102,14.0,2025-06-21 19:38:33+00:00,91.0,0.029,1536.0,2400.0,reapproach,1020.0,2025-06-21 15:38:31-04:00
ab113e_20250621_113836,ab113e,ERU812,07R,2025-06-21 11:42:37+00:00,2025-06-21 11:43:11+00:00,ga_ambiguous,False,False,41.0,2025-06-21 11:42:53+00:00,29.17543,-81.058132,27.0,2025-06-21 11:43:17+00:00,241.0,-0.45,832.0,900.0,reapproach,222.0,2025-06-21 07:42:53-04:00
abba5f_20250621_223340,abba5f,ERU855,07L,2025-06-21 22:55:30+00:00,2025-06-21 22:58:37+00:00,go_around,False,False,116.0,2025-06-21 22:58:09+00:00,29.17061,-81.084056,8.0,2025-06-21 22:58:17+00:00,166.0,0.151,1344.0,1875.0,reapproach,1175.0,2025-06-21 18:58:09-04:00
ac4d36_20250621_200946,ac4d36,ERU892,16,2025-06-21 21:06:10+00:00,2025-06-21 21:08:40+00:00,go_around,False,False,416.0,2025-06-21 21:08:27+00:00,29.204546,-81.06343,16.0,2025-06-21 21:08:33+00:00,441.0,0.72,1088.0,550.0,reapproach,170.0,2025-06-21 17:08:27-04:00
a48aab_20250622_153535,a48aab,ERU392,07R,2025-06-22 16:10:32+00:00,2025-06-22 16:11:22+00:00,go_around,False,False,41.0,2025-06-22 16:10:54+00:00,29.174103,-81.061354,13.0,2025-06-22 16:11:02+00:00,41.0,0.107,1024.0,925.0,reapproach,298.0,2025-06-22 12:10:54-04:00
a48aab_20250622_153535,a48aab,ERU392,07R,2025-06-22 16:16:20+00:00,2025-06-22 16:17:07+00:00,go_around,False,False,66.0,2025-06-22 16:16:42+00:00,29.175265,-81.058745,13.0,2025-06-22 16:16:52+00:00,66.0,-0.068,960.0,925.0,reapproach,238.0,2025-06-22 12:16:42-04:00
aafc52_20250622_010512,aafc52,ERU807,07L,2025-06-22 02:14:31+00:00,2025-06-22 02:18:18+00:00,go_around,False,False,291.0,2025-06-22 02:16:37+00:00,29.165909,-81.094155,13.0,2025-06-22 02:16:46+00:00,316.0,0.721,1408.0,1700.0,reapproach,700.0,2025-06-21 22:16:37-04:00
ab87bb_20250622_121418,ab87bb,ERU842,07R,2025-06-22 12:33:47+00:00,2025-06-22 12:34:42+00:00,ga_ambiguous,False,False,116.0,2025-06-22 12:34:23+00:00,29.175659,-81.057604,23.0,2025-06-22 12:34:43+00:00,241.0,-0.301,768.0,850.0,reapproach,251.0,2025-06-22 08:34:23-04:00
ad4f1c_20250622_230839,ad4f1c,ERU957,07L,2025-06-22 23:23:01+00:00,2025-06-22 23:27:16+00:00,go_around,False,False,216.0,2025-06-22 23:25:48+00:00,29.168049,-81.088365,15.0,2025-06-22 23:25:57+00:00,216.0,0.396,1152.0,1775.0,reapproach,1007.0,2025-06-22 19:25:48-04:00
a5c545_20250623_154037,a5c545,ERU471,07R,2025-06-23 16:30:29+00:00,2025-06-23 16:31:30+00:00,go_around,False,False,116.0,2025-06-23 16:30:48+00:00,29.172518,-81.065315,13.0,2025-06-23 16:30:54+00:00,116.0,0.398,1024.0,850.0,reapproach,142.0,2025-06-23 12:30:48-04:00
ab7686_20250623_010447,ab7686,ERU838,07L,2025-06-23 01:21:03+00:00,2025-06-23 01:24:59+00:00,go_around,False,False,141.0,2025-06-23 01:23:55+00:00,29.171082,-81.080897,14.0,2025-06-23 01:23:58+00:00,141.0,0.103,1344.0,1825.0,reapproach,761.0,2025-06-22 21:23:55-04:00
ac54a4_20250623_011432,ac54a4,ERU894,07L,2025-06-23 02:14:37+00:00,2025-06-23 02:17:58+00:00,go_around,False,False,116.0,2025-06-23 02:17:15+00:00,29.168794,-81.08411,10.0,2025-06-23 02:17:21+00:00,166.0,0.232,1088.0,1825.0,reapproach,886.0,2025-06-22 22:17:15-04:00
acf4f9_20250623_180352,acf4f9,ERU934,07R,2025-06-23 18:50:04+00:00,2025-06-23 18:51:05+00:00,go_around,False,False,41.0,2025-06-23 18:50:34+00:00,29.174474,-81.060899,10.0,2025-06-23 18:50:35+00:00,41.0,0.22,1216.0,900.0,reapproach,168.0,2025-06-23 14:50:34-04:00
ab7686_20250624_024101,ab7686,ERU838,07L,2025-06-24 03:08:42+00:00,2025-06-24 03:11:58+00:00,go_around,False,False,141.0,2025-06-24 03:11:24+00:00,29.169446,-81.085079,13.0,2025-06-24 03:11:28+00:00,166.0,0.328,1344.0,1850.0,reapproach,873.0,2025-06-23 23:11:24-04:00
ab7686_20250624_230631,ab7686,ERU838,07L,2025-06-24 23:48:19+00:00,2025-06-24 23:52:31+00:00,go_around,False,False,116.0,2025-06-24 23:51:09+00:00,29.170424,-81.083033,17.0,2025-06-24 23:51:18+00:00,166.0,0.093,1472.0,2150.0,leg_end,,2025-06-24 19:51:09-04:00
ab9e05_20250624_180501,ab9e05,ERU848,07R,2025-06-24 18:09:21+00:00,2025-06-24 18:09:57+00:00,go_around,False,False,91.0,2025-06-24 18:09:34+00:00,29.175201,-81.058872,7.0,2025-06-24 18:09:39+00:00,91.0,0.03,896.0,900.0,reapproach,304.0,2025-06-24 14:09:34-04:00
abab83_20250624_131432,abab83,ERU851,07L,2025-06-24 14:14:12+00:00,2025-06-24 14:18:27+00:00,ga_ambiguous,False,False,66.0,2025-06-24 14:17:14+00:00,29.170441,-81.08264,27.0,2025-06-24 14:17:40+00:00,191.0,-0.286,1152.0,900.0,reapproach,392.0,2025-06-24 10:17:14-04:00
a61443_20250625_153309,a61443,ERU491,07R,2025-06-25 15:38:28+00:00,2025-06-25 15:40:48+00:00,ga_ambiguous,False,False,216.0,2025-06-25 15:40:02+00:00,29.172455,-81.065791,29.0,2025-06-25 15:40:21+00:00,241.0,0.21,1216.0,775.0,reapproach,332.0,2025-06-25 11:40:02-04:00
ab18ac_20250625_210631,ab18ac,ERU814,07L,2025-06-25 21:19:08+00:00,2025-06-25 21:23:07+00:00,go_around,False,False,91.0,2025-06-25 21:21:54+00:00,29.171587,-81.080663,17.0,2025-06-25 21:22:00+00:00,116.0,0.028,1152.0,1900.0,reapproach,1023.0,2025-06-25 17:21:54-04:00
ab18ac_20250625_210631,ab18ac,ERU814,07L,2025-06-25 21:40:10+00:00,2025-06-25 21:44:17+00:00,go_around,False,False,91.0,2025-06-25 21:42:57+00:00,29.171036,-81.081743,14.0,2025-06-25 21:43:03+00:00,141.0,0.093,1408.0,1925.0,reapproach,848.0,2025-06-25 17:42:57-04:00
ab18ac_20250625_210631,ab18ac,ERU814,07L,2025-06-25 21:58:25+00:00,2025-06-25 22:02:18+00:00,go_around,False,False,91.0,2025-06-25 22:01:01+00:00,29.170578,-81.082324,12.0,2025-06-25 22:01:07+00:00,116.0,0.126,896.0,1900.0,reapproach,793.0,2025-06-25 18:01:01-04:00
ab314f_20250625_144831,ab314f,ERU820,07R,2025-06-25 14:59:27+00:00,2025-06-25 15:00:15+00:00,ga_ambiguous,False,False,41.0,2025-06-25 14:59:52+00:00,29.174939,-81.059391,22.0,2025-06-25 15:00:13+00:00,141.0,-0.257,1024.0,900.0,reapproach,227.0,2025-06-25 10:59:52-04:00
ab63f3_20250625_021654,ab63f3,ERU833,07L,2025-06-25 02:46:17+00:00,2025-06-25 02:49:42+00:00,go_around,False,False,91.0,2025-06-25 02:48:49+00:00,29.170703,-81.082979,13.0,2025-06-25 02:48:57+00:00,141.0,0.082,1088.0,1550.0,reapproach,638.0,2025-06-24 22:48:49-04:00
abab83_20250625_195606,abab83,ERU851,07R,2025-06-25 20:48:35+00:00,2025-06-25 20:49:35+00:00,go_around,False,False,41.0,2025-06-25 20:48:59+00:00,29.172867,-81.064735,12.0,2025-06-25 20:49:10+00:00,41.0,0.252,896.0,900.0,reapproach,174.0,2025-06-25 16:48:59-04:00
abb6a8_20250625_150236,abb6a8,ERU854,07R,2025-06-25 15:12:34+00:00,2025-06-25 15:13:32+00:00,go_around,False,False,41.0,2025-06-25 15:13:07+00:00,29.175079,-81.059283,8.0,2025-06-25 15:13:13+00:00,66.0,0.023,960.0,950.0,reapproach,328.0,2025-06-25 11:13:07-04:00
abba5f_20250625_203531,abba5f,ERU855,07L,2025-06-25 21:29:20+00:00,2025-06-25 21:32:10+00:00,go_around,False,False,91.0,2025-06-25 21:31:46+00:00,29.170563,-81.082548,13.0,2025-06-25 21:31:54+00:00,91.0,0.075,1280.0,1875.0,reapproach,894.0,2025-06-25 17:31:46-04:00
ac2d25_20250625_225647,ac2d25,ERU884,07L,2025-06-25 23:27:08+00:00,2025-06-25 23:30:25+00:00,go_around,False,False,116.0,2025-06-25 23:29:54+00:00,29.169525,-81.084912,14.0,2025-06-25 23:30:00+00:00,166.0,0.269,1344.0,1850.0,reapproach,722.0,2025-06-25 19:29:54-04:00
ab6b61_20250626_012117,ab6b61,ERU835,07L,2025-06-26 02:00:14+00:00,2025-06-26 02:03:29+00:00,go_around,False,False,116.0,2025-06-26 02:02:52+00:00,29.170005,-81.083895,15.0,2025-06-26 02:03:02+00:00,116.0,0.065,1024.0,1750.0,reapproach,931.0,2025-06-25 22:02:52-04:00
abb6a8_20250626_101255,abb6a8,ERU854,07L,2025-06-26 10:56:39+00:00,2025-06-26 10:59:40+00:00,go_around,False,False,516.0,2025-06-26 10:58:40+00:00,29.161835,-81.104243,14.0,2025-06-26 10:58:49+00:00,566.0,1.281,1152.0,1500.0,reapproach,1093.0,2025-06-26 06:58:40-04:00
abd302_20250626_225700,abd302,ERU861,07L,2025-06-26 23:46:41+00:00,2025-06-26 23:49:54+00:00,go_around,False,False,291.0,2025-06-26 23:49:10+00:00,29.167351,-81.089603,11.0,2025-06-26 23:49:16+00:00,341.0,0.54,1152.0,2350.0,leg_end,,2025-06-26 19:49:10-04:00
ac54a4_20250626_223645,ac54a4,ERU894,07L,2025-06-26 23:37:17+00:00,2025-06-26 23:40:14+00:00,go_around,False,False,316.0,2025-06-26 23:39:19+00:00,29.165222,-81.094842,11.0,2025-06-26 23:39:26+00:00,366.0,0.828,1280.0,1675.0,reapproach,765.0,2025-06-26 19:39:19-04:00
ad4f1c_20250626_182242,ad4f1c,ERU957,07R,2025-06-26 19:03:12+00:00,2025-06-26 19:04:39+00:00,go_around,False,False,41.0,2025-06-26 19:04:05+00:00,29.174423,-81.06109,9.0,2025-06-26 19:04:10+00:00,66.0,0.157,960.0,925.0,reapproach,152.0,2025-06-26 15:04:05-04:00
a50381_20250627_161703,a50381,ERU422,07L,2025-06-27 16:35:25+00:00,2025-06-27 16:37:39+00:00,go_around,False,False,41.0,2025-06-27 16:37:04+00:00,29.177639,-81.065153,4.0,2025-06-27 16:37:08+00:00,41.0,-0.786,832.0,950.0,reapproach,181.0,2025-06-27 12:37:04-04:00
ac4d36_20250627_102800,ac4d36,ERU892,07L,2025-06-27 11:36:05+00:00,2025-06-27 11:39:51+00:00,go_around,False,False,91.0,2025-06-27 11:38:43+00:00,29.170098,-81.083625,10.0,2025-06-27 11:38:50+00:00,141.0,0.138,1280.0,1900.0,reapproach,721.0,2025-06-27 07:38:43-04:00
ac54a4_20250627_014542,ac54a4,ERU894,07L,2025-06-27 01:59:57+00:00,2025-06-27 02:02:50+00:00,go_around,False,False,591.0,2025-06-27 02:01:39+00:00,29.159763,-81.108991,12.0,2025-06-27 02:01:45+00:00,616.0,1.652,896.0,1900.0,reapproach,1911.0,2025-06-26 22:01:39-04:00
a5b059_20250628_155310,a5b059,ERU466,07R,2025-06-28 16:37:35+00:00,2025-06-28 16:38:40+00:00,ga_ambiguous,False,False,266.0,2025-06-28 16:38:08+00:00,29.173775,-81.062568,29.0,2025-06-28 16:38:35+00:00,391.0,-0.188,896.0,725.0,reapproach,216.0,2025-06-28 12:38:08-04:00
a626d6_20250628_132221,a626d6,ERU496,16,2025-06-28 14:28:34+00:00,2025-06-28 14:32:34+00:00,ga_ambiguous,False,False,191.0,2025-06-28 14:32:08+00:00,29.185507,-81.04555,29.0,2025-06-28 14:32:29+00:00,316.0,-0.494,768.0,750.0,reapproach,87.0,2025-06-28 10:32:08-04:00
ac05a6_20250628_224054,ac05a6,ERU874,07L,2025-06-28 22:57:33+00:00,2025-06-28 23:01:43+00:00,go_around,False,False,66.0,2025-06-28 23:00:31+00:00,29.171215,-81.082225,11.0,2025-06-28 23:00:37+00:00,91.0,0.117,1152.0,1925.0,reapproach,816.0,2025-06-28 19:00:31-04:00
ab6b61_20250629_121005,ab6b61,ERU835,25L,2025-06-29 14:06:43+00:00,2025-06-29 14:07:23+00:00,go_around,False,False,166.0,2025-06-29 14:06:58+00:00,29.18155,-81.043396,5.0,2025-06-29 14:07:02+00:00,166.0,0.111,1024.0,775.0,reapproach,192.0,2025-06-29 10:06:58-04:00
ab87bb_20250629_225521,ab87bb,ERU842,16,2025-06-29 23:09:06+00:00,2025-06-29 23:11:56+00:00,go_around,False,False,241.0,2025-06-29 23:11:29+00:00,29.201986,-81.061599,16.0,2025-06-29 23:11:32+00:00,241.0,0.644,1024.0,1775.0,reapproach,828.0,2025-06-29 19:11:29-04:00
ad001e_20250629_002423,ad001e,ERU937,07L,2025-06-29 01:40:52+00:00,2025-06-29 01:43:44+00:00,go_around,False,False,441.0,2025-06-29 01:42:39+00:00,29.162277,-81.101451,11.0,2025-06-29 01:42:45+00:00,466.0,1.202,1344.0,1500.0,reapproach,738.0,2025-06-28 21:42:39-04:00
ad1c78_20250629_143805,ad1c78,ERU944,25L,2025-06-29 15:05:30+00:00,2025-06-29 15:06:13+00:00,ga_ambiguous,False,False,166.0,2025-06-29 15:05:46+00:00,29.182297,-81.04123,24.0,2025-06-29 15:06:10+00:00,266.0,-0.192,896.0,750.0,reapproach,190.0,2025-06-29 11:05:46-04:00
ad1c78_20250629_143805,ad1c78,ERU944,25L,2025-06-29 15:09:23+00:00,2025-06-29 15:10:10+00:00,go_around,False,False,41.0,2025-06-29 15:10:04+00:00,29.178818,-81.050157,9.0,2025-06-29 15:10:04+00:00,41.0,-0.134,896.0,975.0,reapproach,279.0,2025-06-29 11:10:04-04:00
ad4f1c_20250629_012815,ad4f1c,ERU957,07R,2025-06-29 01:31:49+00:00,2025-06-29 01:32:28+00:00,go_around,False,False,241.0,2025-06-29 01:32:00+00:00,29.173077,-81.064238,13.0,2025-06-29 01:32:09+00:00,241.0,0.209,768.0,650.0,reapproach,195.0,2025-06-28 21:32:00-04:00
a5c545_20250630_172506,a5c545,ERU471,25L,2025-06-30 18:17:04+00:00,2025-06-30 18:17:52+00:00,go_around,False,False,41.0,2025-06-30 18:17:46+00:00,29.178223,-81.051424,7.0,2025-06-30 18:17:46+00:00,41.0,-0.21,960.0,950.0,reapproach,172.0,2025-06-30 14:17:46-04:00
ab9a4e_20250630_225744,ab9a4e,ERU847,07L,2025-06-30 23:47:20+00:00,2025-06-30 23:49:57+00:00,go_around,False,False,141.0,2025-06-30 23:49:32+00:00,29.169493,-81.084272,15.0,2025-06-30 23:49:39+00:00,166.0,0.184,960.0,1875.0,leg_end,,2025-06-30 19:49:32-04:00
ab9e05_20250630_224955,ab9e05,ERU848,07L,2025-06-30 23:08:13+00:00,2025-06-30 23:11:24+00:00,go_around,False,False,91.0,2025-06-30 23:10:27+00:00,29.170656,-81.082279,13.0,2025-06-30 23:10:31+00:00,116.0,0.08,1024.0,2575.0,reapproach,1882.0,2025-06-30 19:10:27-04:00
abd302_20250630_232147,abd302,ERU861,07L,2025-06-30 23:45:38+00:00,2025-06-30 23:48:14+00:00,go_around,False,False,616.0,2025-06-30 23:47:04+00:00,29.160461,-81.107968,10.0,2025-06-30 23:47:08+00:00,641.0,1.599,1088.0,1350.0,leg_end,,2025-06-30 19:47:04-04:00
abe94c_20250630_214309,abe94c,ERU867,07L,2025-06-30 23:05:41+00:00,2025-06-30 23:08:29+00:00,go_around,False,False,116.0,2025-06-30 23:07:47+00:00,29.169725,-81.085187,13.0,2025-06-30 23:07:55+00:00,116.0,0.21,1152.0,1875.0,reapproach,996.0,2025-06-30 19:07:47-04:00
ad1c78_20250630_025925,ad1c78,ERU944,25R,2025-06-30 03:55:26+00:00,2025-06-30 03:56:57+00:00,go_around,False,False,141.0,2025-06-30 03:56:06+00:00,29.187881,-81.040016,5.0,2025-06-30 03:56:11+00:00,141.0,0.374,1024.0,1825.0,reapproach,743.0,2025-06-29 23:56:06-04:00
ad1c78_20250630_155227,ad1c78,ERU944,25L,2025-06-30 16:32:56+00:00,2025-06-30 16:33:45+00:00,go_around,False,False,91.0,2025-06-30 16:33:36+00:00,29.17885,-81.050074,10.0,2025-06-30 16:33:46+00:00,116.0,-0.346,1216.0,825.0,reapproach,171.0,2025-06-30 12:33:36-04:00
a6231f_20250701_223113,a6231f,ERU495,16,2025-07-01 22:49:56+00:00,2025-07-01 22:53:42+00:00,go_around,False,False,241.0,2025-07-01 22:52:34+00:00,29.20571,-81.063807,11.0,2025-07-01 22:52:39+00:00,291.0,0.853,1408.0,1750.0,reapproach,1247.0,2025-07-01 18:52:34-04:00
ab314f_20250701_000002,ab314f,ERU820,25R,2025-07-01 00:41:12+00:00,2025-07-01 00:42:24+00:00,go_around,False,False,116.0,2025-07-01 00:41:38+00:00,29.187469,-81.040914,10.0,2025-07-01 00:41:43+00:00,166.0,0.324,768.0,1875.0,reapproach,648.0,2025-06-30 20:41:38-04:00
ac1482_20250701_222806,ac1482,ERU878,16,2025-07-01 23:23:16+00:00,2025-07-01 23:27:19+00:00,go_around,False,False,266.0,2025-07-01 23:26:13+00:00,29.20578,-81.063784,14.0,2025-07-01 23:26:21+00:00,291.0,0.8,1088.0,1725.0,reapproach,948.0,2025-07-01 19:26:13-04:00
ac4d36_20250701_222612,ac4d36,ERU892,16,2025-07-01 22:56:37+00:00,2025-07-01 23:00:30+00:00,go_around,False,False,291.0,2025-07-01 22:59:18+00:00,29.206967,-81.063807,13.0,2025-07-01 22:59:26+00:00,316.0,0.86,1408.0,1725.0,reapproach,1094.0,2025-07-01 18:59:18-04:00
abab83_20250702_185535,abab83,ERU851,25L,2025-07-02 19:17:33+00:00,2025-07-02 19:18:33+00:00,go_around,False,False,66.0,2025-07-02 19:18:33+00:00,29.180712,-81.045281,11.0,2025-07-02 19:18:33+00:00,66.0,0.145,960.0,825.0,reapproach,88.0,2025-07-02 15:18:33-04:00
abb6a8_20250702_165427,abb6a8,ERU854,25L,2025-07-02 17:10:53+00:00,2025-07-02 17:11:47+00:00,go_around,False,False,41.0,2025-07-02 17:11:43+00:00,29.178864,-81.049946,10.0,2025-07-02 17:11:43+00:00,41.0,-0.123,832.0,900.0,reapproach,198.0,2025-07-02 13:11:43-04:00
abe94c_20250702_011244,abe94c,ERU867,16,2025-07-02 01:50:46+00:00,2025-07-02 01:54:02+00:00,go_around,False,False,241.0,2025-07-02 01:53:21+00:00,29.203354,-81.062358,11.0,2025-07-02 01:53:26+00:00,241.0,0.675,1472.0,2525.0,reapproach,1116.0,2025-07-01 21:53:21-04:00
ac2d25_20250702_135605,ac2d25,ERU884,25L,2025-07-02 15:05:48+00:00,2025-07-02 15:07:09+00:00,go_around,False,False,91.0,2025-07-02 15:07:09+00:00,29.182527,-81.041026,17.0,2025-07-02 15:07:09+00:00,91.0,0.393,1152.0,900.0,reapproach,170.0,2025-07-02 11:07:09-04:00
ac384a_20250702_004822,ac384a,ERU887,16,2025-07-02 01:01:40+00:00,2025-07-02 01:06:06+00:00,go_around,False,False,241.0,2025-07-02 01:04:43+00:00,29.202667,-81.061883,15.0,2025-07-02 01:04:48+00:00,291.0,0.641,1216.0,1725.0,reapproach,712.0,2025-07-01 21:04:43-04:00
acf4f9_20250702_155422,acf4f9,ERU934,25L,2025-07-02 16:37:27+00:00,2025-07-02 16:38:44+00:00,go_around,False,False,41.0,2025-07-02 16:38:41+00:00,29.177965,-81.052282,8.0,2025-07-02 16:38:41+00:00,41.0,-0.257,1088.0,925.0,reapproach,200.0,2025-07-02 12:38:41-04:00
ad1c78_20250702_010700,ad1c78,ERU944,16,2025-07-02 01:21:45+00:00,2025-07-02 01:24:39+00:00,go_around,False,False,241.0,2025-07-02 01:24:15+00:00,29.205185,-81.063837,14.0,2025-07-02 01:24:26+00:00,241.0,0.659,1024.0,2050.0,reapproach,1211.0,2025-07-01 21:24:15-04:00
ada588_20250702_125415,ada588,ERU979,25L,2025-07-02 13:40:22+00:00,2025-07-02 13:42:23+00:00,ga_ambiguous,False,False,91.0,2025-07-02 13:41:58+00:00,29.180923,-81.044716,22.0,2025-07-02 13:42:20+00:00,191.0,-0.221,768.0,1800.0,reapproach,700.0,2025-07-02 09:41:58-04:00
a39033_20250703_135225,a39033,ERU329,16,2025-07-03 14:48:18+00:00,2025-07-03 14:50:48+00:00,go_around,False,False,316.0,2025-07-03 14:50:25+00:00,29.206192,-81.063256,19.0,2025-07-03 14:50:33+00:00,341.0,0.759,1280.0,1475.0,reapproach,1120.0,2025-07-03 10:50:25-04:00
abab83_20250704_162858,abab83,ERU851,07L,2025-07-04 17:07:46+00:00,2025-07-04 17:10:43+00:00,go_around,False,False,66.0,2025-07-04 17:10:08+00:00,29.170517,-81.082871,5.0,2025-07-04 17:10:13+00:00,116.0,0.294,1472.0,2325.0,reapproach,1760.0,2025-07-04 13:10:08-04:00
ad03d5_20250704_151113,ad03d5,ERU938,25L,2025-07-04 15:19:31+00:00,2025-07-04 15:21:14+00:00,go_around,False,False,41.0,2025-07-04 15:21:10+00:00,29.18161,-81.043238,5.0,2025-07-04 15:21:12+00:00,41.0,0.265,960.0,900.0,reapproach,219.0,2025-07-04 11:21:10-04:00
a38c7c_20250705_190650,a38c7c,ERU328,07L,2025-07-05 19:10:01+00:00,2025-07-05 19:11:51+00:00,go_around,False,False,41.0,2025-07-05 19:11:40+00:00,29.179733,-81.060087,6.0,2025-07-05 19:11:40+00:00,41.0,-1.022,1536.0,925.0,reapproach,194.0,2025-07-05 15:11:40-04:00
a48aab_20250705_190539,a48aab,ERU392,07L,2025-07-05 19:38:42+00:00,2025-07-05 19:43:01+00:00,go_around,False,False,66.0,2025-07-05 19:41:48+00:00,29.170889,-81.081579,9.0,2025-07-05 19:41:54+00:00,141.0,0.08,1216.0,2675.0,reapproach,1060.0,2025-07-05 15:41:48-04:00
ab201a_20250706_131620,ab201a,ERU816,07R,2025-07-06 13:30:38+00:00,2025-07-06 13:31:31+00:00,go_around,False,False,41.0,2025-07-06 13:31:10+00:00,29.175358,-81.058906,12.0,2025-07-06 13:31:18+00:00,66.0,-0.058,896.0,950.0,reapproach,225.0,2025-07-06 09:31:10-04:00
ac05a6_20250706_154412,ac05a6,ERU874,25L,2025-07-06 16:17:48+00:00,2025-07-06 16:18:27+00:00,go_around,False,False,41.0,2025-07-06 16:18:06+00:00,29.18042,-81.046037,13.0,2025-07-06 16:18:18+00:00,141.0,-0.107,1088.0,975.0,reapproach,90.0,2025-07-06 12:18:06-04:00
ad03d5_20250706_175502,ad03d5,ERU938,07R,2025-07-06 17:58:53+00:00,2025-07-06 17:59:47+00:00,go_around,False,False,41.0,2025-07-06 17:59:10+00:00,29.17345,-81.063214,14.0,2025-07-06 17:59:19+00:00,41.0,0.24,832.0,900.0,reapproach,190.0,2025-07-06 13:59:10-04:00
ad1c78_20250706_003521,ad1c78,ERU944,07L,2025-07-06 01:24:29+00:00,2025-07-06 01:28:07+00:00,go_around,False,False,266.0,2025-07-06 01:26:42+00:00,29.168701,-81.086707,9.0,2025-07-06 01:26:46+00:00,291.0,0.428,1216.0,1725.0,reapproach,1115.0,2025-07-05 21:26:42-04:00
ad6b76_20250706_030735,ad6b76,ERU964,07L,2025-07-06 03:23:20+00:00,2025-07-06 03:26:54+00:00,go_around,False,False,91.0,2025-07-06 03:25:52+00:00,29.170761,-81.081743,11.0,2025-07-06 03:25:58+00:00,141.0,0.071,1216.0,1850.0,reapproach,719.0,2025-07-05 23:25:52-04:00
a388c5_20250707_145140,a388c5,ERU327,25R,2025-07-07 15:07:11+00:00,2025-07-07 15:10:02+00:00,go_around,False,False,91.0,2025-07-07 15:09:32+00:00,29.187195,-81.041653,11.0,2025-07-07 15:09:42+00:00,116.0,0.287,1600.0,1950.0,reapproach,319.0,2025-07-07 11:09:32-04:00
a48aab_20250707_120614,a48aab,ERU392,25L,2025-07-07 12:24:17+00:00,2025-07-07 12:25:06+00:00,ga_ambiguous,False,False,141.0,2025-07-07 12:24:51+00:00,29.182434,-81.041026,23.0,2025-07-07 12:25:12+00:00,941.0,-1.401,832.0,850.0,reapproach,228.0,2025-07-07 08:24:51-04:00
aafc52_20250707_152500,aafc52,ERU807,25L,2025-07-07 16:25:28+00:00,2025-07-07 16:26:37+00:00,ga_ambiguous,False,False,91.0,2025-07-07 16:26:04+00:00,29.181885,-81.042392,29.0,2025-07-07 16:26:29+00:00,191.0,-0.125,1024.0,900.0,reapproach,274.0,2025-07-07 12:26:04-04:00
ab2788_20250707_223017,ab2788,ERU818,07L,2025-07-07 22:46:07+00:00,2025-07-07 22:49:35+00:00,go_around,False,False,91.0,2025-07-07 22:48:34+00:00,29.170578,-81.083486,13.0,2025-07-07 22:48:41+00:00,116.0,0.161,1152.0,1900.0,reapproach,667.0,2025-07-07 18:48:34-04:00
ab2788_20250707_223017,ab2788,ERU818,07L,2025-07-07 23:22:15+00:00,2025-07-07 23:25:11+00:00,ga_ambiguous,False,False,416.0,2025-07-07 23:24:02+00:00,29.163391,-81.101814,28.0,2025-07-07 23:24:27+00:00,716.0,0.777,704.0,1575.0,reapproach,1050.0,2025-07-07 19:24:02-04:00
ab7686_20250707_230534,ab7686,ERU838,07L,2025-07-07 23:52:39+00:00,2025-07-07 23:56:02+00:00,go_around,False,False,291.0,2025-07-07 23:54:33+00:00,29.167419,-81.091197,9.0,2025-07-07 23:54:38+00:00,316.0,0.635,960.0,1775.0,leg_end,,2025-07-07 19:54:33-04:00
ad03d5_20250707_025304,ad03d5,ERU938,16,2025-07-07 03:46:25+00:00,2025-07-07 03:49:28+00:00,go_around,False,False,191.0,2025-07-07 03:48:41+00:00,29.202484,-81.062411,9.0,2025-07-07 03:48:48+00:00,191.0,0.601,1216.0,1775.0,reapproach,725.0,2025-07-06 23:48:41-04:00
ad67bf_20250707_043905,ad67bf,ERU963,16,2025-07-07 05:05:29+00:00,2025-07-07 05:08:51+00:00,ga_ambiguous,False,False,191.0,2025-07-07 05:07:58+00:00,29.203057,-81.062137,21.0,2025-07-07 05:08:11+00:00,266.0,0.493,960.0,1850.0,reapproach,745.0,2025-07-07 01:07:58-04:00
a48aab_20250708_184459,a48aab,ERU392,07R,2025-07-08 20:08:54+00:00,2025-07-08 20:10:24+00:00,go_around,False,False,66.0,2025-07-08 20:09:53+00:00,29.173868,-81.062191,13.0,2025-07-08 20:10:02+00:00,66.0,0.13,768.0,875.0,reapproach,254.0,2025-07-08 16:09:53-04:00
ab4b50_20250708_230245,ab4b50,ERU827,07L,2025-07-08 23:27:02+00:00,2025-07-08 23:30:19+00:00,go_around,False,False,91.0,2025-07-08 23:29:51+00:00,29.170441,-81.083221,13.0,2025-07-08 23:29:58+00:00,141.0,0.145,1024.0,1900.0,reapproach,947.0,2025-07-08 19:29:51-04:00
ab52be_20250708_224003,ab52be,ERU829,07L,2025-07-08 23:40:53+00:00,2025-07-08 23:43:54+00:00,go_around,False,False,91.0,2025-07-08 23:43:21+00:00,29.170098,-81.083087,10.0,2025-07-08 23:43:28+00:00,116.0,0.125,1024.0,1900.0,leg_end,,2025-07-08 19:43:21-04:00
ab6f18_20250708_110138,ab6f18,ERU836,25L,2025-07-08 11:28:31+00:00,2025-07-08 11:29:57+00:00,go_around,False,False,41.0,2025-07-08 11:29:48+00:00,29.17868,-81.050157,10.0,2025-07-08 11:29:48+00:00,41.0,-0.138,704.0,2000.0,reapproach,2379.0,2025-07-08 07:29:48-04:00
ab7686_20250708_224628,ab7686,ERU838,07L,2025-07-08 23:02:03+00:00,2025-07-08 23:05:07+00:00,go_around,False,False,141.0,2025-07-08 23:04:32+00:00,29.168794,-81.086641,15.0,2025-07-08 23:04:42+00:00,191.0,0.2,1088.0,1850.0,reapproach,1508.0,2025-07-08 19:04:32-04:00
abba5f_20250708_222740,abba5f,ERU855,07L,2025-07-08 23:42:40+00:00,2025-07-08 23:46:01+00:00,go_around,False,False,91.0,2025-07-08 23:45:13+00:00,29.17067,-81.082271,12.0,2025-07-08 23:45:20+00:00,141.0,0.088,1088.0,2075.0,leg_end,,2025-07-08 19:45:13-04:00
abe94c_20250708_200509,abe94c,ERU867,07L,2025-07-08 20:54:04+00:00,2025-07-08 20:56:48+00:00,go_around,False,False,91.0,2025-07-08 20:56:16+00:00,29.170098,-81.084541,12.0,2025-07-08 20:56:24+00:00,141.0,0.198,1216.0,1875.0,reapproach,924.0,2025-07-08 16:56:16-04:00
abf0ba_20250708_224634,abf0ba,ERU869,07L,2025-07-08 23:33:40+00:00,2025-07-08 23:36:39+00:00,go_around,False,False,91.0,2025-07-08 23:36:16+00:00,29.170258,-81.083591,17.0,2025-07-08 23:36:26+00:00,166.0,0.107,1152.0,1975.0,reapproach,843.0,2025-07-08 19:36:16-04:00
ac2d25_20250708_030018,ac2d25,ERU884,07L,2025-07-08 04:42:43+00:00,2025-07-08 04:45:43+00:00,go_around,False,False,66.0,2025-07-08 04:45:11+00:00,29.171448,-81.080316,11.0,2025-07-08 04:45:15+00:00,66.0,0.051,768.0,1900.0,reapproach,1094.0,2025-07-08 00:45:11-04:00
ad4f1c_20250708_204408,ad4f1c,ERU957,07L,2025-07-08 21:06:21+00:00,2025-07-08 21:09:15+00:00,go_around,False,False,91.0,2025-07-08 21:08:49+00:00,29.170517,-81.082871,11.0,2025-07-08 21:08:56+00:00,91.0,0.144,832.0,1900.0,reapproach,2078.0,2025-07-08 17:08:49-04:00
a48aab_20250709_151958,a48aab,ERU392,25L,2025-07-09 15:42:01+00:00,2025-07-09 15:43:13+00:00,go_around,False,False,41.0,2025-07-09 15:43:13+00:00,29.180786,-81.045139,13.0,2025-07-09 15:43:13+00:00,41.0,0.154,832.0,975.0,reapproach,308.0,2025-07-09 11:43:13-04:00
a57290_20250709_132302,a57290,ERU450,25L,2025-07-09 13:58:57+00:00,2025-07-09 14:00:49+00:00,go_around,False,False,41.0,2025-07-09 14:00:46+00:00,29.181596,-81.043073,11.0,2025-07-09 14:00:46+00:00,41.0,0.272,896.0,900.0,reapproach,238.0,2025-07-09 10:00:46-04:00
a6231f_20250709_162132,a6231f,ERU495,07R,2025-07-09 16:28:32+00:00,2025-07-09 16:29:17+00:00,go_around,False,False,166.0,2025-07-09 16:28:53+00:00,29.174698,-81.060509,11.0,2025-07-09 16:28:57+00:00,191.0,0.115,1216.0,750.0,reapproach,55.0,2025-07-09 12:28:53-04:00
ac54a4_20250709_224557,ac54a4,ERU894,16,2025-07-09 22:54:26+00:00,2025-07-09 22:55:08+00:00,go_around,False,False,91.0,2025-07-09 22:54:52+00:00,29.19207,-81.056913,10.0,2025-07-09 22:54:55+00:00,91.0,-0.053,1024.0,850.0,reapproach,203.0,2025-07-09 18:54:52-04:00
a57290_20250710_210931,a57290,ERU450,07L,2025-07-10 21:43:22+00:00,2025-07-10 21:45:50+00:00,go_around,False,False,366.0,2025-07-10 21:45:39+00:00,29.172937,-81.077055,16.0,2025-07-10 21:45:47+00:00,391.0,-0.241,896.0,1625.0,reapproach,1055.0,2025-07-10 17:45:39-04:00
ab2788_20250710_031430,ab2788,ERU818,07L,2025-07-10 05:34:22+00:00,2025-07-10 05:37:21+00:00,go_around,False,False,66.0,2025-07-10 05:36:33+00:00,29.170624,-81.082693,11.0,2025-07-10 05:36:40+00:00,116.0,0.099,1088.0,1875.0,reapproach,716.0,2025-07-10 01:36:33-04:00
ac05a6_20250710_110708,ac05a6,ERU874,07R,2025-07-10 11:21:36+00:00,2025-07-10 11:22:27+00:00,go_around,False,False,166.0,2025-07-10 11:22:04+00:00,29.174613,-81.060199,10.0,2025-07-10 11:22:11+00:00,166.0,0.046,832.0,775.0,reapproach,222.0,2025-07-10 07:22:04-04:00
ac1e49_20250710_182600,ac1e49,ERU880,07R,2025-07-10 20:00:18+00:00,2025-07-10 20:01:12+00:00,ga_ambiguous,False,False,41.0,2025-07-10 20:00:44+00:00,29.174334,-81.061114,22.0,2025-07-10 20:01:02+00:00,141.0,-0.082,960.0,875.0,reapproach,186.0,2025-07-10 16:00:44-04:00
a48aab_20250711_204048,a48aab,ERU392,07L,2025-07-11 20:54:39+00:00,2025-07-11 20:57:52+00:00,go_around,False,False,91.0,2025-07-11 20:57:30+00:00,29.170749,-81.082441,15.0,2025-07-11 20:57:38+00:00,141.0,0.034,704.0,1875.0,reapproach,1101.0,2025-07-11 16:57:30-04:00
a50381_20250711_153709,a50381,ERU422,25R,2025-07-11 16:54:39+00:00,2025-07-11 16:56:38+00:00,go_around,False,False,341.0,2025-07-11 16:55:44+00:00,29.190162,-81.034187,11.0,2025-07-11 16:55:51+00:00,341.0,0.662,1024.0,625.0,reapproach,187.0,2025-07-11 12:55:44-04:00
a6231f_20250711_000001,a6231f,ERU495,16,2025-07-11 00:01:28+00:00,2025-07-11 00:04:32+00:00,go_around,False,False,266.0,2025-07-11 00:03:56+00:00,29.204267,-81.06273,11.0,2025-07-11 00:04:01+00:00,291.0,0.768,1216.0,1750.0,reapproach,878.0,2025-07-10 20:03:56-04:00
ab4f07_20250711_112627,ab4f07,ERU828,25L,2025-07-11 11:56:20+00:00,2025-07-11 11:57:20+00:00,go_around,False,False,91.0,2025-07-11 11:56:46+00:00,29.182114,-81.041917,13.0,2025-07-11 11:56:55+00:00,91.0,0.18,832.0,900.0,reapproach,321.0,2025-07-11 07:56:46-04:00
a36ec4_20250712_184608,a36ec4,ERU320,07L,2025-07-12 19:25:32+00:00,2025-07-12 19:28:33+00:00,ga_ambiguous,False,False,91.0,2025-07-12 19:27:56+00:00,29.170517,-81.083033,24.0,2025-07-12 19:28:13+00:00,191.0,-0.061,960.0,925.0,reapproach,120.0,2025-07-12 15:27:56-04:00
a54b11_20250712_182106,a54b11,ERU440,07R,2025-07-12 18:44:02+00:00,2025-07-12 18:44:49+00:00,go_around,False,False,116.0,2025-07-12 18:44:18+00:00,29.174194,-81.06146,10.0,2025-07-12 18:44:26+00:00,141.0,0.116,768.0,2000.0,reapproach,4075.0,2025-07-12 14:44:18-04:00
ad52d3_20250712_122848,ad52d3,ERU958,16,2025-07-12 12:41:33+00:00,2025-07-12 12:45:12+00:00,ga_ambiguous,False,False,241.0,2025-07-12 12:44:39+00:00,29.190536,-81.041125,29.0,2025-07-12 12:45:04+00:00,441.0,-0.471,832.0,1725.0,reapproach,857.0,2025-07-12 08:44:39-04:00
ad67bf_20250712_021951,ad67bf,ERU963,25R,2025-07-12 02:52:03+00:00,2025-07-12 02:53:07+00:00,ga_ambiguous,False,False,141.0,2025-07-12 02:52:32+00:00,29.187182,-81.04178,25.0,2025-07-12 02:52:52+00:00,241.0,0.008,768.0,1875.0,reapproach,3037.0,2025-07-11 22:52:32-04:00
a61bb1_20250713_123523,a61bb1,ERU493,25L,2025-07-13 12:59:27+00:00,2025-07-13 13:01:27+00:00,go_around,False,False,116.0,2025-07-13 13:00:55+00:00,29.182388,-81.041188,10.0,2025-07-13 13:01:02+00:00,116.0,0.224,1344.0,950.0,reapproach,243.0,2025-07-13 09:00:55-04:00
a61bb1_20250713_123523,a61bb1,ERU493,25L,2025-07-13 13:24:06+00:00,2025-07-13 13:25:16+00:00,go_around,False,False,41.0,2025-07-13 13:24:46+00:00,29.181363,-81.043935,9.0,2025-07-13 13:24:50+00:00,66.0,0.153,896.0,875.0,reapproach,233.0,2025-07-13 09:24:46-04:00
a61bb1_20250713_123523,a61bb1,ERU493,25L,2025-07-13 13:34:10+00:00,2025-07-13 13:35:15+00:00,ga_ambiguous,False,False,116.0,2025-07-13 13:34:47+00:00,29.181747,-81.042815,29.0,2025-07-13 13:35:12+00:00,316.0,-0.206,1024.0,950.0,reapproach,347.0,2025-07-13 09:34:47-04:00
ab7686_20250713_010138,ab7686,ERU838,07L,2025-07-13 02:01:23+00:00,2025-07-13 02:04:03+00:00,go_around,False,False,291.0,2025-07-13 02:03:28+00:00,29.168096,-81.090626,10.0,2025-07-13 02:03:35+00:00,316.0,0.496,960.0,1700.0,reapproach,851.0,2025-07-12 22:03:28-04:00
ab7686_20250713_010138,ab7686,ERU838,07L,2025-07-13 02:18:14+00:00,2025-07-13 02:21:06+00:00,go_around,False,False,491.0,2025-07-13 02:20:03+00:00,29.161972,-81.102659,10.0,2025-07-13 02:20:11+00:00,541.0,1.204,896.0,1500.0,reapproach,1068.0,2025-07-12 22:20:03-04:00
ad6f2d_20250713_102134,ad6f2d,ERU965,25R,2025-07-13 11:55:55+00:00,2025-07-13 11:58:24+00:00,go_around,False,False,141.0,2025-07-13 11:57:27+00:00,29.189324,-81.036664,17.0,2025-07-13 11:57:38+00:00,166.0,0.462,896.0,800.0,reapproach,238.0,2025-07-13 07:57:27-04:00
a4b83a_20250714_160040,a4b83a,ERU403,16,2025-07-14 17:00:09+00:00,2025-07-14 17:02:25+00:00,go_around,False,False,416.0,2025-07-14 17:02:03+00:00,29.210495,-81.065738,14.0,2025-07-14 17:02:12+00:00,441.0,1.029,832.0,525.0,reapproach,55.0,2025-07-14 13:02:03-04:00
abe94c_20250714_225823,abe94c,ERU867,07L,2025-07-14 23:23:52+00:00,2025-07-14 23:27:39+00:00,ga_ambiguous,False,False,316.0,2025-07-14 23:26:00+00:00,29.166141,-81.093696,21.0,2025-07-14 23:26:12+00:00,341.0,0.593,960.0,1700.0,reapproach,775.0,2025-07-14 19:26:00-04:00
ad1c78_20250714_220857,ad1c78,ERU944,07L,2025-07-14 22:59:57+00:00,2025-07-14 23:03:36+00:00,ga_ambiguous,False,False,291.0,2025-07-14 23:02:22+00:00,29.169388,-81.085651,29.0,2025-07-14 23:02:45+00:00,416.0,-0.168,1280.0,1900.0,reapproach,914.0,2025-07-14 19:02:22-04:00
ad67bf_20250714_125011,ad67bf,ERU963,16,2025-07-14 14:07:49+00:00,2025-07-14 14:09:12+00:00,go_around,False,False,766.0,2025-07-14 14:08:57+00:00,29.229858,-81.075087,11.0,2025-07-14 14:09:03+00:00,816.0,2.391,1216.0,775.0,reapproach,508.0,2025-07-14 10:08:57-04:00
abe94c_20250715_014818,abe94c,ERU867,25R,2025-07-15 02:58:48+00:00,2025-07-15 02:59:52+00:00,go_around,False,False,141.0,2025-07-15 02:59:04+00:00,29.188797,-81.03785,11.0,2025-07-15 02:59:11+00:00,191.0,0.44,960.0,1825.0,reapproach,832.0,2025-07-14 22:59:04-04:00
ad001e_20250715_210020,ad001e,ERU937,16,2025-07-15 21:23:40+00:00,2025-07-15 21:26:49+00:00,go_around,False,False,266.0,2025-07-15 21:26:14+00:00,29.206696,-81.063837,18.0,2025-07-15 21:26:23+00:00,266.0,0.756,896.0,1725.0,reapproach,687.0,2025-07-15 17:26:14-04:00
a32734_20250716_122148,a32734,ERU302,25L,2025-07-16 13:08:31+00:00,2025-07-16 13:09:28+00:00,ga_ambiguous,False,False,216.0,2025-07-16 13:09:02+00:00,29.182341,-81.041457,22.0,2025-07-16 13:09:18+00:00,366.0,-0.027,1344.0,1025.0,reapproach,269.0,2025-07-16 09:09:02-04:00
a48aab_20250716_192509,a48aab,ERU392,07R,2025-07-16 20:26:10+00:00,2025-07-16 20:26:56+00:00,ga_ambiguous,False,False,166.0,2025-07-16 20:26:33+00:00,29.175293,-81.058819,27.0,2025-07-16 20:26:54+00:00,291.0,-0.254,832.0,825.0,reapproach,162.0,2025-07-16 16:26:33-04:00
aafc52_20250716_121248,aafc52,ERU807,25L,2025-07-16 13:00:32+00:00,2025-07-16 13:01:33+00:00,go_around,False,False,166.0,2025-07-16 13:01:12+00:00,29.181107,-81.044347,13.0,2025-07-16 13:01:23+00:00,216.0,-0.038,1024.0,800.0,reapproach,248.0,2025-07-16 09:01:12-04:00
ab4f07_20250716_005438,ab4f07,ERU828,16,2025-07-16 01:11:27+00:00,2025-07-16 01:15:00+00:00,go_around,False,False,241.0,2025-07-16 01:14:27+00:00,29.20491,-81.063097,17.0,2025-07-16 01:14:35+00:00,291.0,0.738,1024.0,1750.0,reapproach,753.0,2025-07-15 21:14:27-04:00
abb6a8_20250716_180153,abb6a8,ERU854,07R,2025-07-16 18:08:52+00:00,2025-07-16 18:09:29+00:00,ga_ambiguous,False,False,216.0,2025-07-16 18:09:01+00:00,29.174744,-81.060087,23.0,2025-07-16 18:09:21+00:00,316.0,-0.146,896.0,775.0,reapproach,201.0,2025-07-16 14:09:01-04:00
ad03d5_20250716_185300,ad03d5,ERU938,07R,2025-07-16 19:20:29+00:00,2025-07-16 19:21:07+00:00,ga_ambiguous,False,False,216.0,2025-07-16 19:20:40+00:00,29.174241,-81.060576,29.0,2025-07-16 19:21:07+00:00,391.0,-0.296,832.0,825.0,reapproach,220.0,2025-07-16 15:20:40-04:00
a4dfb9_20250717_114521,a4dfb9,ERU413,07L,2025-07-17 12:17:27+00:00,2025-07-17 12:21:39+00:00,go_around,False,False,41.0,2025-07-17 12:20:32+00:00,29.17218,-81.078837,8.0,2025-07-17 12:20:40+00:00,41.0,-0.097,832.0,950.0,reapproach,527.0,2025-07-17 08:20:32-04:00
ab14f5_20250717_002944,ab14f5,ERU813,07L,2025-07-17 01:16:25+00:00,2025-07-17 01:19:27+00:00,go_around,False,False,91.0,2025-07-17 01:18:59+00:00,29.170029,-81.083908,9.0,2025-07-17 01:19:04+00:00,141.0,0.207,1088.0,1925.0,reapproach,1047.0,2025-07-16 21:18:59-04:00
ab4f07_20250717_103326,ab4f07,ERU828,07L,2025-07-17 10:48:44+00:00,2025-07-17 10:51:41+00:00,go_around,False,False,66.0,2025-07-17 10:51:12+00:00,29.17061,-81.082225,9.0,2025-07-17 10:51:17+00:00,116.0,0.115,1344.0,2300.0,reapproach,717.0,2025-07-17 06:51:12-04:00
ab7a3d_20250717_132142,ab7a3d,ERU839,07R,2025-07-17 14:24:52+00:00,2025-07-17 14:26:06+00:00,go_around,False,False,66.0,2025-07-17 14:25:30+00:00,29.175842,-81.057446,10.0,2025-07-17 14:25:35+00:00,91.0,-0.075,960.0,900.0,reapproach,182.0,2025-07-17 10:25:30-04:00
ad1c78_20250717_201346,ad1c78,ERU944,07L,2025-07-17 21:06:03+00:00,2025-07-17 21:09:17+00:00,go_around,False,False,116.0,2025-07-17 21:08:45+00:00,29.169818,-81.084649,12.0,2025-07-17 21:08:53+00:00,141.0,0.19,1024.0,1850.0,reapproach,728.0,2025-07-17 17:08:45-04:00
ad4f1c_20250717_022419,ad4f1c,ERU957,07L,2025-07-17 04:16:22+00:00,2025-07-17 04:19:22+00:00,go_around,False,False,91.0,2025-07-17 04:18:59+00:00,29.17047,-81.082871,13.0,2025-07-17 04:19:07+00:00,116.0,0.083,1024.0,1875.0,reapproach,671.0,2025-07-17 00:18:59-04:00
ad6f2d_20250717_195921,ad6f2d,ERU965,07R,2025-07-17 20:45:27+00:00,2025-07-17 20:46:10+00:00,ga_ambiguous,False,False,41.0,2025-07-17 20:45:37+00:00,29.174287,-81.061276,26.0,2025-07-17 20:46:00+00:00,216.0,-0.111,832.0,875.0,reapproach,153.0,2025-07-17 16:45:37-04:00
a57290_20250718_201521,a57290,ERU450,07L,2025-07-18 21:28:02+00:00,2025-07-18 21:31:19+00:00,go_around,False,False,591.0,2025-07-18 21:29:47+00:00,29.159623,-81.109368,18.0,2025-07-18 21:29:57+00:00,591.0,1.605,960.0,1325.0,reapproach,154.0,2025-07-18 17:29:47-04:00
a5a17d_20250718_200702,a5a17d,ERU462,07L,2025-07-18 21:13:11+00:00,2025-07-18 21:13:53+00:00,go_around,False,False,41.0,2025-07-18 21:13:27+00:00,29.172332,-81.078455,8.0,2025-07-18 21:13:31+00:00,41.0,-0.077,832.0,1950.0,reapproach,950.0,2025-07-18 17:13:27-04:00
ab14f5_20250718_144905,ab14f5,ERU813,25L,2025-07-18 15:26:15+00:00,2025-07-18 15:26:55+00:00,go_around,False,False,141.0,2025-07-18 15:26:31+00:00,29.181038,-81.044904,11.0,2025-07-18 15:26:37+00:00,141.0,0.046,960.0,825.0,reapproach,235.0,2025-07-18 11:26:31-04:00
ab4f07_20250718_205505,ab4f07,ERU828,07L,2025-07-18 21:30:30+00:00,2025-07-18 21:33:59+00:00,go_around,False,False,116.0,2025-07-18 21:32:42+00:00,29.170303,-81.08338,13.0,2025-07-18 21:32:49+00:00,166.0,0.155,1024.0,1900.0,reapproach,811.0,2025-07-18 17:32:42-04:00
ab7686_20250718_114226,ab7686,ERU838,07R,2025-07-18 12:23:02+00:00,2025-07-18 12:24:30+00:00,go_around,False,False,66.0,2025-07-18 12:24:09+00:00,29.175312,-81.05896,10.0,2025-07-18 12:24:16+00:00,91.0,-0.025,896.0,875.0,reapproach,278.0,2025-07-18 08:24:09-04:00
ab9e05_20250718_005450,ab9e05,ERU848,16,2025-07-18 01:46:15+00:00,2025-07-18 01:49:35+00:00,go_around,False,False,191.0,2025-07-18 01:48:50+00:00,29.203583,-81.062675,9.0,2025-07-18 01:48:56+00:00,216.0,0.628,1088.0,1800.0,reapproach,709.0,2025-07-17 21:48:50-04:00
abd302_20250718_125950,abd302,ERU861,07R,2025-07-18 13:14:42+00:00,2025-07-18 13:15:15+00:00,go_around,False,False,91.0,2025-07-18 13:14:55+00:00,29.175522,-81.057974,10.0,2025-07-18 13:15:01+00:00,91.0,-0.05,832.0,875.0,reapproach,184.0,2025-07-18 09:14:55-04:00
abd302_20250718_160645,abd302,ERU861,07R,2025-07-18 16:33:22+00:00,2025-07-18 16:34:10+00:00,go_around,False,False,116.0,2025-07-18 16:33:40+00:00,29.173868,-81.061814,8.0,2025-07-18 16:33:46+00:00,141.0,0.176,704.0,825.0,reapproach,302.0,2025-07-18 12:33:40-04:00
a5a17d_20250719_184703,a5a17d,ERU462,07R,2025-07-19 19:21:01+00:00,2025-07-19 19:21:43+00:00,go_around,False,False,66.0,2025-07-19 19:21:16+00:00,29.174334,-81.061114,10.0,2025-07-19 19:21:22+00:00,91.0,0.13,768.0,925.0,reapproach,258.0,2025-07-19 15:21:16-04:00
ac1e49_20250719_175358,ac1e49,ERU880,07L,2025-07-19 19:06:26+00:00,2025-07-19 19:09:15+00:00,go_around,False,False,316.0,2025-07-19 19:08:28+00:00,29.166979,-81.091273,18.0,2025-07-19 19:08:40+00:00,366.0,0.476,1024.0,1675.0,reapproach,1026.0,2025-07-19 15:08:28-04:00
ad001e_20250719_193851,ad001e,ERU937,07L,2025-07-19 19:54:05+00:00,2025-07-19 19:58:03+00:00,go_around,False,False,91.0,2025-07-19 19:56:50+00:00,29.170517,-81.082871,13.0,2025-07-19 19:57:00+00:00,91.0,0.047,1152.0,2400.0,reapproach,1435.0,2025-07-19 15:56:50-04:00
a54b11_20250720_121912,a54b11,ERU440,25L,2025-07-20 12:57:45+00:00,2025-07-20 13:00:22+00:00,go_around,False,False,66.0,2025-07-20 12:59:40+00:00,29.183086,-81.039518,14.0,2025-07-20 12:59:50+00:00,141.0,0.314,960.0,900.0,reapproach,285.0,2025-07-20 08:59:40-04:00
a626d6_20250720_111839,a626d6,ERU496,07R,2025-07-20 11:21:46+00:00,2025-07-20 11:22:20+00:00,go_around,False,False,66.0,2025-07-20 11:21:58+00:00,29.174753,-81.060091,8.0,2025-07-20 11:22:01+00:00,91.0,0.125,832.0,925.0,reapproach,209.0,2025-07-20 07:21:58-04:00
abf0ba_20250720_012239,abf0ba,ERU869,07R,2025-07-20 01:36:07+00:00,2025-07-20 01:36:44+00:00,go_around,False,False,291.0,2025-07-20 01:36:17+00:00,29.173325,-81.062569,9.0,2025-07-20 01:36:23+00:00,291.0,0.22,896.0,675.0,reapproach,130.0,2025-07-19 21:36:17-04:00
ac4d36_20250720_003339,ac4d36,ERU892,07L,2025-07-20 01:44:11+00:00,2025-07-20 01:47:18+00:00,ga_ambiguous,False,False,141.0,2025-07-20 01:46:47+00:00,29.16926,-81.085941,26.0,2025-07-20 01:47:06+00:00,266.0,-0.011,832.0,1875.0,reapproach,603.0,2025-07-19 21:46:47-04:00
abd302_20250721_000001,abd302,ERU861,07L,2025-07-21 00:07:39+00:00,2025-07-21 00:11:18+00:00,go_around,False,False,366.0,2025-07-21 00:09:29+00:00,29.163022,-81.100859,10.0,2025-07-21 00:09:36+00:00,366.0,1.149,832.0,1650.0,reapproach,817.0,2025-07-20 20:09:29-04:00
a54b11_20250722_013208,a54b11,ERU440,16,2025-07-22 02:05:58+00:00,2025-07-22 02:07:47+00:00,go_around,False,False,666.0,2025-07-22 02:07:06+00:00,29.225967,-81.072922,8.0,2025-07-22 02:07:13+00:00,716.0,2.07,960.0,1450.0,reapproach,904.0,2025-07-21 22:07:06-04:00
ab52be_20250722_120850,ab52be,ERU829,25L,2025-07-22 12:47:24+00:00,2025-07-22 12:49:14+00:00,go_around,False,False,41.0,2025-07-22 12:48:33+00:00,29.18262,-81.040703,15.0,2025-07-22 12:48:39+00:00,66.0,0.309,960.0,950.0,reapproach,256.0,2025-07-22 08:48:33-04:00
a48aab_20250723_154241,a48aab,ERU392,25L,2025-07-23 16:33:25+00:00,2025-07-23 16:34:18+00:00,go_around,False,False,41.0,2025-07-23 16:34:18+00:00,29.180619,-81.045496,1.0,2025-07-23 16:34:19+00:00,41.0,-0.581,1216.0,900.0,reapproach,207.0,2025-07-23 12:34:18-04:00
a5f432_20250723_011705,a5f432,ERU483,07R,2025-07-23 01:20:45+00:00,2025-07-23 01:21:27+00:00,go_around,False,False,141.0,2025-07-23 01:20:59+00:00,29.174606,-81.060562,10.0,2025-07-23 01:21:04+00:00,166.0,0.116,832.0,825.0,reapproach,231.0,2025-07-22 21:20:59-04:00
ab2788_20250723_025749,ab2788,ERU818,07L,2025-07-23 04:14:55+00:00,2025-07-23 04:18:26+00:00,go_around,False,False,66.0,2025-07-23 04:17:24+00:00,29.171082,-81.081426,12.0,2025-07-23 04:17:30+00:00,91.0,0.062,768.0,1925.0,reapproach,680.0,2025-07-23 00:17:24-04:00
ab38bd_20250723_012049,ab38bd,ERU822,07L,2025-07-23 01:58:01+00:00,2025-07-23 02:01:26+00:00,go_around,False,False,141.0,2025-07-23 02:00:13+00:00,29.169772,-81.084649,14.0,2025-07-23 02:00:20+00:00,191.0,0.218,768.0,1875.0,reapproach,1013.0,2025-07-22 22:00:13-04:00
ad8f3e_20250723_150750,ad8f3e,ERU973,25L,2025-07-23 15:26:47+00:00,2025-07-23 15:27:24+00:00,go_around,False,False,41.0,2025-07-23 15:27:21+00:00,29.180293,-81.045873,12.0,2025-07-23 15:27:21+00:00,41.0,0.106,960.0,950.0,reapproach,352.0,2025-07-23 11:27:21-04:00
ab5c85_20250724_222102,ab5c85,ERU831,16,2025-07-24 22:32:42+00:00,2025-07-24 22:36:10+00:00,go_around,False,False,191.0,2025-07-24 22:35:42+00:00,29.202393,-81.062252,11.0,2025-07-24 22:35:48+00:00,216.0,0.596,1152.0,1825.0,reapproach,1016.0,2025-07-24 18:35:42-04:00
ab9697_20250724_154633,ab9697,ERU846,07R,2025-07-24 16:04:38+00:00,2025-07-24 16:05:57+00:00,go_around,False,False,41.0,2025-07-24 16:05:24+00:00,29.173874,-81.062305,8.0,2025-07-24 16:05:29+00:00,66.0,0.188,1088.0,925.0,reapproach,261.0,2025-07-24 12:05:24-04:00
abe94c_20250724_155110,abe94c,ERU867,07R,2025-07-24 16:08:03+00:00,2025-07-24 16:09:24+00:00,go_around,False,False,41.0,2025-07-24 16:08:58+00:00,29.174893,-81.059714,17.0,2025-07-24 16:09:13+00:00,91.0,-0.095,1088.0,900.0,reapproach,165.0,2025-07-24 12:08:58-04:00
ad6f2d_20250724_022734,ad6f2d,ERU965,16,2025-07-24 03:38:44+00:00,2025-07-24 03:41:31+00:00,go_around,False,False,266.0,2025-07-24 03:41:17+00:00,29.202621,-81.061883,11.0,2025-07-24 03:41:23+00:00,291.0,0.612,768.0,250.0,reapproach,87.0,2025-07-23 23:41:17-04:00
ab4f07_20250725_181831,ab4f07,ERU828,07R,2025-07-25 18:33:49+00:00,2025-07-25 18:34:52+00:00,go_around,False,False,116.0,2025-07-25 18:34:21+00:00,29.174706,-81.060306,11.0,2025-07-25 18:34:28+00:00,141.0,0.083,640.0,825.0,reapproach,248.0,2025-07-25 14:34:21-04:00
abb6a8_20250725_012630,abb6a8,ERU854,16,2025-07-25 02:39:34+00:00,2025-07-25 02:43:07+00:00,go_around,False,False,366.0,2025-07-25 02:41:55+00:00,29.208984,-81.064524,13.0,2025-07-25 02:42:04+00:00,366.0,0.939,1088.0,2550.0,reapproach,887.0,2025-07-24 22:41:55-04:00
abb6a8_20250725_203429,abb6a8,ERU854,16,2025-07-25 20:45:31+00:00,2025-07-25 20:48:53+00:00,ga_ambiguous,False,False,391.0,2025-07-25 20:47:43+00:00,29.210495,-81.065263,26.0,2025-07-25 20:48:06+00:00,541.0,0.713,1024.0,1150.0,reapproach,767.0,2025-07-25 16:47:43-04:00
abb6a8_20250725_203429,abb6a8,ERU854,07L,2025-07-25 21:16:24+00:00,2025-07-25 21:18:58+00:00,go_around,False,False,391.0,2025-07-25 21:18:31+00:00,29.164372,-81.098543,8.0,2025-07-25 21:18:36+00:00,391.0,1.045,896.0,1125.0,reapproach,865.0,2025-07-25 17:18:31-04:00
ac1e49_20250725_101111,ac1e49,ERU880,07R,2025-07-25 11:42:24+00:00,2025-07-25 11:43:11+00:00,ga_ambiguous,False,False,66.0,2025-07-25 11:42:58+00:00,29.176289,-81.05616,28.0,2025-07-25 11:43:23+00:00,216.0,-0.529,640.0,850.0,reapproach,228.0,2025-07-25 07:42:58-04:00
ac384a_20250725_033407,ac384a,ERU887,16,2025-07-25 03:48:10+00:00,2025-07-25 03:51:38+00:00,go_around,False,False,216.0,2025-07-25 03:50:53+00:00,29.201195,-81.06133,12.0,2025-07-25 03:51:01+00:00,216.0,0.476,1088.0,1775.0,reapproach,756.0,2025-07-24 23:50:53-04:00
ac4d36_20250725_174540,ac4d36,ERU892,07R,2025-07-25 18:22:06+00:00,2025-07-25 18:23:12+00:00,go_around,False,False,41.0,2025-07-25 18:22:47+00:00,29.175247,-81.058766,11.0,2025-07-25 18:22:53+00:00,66.0,0.006,704.0,1000.0,reapproach,203.0,2025-07-25 14:22:47-04:00
a4b0cc_20250726_142203,a4b0cc,ERU401,25R,2025-07-26 14:55:17+00:00,2025-07-26 14:57:35+00:00,ga_ambiguous,False,False,66.0,2025-07-26 14:56:57+00:00,29.187057,-81.041917,25.0,2025-07-26 14:57:19+00:00,166.0,-0.004,832.0,800.0,reapproach,93.0,2025-07-26 10:56:57-04:00
a54b11_20250727_151420,a54b11,ERU440,25L,2025-07-27 15:18:23+00:00,2025-07-27 15:19:11+00:00,go_around,False,False,141.0,2025-07-27 15:18:45+00:00,29.181381,-81.043502,14.0,2025-07-27 15:18:54+00:00,141.0,0.04,960.0,925.0,reapproach,242.0,2025-07-27 11:18:45-04:00
a5a17d_20250727_203443,a5a17d,ERU462,07R,2025-07-27 21:10:45+00:00,2025-07-27 21:11:32+00:00,go_around,False,False,41.0,2025-07-27 21:11:04+00:00,29.174835,-81.059717,11.0,2025-07-27 21:11:10+00:00,66.0,0.064,832.0,900.0,reapproach,281.0,2025-07-27 17:11:04-04:00
ac30dc_20250727_133902,ac30dc,ERU885,25L,2025-07-27 14:06:31+00:00,2025-07-27 14:07:49+00:00,go_around,False,False,41.0,2025-07-27 14:07:20+00:00,29.181084,-81.044419,12.0,2025-07-27 14:07:24+00:00,66.0,0.125,960.0,850.0,reapproach,141.0,2025-07-27 10:07:20-04:00
ad4f1c_20250727_012427,ad4f1c,ERU957,07L,2025-07-27 02:15:44+00:00,2025-07-27 02:19:09+00:00,go_around,False,False,166.0,2025-07-27 02:18:13+00:00,29.170005,-81.084218,12.0,2025-07-27 02:18:19+00:00,191.0,0.218,896.0,1875.0,reapproach,915.0,2025-07-26 22:18:13-04:00
ab5c85_20250728_140658,ab5c85,ERU831,25L,2025-07-28 15:16:56+00:00,2025-07-28 15:18:13+00:00,ga_ambiguous,False,False,141.0,2025-07-28 15:17:56+00:00,29.179967,-81.046843,27.0,2025-07-28 15:18:18+00:00,191.0,-0.394,1088.0,800.0,reapproach,241.0,2025-07-28 11:17:56-04:00
ab7a3d_20250728_184158,ab7a3d,ERU839,07R,2025-07-28 19:22:32+00:00,2025-07-28 19:23:29+00:00,go_around,False,False,41.0,2025-07-28 19:22:56+00:00,29.173645,-81.062781,11.0,2025-07-28 19:23:02+00:00,66.0,0.237,768.0,875.0,reapproach,161.0,2025-07-28 15:22:56-04:00
ac1e49_20250728_200908,ac1e49,ERU880,07R,2025-07-28 20:48:32+00:00,2025-07-28 20:49:20+00:00,go_around,False,False,91.0,2025-07-28 20:48:58+00:00,29.175544,-81.057937,9.0,2025-07-28 20:49:04+00:00,91.0,-0.035,704.0,825.0,reapproach,190.0,2025-07-28 16:48:58-04:00
ac3493_20250728_172831,ac3493,ERU886,07R,2025-07-28 17:37:58+00:00,2025-07-28 17:38:56+00:00,go_around,False,False,91.0,2025-07-28 17:38:08+00:00,29.171448,-81.066953,11.0,2025-07-28 17:38:16+00:00,91.0,0.454,768.0,850.0,reapproach,168.0,2025-07-28 13:38:08-04:00
ad8f3e_20250728_033328,ad8f3e,ERU973,07L,2025-07-28 03:47:53+00:00,2025-07-28 03:51:31+00:00,go_around,False,False,116.0,2025-07-28 03:50:28+00:00,29.170424,-81.083733,12.0,2025-07-28 03:50:33+00:00,141.0,0.192,1152.0,1900.0,reapproach,903.0,2025-07-27 23:50:28-04:00
a61bb1_20250729_152600,a61bb1,ERU493,25L,2025-07-29 16:45:20+00:00,2025-07-29 16:46:19+00:00,go_around,False,False,91.0,2025-07-29 16:46:02+00:00,29.180191,-81.046671,8.0,2025-07-29 16:46:07+00:00,141.0,-0.058,1088.0,975.0,reapproach,202.0,2025-07-29 12:46:02-04:00
a6231f_20250729_152055,a6231f,ERU495,25L,2025-07-29 16:09:41+00:00,2025-07-29 16:10:31+00:00,go_around,False,False,241.0,2025-07-29 16:10:03+00:00,29.181038,-81.044689,10.0,2025-07-29 16:10:08+00:00,266.0,0.082,1088.0,750.0,reapproach,182.0,2025-07-29 12:10:03-04:00
a626d6_20250729_014935,a626d6,ERU496,07R,2025-07-29 01:53:36+00:00,2025-07-29 01:54:58+00:00,go_around,False,False,266.0,2025-07-29 01:54:11+00:00,29.170843,-81.069731,14.0,2025-07-29 01:54:18+00:00,266.0,0.602,1024.0,775.0,reapproach,164.0,2025-07-28 21:54:11-04:00
a626d6_20250729_131952,a626d6,ERU496,25L,2025-07-29 13:43:13+00:00,2025-07-29 13:44:06+00:00,ga_ambiguous,False,False,91.0,2025-07-29 13:43:33+00:00,29.182297,-81.041547,23.0,2025-07-29 13:43:53+00:00,216.0,-0.022,832.0,900.0,reapproach,346.0,2025-07-29 09:43:33-04:00
ab113e_20250729_022807,ab113e,ERU812,07L,2025-07-29 02:42:43+00:00,2025-07-29 02:46:16+00:00,go_around,False,False,116.0,2025-07-29 02:45:07+00:00,29.170258,-81.083802,11.0,2025-07-29 02:45:12+00:00,141.0,0.204,1024.0,2025.0,reapproach,1049.0,2025-07-28 22:45:07-04:00
ac384a_20250729_013005,ac384a,ERU887,07R,2025-07-29 03:51:25+00:00,2025-07-29 03:52:01+00:00,go_around,False,False,41.0,2025-07-29 03:51:43+00:00,29.175568,-81.058027,9.0,2025-07-29 03:51:50+00:00,41.0,-0.078,832.0,950.0,reapproach,294.0,2025-07-28 23:51:43-04:00
ad03d5_20250729_000003,ad03d5,ERU938,07L,2025-07-29 00:46:03+00:00,2025-07-29 00:49:19+00:00,go_around,False,False,91.0,2025-07-29 00:48:55+00:00,29.170331,-81.083195,10.0,2025-07-29 00:49:01+00:00,91.0,0.191,1344.0,2350.0,reapproach,1282.0,2025-07-28 20:48:55-04:00
ad52d3_20250729_003741,ad52d3,ERU958,07L,2025-07-29 00:52:29+00:00,2025-07-29 00:55:34+00:00,go_around,False,False,91.0,2025-07-29 00:55:10+00:00,29.171029,-81.083248,10.0,2025-07-29 00:55:15+00:00,116.0,0.18,832.0,2150.0,reapproach,2127.0,2025-07-28 20:55:10-04:00
a364fd_20250730_132005,a364fd,ERU318,25R,2025-07-30 15:03:13+00:00,2025-07-30 15:05:58+00:00,go_around,False,False,291.0,2025-07-30 15:05:04+00:00,29.192917,-81.027498,16.0,2025-07-30 15:05:12+00:00,316.0,0.941,1024.0,725.0,reapproach,332.0,2025-07-30 11:05:04-04:00
ab402b_20250730_200008,ab402b,ERU824,07L,2025-07-30 20:18:24+00:00,2025-07-30 20:21:01+00:00,go_around,False,False,441.0,2025-07-30 20:20:29+00:00,29.162842,-81.102183,11.0,2025-07-30 20:20:36+00:00,491.0,1.235,1280.0,1575.0,reapproach,733.0,2025-07-30 16:20:29-04:00
ab5c85_20250730_180447,ab5c85,ERU831,07R,2025-07-30 18:13:37+00:00,2025-07-30 18:14:30+00:00,go_around,False,False,66.0,2025-07-30 18:14:10+00:00,29.175339,-81.058713,9.0,2025-07-30 18:14:15+00:00,91.0,0.006,1024.0,950.0,reapproach,283.0,2025-07-30 14:14:10-04:00
ab63f3_20250730_174830,ab63f3,ERU833,07L,2025-07-30 18:04:28+00:00,2025-07-30 18:07:18+00:00,go_around,False,False,141.0,2025-07-30 18:06:50+00:00,29.169306,-81.086157,10.0,2025-07-30 18:06:56+00:00,166.0,0.3,1152.0,1875.0,reapproach,3734.0,2025-07-30 14:06:50-04:00
ab7a3d_20250730_153950,ab7a3d,ERU839,25L,2025-07-30 16:12:54+00:00,2025-07-30 16:14:10+00:00,go_around,False,False,91.0,2025-07-30 16:13:38+00:00,29.181689,-81.042857,10.0,2025-07-30 16:13:47+00:00,116.0,0.129,576.0,900.0,reapproach,202.0,2025-07-30 12:13:38-04:00
ab9a4e_20250730_173602,ab9a4e,ERU847,07R,2025-07-30 19:28:54+00:00,2025-07-30 19:29:30+00:00,go_around,False,False,116.0,2025-07-30 19:29:06+00:00,29.175032,-81.059391,9.0,2025-07-30 19:29:11+00:00,166.0,0.056,896.0,900.0,reapproach,289.0,2025-07-30 15:29:06-04:00
ab9e05_20250730_013115,ab9e05,ERU848,25L,2025-07-30 01:49:13+00:00,2025-07-30 01:50:23+00:00,go_around,False,False,91.0,2025-07-30 01:49:50+00:00,29.181793,-81.042551,9.0,2025-07-30 01:49:54+00:00,91.0,0.223,1024.0,850.0,reapproach,211.0,2025-07-29 21:49:50-04:00
acc9c3_20250730_183206,acc9c3,ERU923,07R,2025-07-30 18:37:13+00:00,2025-07-30 18:38:18+00:00,go_around,False,False,66.0,2025-07-30 18:37:56+00:00,29.174939,-81.059606,18.0,2025-07-30 18:38:10+00:00,116.0,-0.128,1088.0,825.0,reapproach,261.0,2025-07-30 14:37:56-04:00
aafc52_20250731_222844,aafc52,ERU807,07L,2025-07-31 22:45:12+00:00,2025-07-31 22:48:15+00:00,go_around,False,False,116.0,2025-07-31 22:47:34+00:00,29.169754,-81.08375,13.0,2025-07-31 22:47:43+00:00,116.0,0.166,960.0,1875.0,reapproach,862.0,2025-07-31 18:47:34-04:00
ab7a3d_20250731_181932,ab7a3d,ERU839,07L,2025-07-31 18:36:41+00:00,2025-07-31 18:39:32+00:00,go_around,False,False,141.0,2025-07-31 18:39:02+00:00,29.169937,-81.084648,14.0,2025-07-31 18:39:09+00:00,141.0,0.218,1024.0,1875.0,reapproach,4032.0,2025-07-31 14:39:02-04:00
ab9e05_20250731_201532,ab9e05,ERU848,07R,2025-07-31 20:30:39+00:00,2025-07-31 20:31:33+00:00,go_around,False,False,66.0,2025-07-31 20:31:04+00:00,29.174469,-81.060985,9.0,2025-07-31 20:31:09+00:00,91.0,0.139,1088.0,925.0,reapproach,231.0,2025-07-31 16:31:04-04:00
abab83_20250731_163847,abab83,ERU851,25L,2025-07-31 16:57:56+00:00,2025-07-31 16:58:39+00:00,go_around,False,False,41.0,2025-07-31 16:58:18+00:00,29.180649,-81.045509,11.0,2025-07-31 16:58:26+00:00,66.0,-0.014,1152.0,850.0,reapproach,183.0,2025-07-31 12:58:18-04:00
abab83_20250731_215720,abab83,ERU851,25L,2025-07-31 23:13:57+00:00,2025-07-31 23:15:37+00:00,go_around,False,False,41.0,2025-07-31 23:15:08+00:00,29.181363,-81.043881,13.0,2025-07-31 23:15:13+00:00,66.0,0.146,704.0,900.0,reapproach,182.0,2025-07-31 19:15:08-04:00
abe94c_20250731_214917,abe94c,ERU867,07R,2025-07-31 22:24:12+00:00,2025-07-31 22:24:57+00:00,go_around,False,False,91.0,2025-07-31 22:24:29+00:00,29.174011,-81.06146,10.0,2025-07-31 22:24:36+00:00,91.0,0.11,1024.0,850.0,reapproach,298.0,2025-07-31 18:24:29-04:00
ada588_20250731_214950,ada588,ERU979,07L,2025-07-31 22:06:32+00:00,2025-07-31 22:09:21+00:00,go_around,False,False,116.0,2025-07-31 22:08:53+00:00,29.1698,-81.084278,12.0,2025-07-31 22:09:00+00:00,191.0,0.209,832.0,2150.0,reapproach,821.0,2025-07-31 18:08:53-04:00
ad1153_20250801_232756,ad1153,ERU941,07L,2025-08-01 23:39:22+00:00,2025-08-01 23:40:59+00:00,go_around,False,False,666.0,2025-08-01 23:40:39+00:00,29.157623,-81.114701,10.0,2025-08-01 23:40:44+00:00,691.0,1.991,832.0,1350.0,reapproach,759.0,2025-08-01 19:40:39-04:00
ad1c78_20250801_213303,ad1c78,ERU944,16,2025-08-01 23:01:21+00:00,2025-08-01 23:02:37+00:00,go_around,False,False,241.0,2025-08-01 23:01:56+00:00,29.188113,-81.054867,12.0,2025-08-01 23:02:04+00:00,266.0,-0.342,896.0,675.0,leg_end,,2025-08-01 19:01:56-04:00
ada588_20250801_204609,ada588,ERU979,16,2025-08-01 21:31:14+00:00,2025-08-01 21:34:48+00:00,go_around,False,False,191.0,2025-08-01 21:33:54+00:00,29.200333,-81.060879,15.0,2025-08-01 21:34:04+00:00,191.0,0.436,896.0,800.0,reapproach,51.0,2025-08-01 17:33:54-04:00
a606c5_20250802_175352,a606c5,ERU488,25L,2025-08-02 18:25:15+00:00,2025-08-02 18:26:30+00:00,go_around,False,False,66.0,2025-08-02 18:25:58+00:00,29.18155,-81.043127,9.0,2025-08-02 18:26:05+00:00,66.0,0.144,704.0,875.0,reapproach,267.0,2025-08-02 14:25:58-04:00
ab7a3d_20250802_230236,ab7a3d,ERU839,07L,2025-08-02 23:38:24+00:00,2025-08-02 23:41:43+00:00,go_around,False,False,91.0,2025-08-02 23:40:46+00:00,29.170796,-81.082656,11.0,2025-08-02 23:40:54+00:00,141.0,0.051,960.0,1925.0,leg_end,,2025-08-02 19:40:46-04:00
abab83_20250802_203937,abab83,ERU851,07R,2025-08-02 20:43:05+00:00,2025-08-02 20:44:00+00:00,go_around,False,False,91.0,2025-08-02 20:43:42+00:00,29.175613,-81.057235,5.0,2025-08-02 20:43:45+00:00,91.0,-0.025,704.0,825.0,reapproach,181.0,2025-08-02 16:43:42-04:00
abab83_20250802_203937,abab83,ERU851,07R,2025-08-02 20:47:01+00:00,2025-08-02 20:47:50+00:00,go_around,False,False,141.0,2025-08-02 20:47:32+00:00,29.175385,-81.057974,8.0,2025-08-02 20:47:37+00:00,166.0,-0.03,704.0,775.0,reapproach,181.0,2025-08-02 16:47:32-04:00
abab83_20250802_203937,abab83,ERU851,07R,2025-08-02 20:50:51+00:00,2025-08-02 20:51:46+00:00,go_around,False,False,191.0,2025-08-02 20:51:25+00:00,29.175172,-81.058475,8.0,2025-08-02 20:51:30+00:00,216.0,0.005,704.0,775.0,reapproach,201.0,2025-08-02 16:51:25-04:00
abb6a8_20250802_005926,abb6a8,ERU854,16,2025-08-02 02:11:13+00:00,2025-08-02 02:14:42+00:00,go_around,False,False,216.0,2025-08-02 02:13:47+00:00,29.204686,-81.063107,13.0,2025-08-02 02:13:55+00:00,266.0,0.888,1344.0,1775.0,reapproach,963.0,2025-08-01 22:13:47-04:00
abba5f_20250802_210305,abba5f,ERU855,07L,2025-08-02 21:15:28+00:00,2025-08-02 21:18:37+00:00,go_around,False,False,141.0,2025-08-02 21:17:40+00:00,29.168841,-81.088311,10.0,2025-08-02 21:17:47+00:00,166.0,0.373,1280.0,2225.0,reapproach,2145.0,2025-08-02 17:17:40-04:00
abba5f_20250802_225604,abba5f,ERU855,07L,2025-08-02 23:14:16+00:00,2025-08-02 23:17:14+00:00,go_around,False,False,591.0,2025-08-02 23:15:43+00:00,29.158997,-81.110476,10.0,2025-08-02 23:15:48+00:00,616.0,1.692,896.0,1800.0,reapproach,1607.0,2025-08-02 19:15:43-04:00
ac05a6_20250802_154320,ac05a6,ERU874,25R,2025-08-02 16:57:26+00:00,2025-08-02 16:58:43+00:00,go_around,False,False,141.0,2025-08-02 16:57:50+00:00,29.189484,-81.035843,16.0,2025-08-02 16:57:59+00:00,141.0,0.529,1088.0,1850.0,reapproach,886.0,2025-08-02 12:57:50-04:00
ad03d5_20250802_163225,ad03d5,ERU938,16,2025-08-02 17:06:55+00:00,2025-08-02 17:10:39+00:00,ga_ambiguous,False,False,391.0,2025-08-02 17:10:00+00:00,29.191232,-81.038765,23.0,2025-08-02 17:10:18+00:00,541.0,-0.457,1088.0,2100.0,reapproach,1896.0,2025-08-02 13:10:00-04:00
ad4f1c_20250802_203139,ad4f1c,ERU957,07L,2025-08-02 21:43:30+00:00,2025-08-02 21:46:51+00:00,go_around,False,False,66.0,2025-08-02 21:45:48+00:00,29.170703,-81.082279,12.0,2025-08-02 21:45:53+00:00,116.0,0.133,1024.0,1925.0,reapproach,935.0,2025-08-02 17:45:48-04:00
ab113e_20250803_200451,ab113e,ERU812,07L,2025-08-03 20:16:42+00:00,2025-08-03 20:20:16+00:00,go_around,False,False,141.0,2025-08-03 20:18:55+00:00,29.169167,-81.086103,11.0,2025-08-03 20:19:02+00:00,141.0,0.296,1280.0,1850.0,reapproach,655.0,2025-08-03 16:18:55-04:00
ab113e_20250803_200451,ab113e,ERU812,07L,2025-08-03 20:59:02+00:00,2025-08-03 21:01:41+00:00,go_around,False,False,291.0,2025-08-03 21:01:02+00:00,29.168143,-81.088688,20.0,2025-08-03 21:01:16+00:00,341.0,0.3,1024.0,1375.0,reapproach,735.0,2025-08-03 17:01:02-04:00
ab5c85_20250803_204854,ab5c85,ERU831,07R,2025-08-03 21:10:23+00:00,2025-08-03 21:11:12+00:00,go_around,False,False,66.0,2025-08-03 21:10:40+00:00,29.173729,-81.062568,12.0,2025-08-03 21:10:48+00:00,66.0,0.17,896.0,825.0,reapproach,175.0,2025-08-03 17:10:40-04:00
ab7a3d_20250803_175428,ab7a3d,ERU839,25L,2025-08-03 18:28:39+00:00,2025-08-03 18:29:16+00:00,go_around,False,False,166.0,2025-08-03 18:28:54+00:00,29.181198,-81.044083,10.0,2025-08-03 18:28:59+00:00,166.0,0.066,1088.0,800.0,reapproach,225.0,2025-08-03 14:28:54-04:00
ab7a3d_20250803_175428,ab7a3d,ERU839,07L,2025-08-03 19:28:57+00:00,2025-08-03 19:32:29+00:00,go_around,False,False,91.0,2025-08-03 19:31:17+00:00,29.170517,-81.082548,11.0,2025-08-03 19:31:25+00:00,116.0,0.066,1216.0,1975.0,reapproach,786.0,2025-08-03 15:31:17-04:00
abd302_20250803_175038,abd302,ERU861,25L,2025-08-03 18:14:34+00:00,2025-08-03 18:15:14+00:00,ga_ambiguous,False,False,66.0,2025-08-03 18:14:53+00:00,29.180649,-81.045509,23.0,2025-08-03 18:15:16+00:00,216.0,-0.345,896.0,875.0,reapproach,192.0,2025-08-03 14:14:53-04:00
ac4d36_20250803_002943,ac4d36,ERU892,16,2025-08-03 00:47:39+00:00,2025-08-03 00:51:09+00:00,go_around,False,False,416.0,2025-08-03 00:50:35+00:00,29.192163,-81.036933,15.0,2025-08-03 00:50:42+00:00,441.0,-0.455,1088.0,1650.0,reapproach,708.0,2025-08-02 20:50:35-04:00
ac4d36_20250803_205346,ac4d36,ERU892,07L,2025-08-03 22:03:09+00:00,2025-08-03 22:07:16+00:00,go_around,False,False,116.0,2025-08-03 22:05:47+00:00,29.168887,-81.085941,8.0,2025-08-03 22:05:52+00:00,166.0,0.374,1280.0,2700.0,reapproach,2356.0,2025-08-03 18:05:47-04:00
ad03d5_20250803_154803,ad03d5,ERU938,16,2025-08-03 16:47:09+00:00,2025-08-03 16:51:32+00:00,go_around,False,False,191.0,2025-08-03 16:50:47+00:00,29.189324,-81.03731,16.0,2025-08-03 16:50:57+00:00,241.0,-0.504,1024.0,2400.0,reapproach,1427.0,2025-08-03 12:50:47-04:00
a4dfb9_20250804_153133,a4dfb9,ERU413,07L,2025-08-04 15:46:02+00:00,2025-08-04 15:49:03+00:00,go_around,False,False,766.0,2025-08-04 15:47:14+00:00,29.155201,-81.120516,14.0,2025-08-04 15:47:24+00:00,791.0,2.169,768.0,750.0,leg_end,,2025-08-04 11:47:14-04:00
a5d7d8_20250804_151539,a5d7d8,ERU476,07R,2025-08-04 16:00:42+00:00,2025-08-04 16:01:33+00:00,go_around,False,False,141.0,2025-08-04 16:01:07+00:00,29.174194,-81.061653,8.0,2025-08-04 16:01:12+00:00,166.0,0.165,1536.0,900.0,reapproach,339.0,2025-08-04 12:01:07-04:00
a606c5_20250804_104011,a606c5,ERU488,07L,2025-08-04 11:51:41+00:00,2025-08-04 11:54:24+00:00,ga_ambiguous,False,False,141.0,2025-08-04 11:53:56+00:00,29.170191,-81.084433,22.0,2025-08-04 11:54:05+00:00,191.0,0.152,960.0,1900.0,reapproach,1091.0,2025-08-04 07:53:56-04:00
a606c5_20250804_231220,a606c5,ERU488,07L,2025-08-04 23:26:03+00:00,2025-08-04 23:29:51+00:00,go_around,False,False,116.0,2025-08-04 23:28:36+00:00,29.169388,-81.08581,12.0,2025-08-04 23:28:42+00:00,141.0,0.305,1216.0,1900.0,reapproach,848.0,2025-08-04 19:28:36-04:00
ab14f5_20250804_011339,ab14f5,ERU813,07R,2025-08-04 01:37:08+00:00,2025-08-04 01:38:45+00:00,go_around,False,False,116.0,2025-08-04 01:38:11+00:00,29.173874,-81.062252,14.0,2025-08-04 01:38:19+00:00,141.0,0.173,960.0,800.0,reapproach,151.0,2025-08-03 21:38:11-04:00
ab314f_20250804_122257,ab314f,ERU820,07R,2025-08-04 12:26:47+00:00,2025-08-04 12:27:29+00:00,go_around,False,False,166.0,2025-08-04 12:27:03+00:00,29.174753,-81.059768,11.0,2025-08-04 12:27:09+00:00,166.0,0.055,768.0,850.0,reapproach,201.0,2025-08-04 08:27:03-04:00
ac4d36_20250804_225655,ac4d36,ERU892,07L,2025-08-04 23:52:29+00:00,2025-08-04 23:56:18+00:00,go_around,False,False,141.0,2025-08-04 23:55:05+00:00,29.169525,-81.08507,14.0,2025-08-04 23:55:14+00:00,191.0,0.171,1152.0,1875.0,leg_end,,2025-08-04 19:55:05-04:00
ac8d58_20250804_222523,ac8d58,ERU908,07L,2025-08-04 22:36:57+00:00,2025-08-04 22:40:27+00:00,go_around,False,False,116.0,2025-08-04 22:39:39+00:00,29.169571,-81.084859,9.0,2025-08-04 22:39:46+00:00,116.0,0.28,1152.0,1875.0,reapproach,825.0,2025-08-04 18:39:39-04:00
ada588_20250804_003557,ada588,ERU979,07L,2025-08-04 00:49:03+00:00,2025-08-04 00:53:14+00:00,go_around,False,False,116.0,2025-08-04 00:51:51+00:00,29.168747,-81.087764,10.0,2025-08-04 00:51:55+00:00,116.0,0.474,1280.0,1875.0,reapproach,957.0,2025-08-03 20:51:51-04:00
a50381_20250805_183014,a50381,ERU422,07L,2025-08-05 18:52:14+00:00,2025-08-05 18:56:01+00:00,go_around,False,False,91.0,2025-08-05 18:54:56+00:00,29.169772,-81.084487,10.0,2025-08-05 18:55:01+00:00,116.0,0.266,896.0,1900.0,reapproach,1525.0,2025-08-05 14:54:56-04:00
a5d7d8_20250805_001017,a5d7d8,ERU476,07L,2025-08-05 00:22:40+00:00,2025-08-05 00:26:02+00:00,go_around,False,False,116.0,2025-08-05 00:25:14+00:00,29.169818,-81.08411,15.0,2025-08-05 00:25:23+00:00,141.0,0.128,1408.0,1900.0,reapproach,842.0,2025-08-04 20:25:14-04:00
a5d7d8_20250805_001017,a5d7d8,ERU476,07L,2025-08-05 00:40:04+00:00,2025-08-05 00:42:51+00:00,go_around,False,False,116.0,2025-08-05 00:42:20+00:00,29.169865,-81.085187,11.0,2025-08-05 00:42:27+00:00,116.0,0.23,1280.0,2425.0,reapproach,1581.0,2025-08-04 20:42:20-04:00
a606c5_20250805_175526,a606c5,ERU488,07L,2025-08-05 18:47:51+00:00,2025-08-05 18:50:21+00:00,go_around,False,False,591.0,2025-08-05 18:49:50+00:00,29.160919,-81.106356,14.0,2025-08-05 18:49:57+00:00,616.0,1.506,1024.0,1425.0,reapproach,267.0,2025-08-05 14:49:50-04:00
ab87bb_20250805_135715,ab87bb,ERU842,16,2025-08-05 14:13:06+00:00,2025-08-05 14:14:49+00:00,go_around,False,False,141.0,2025-08-05 14:14:32+00:00,29.20031,-81.060845,19.0,2025-08-05 14:14:50+00:00,216.0,0.249,896.0,1325.0,reapproach,686.0,2025-08-05 10:14:32-04:00
ab9e05_20250805_200141,ab9e05,ERU848,07L,2025-08-05 20:15:44+00:00,2025-08-05 20:18:50+00:00,go_around,False,False,491.0,2025-08-05 20:17:40+00:00,29.162476,-81.103081,14.0,2025-08-05 20:17:44+00:00,491.0,1.407,1024.0,1750.0,reapproach,1042.0,2025-08-05 16:17:40-04:00
abe94c_20250805_142802,abe94c,ERU867,16,2025-08-05 14:34:44+00:00,2025-08-05 14:37:26+00:00,go_around,False,False,291.0,2025-08-05 14:36:56+00:00,29.207748,-81.064365,12.0,2025-08-05 14:37:03+00:00,341.0,0.969,1344.0,1225.0,reapproach,1809.0,2025-08-05 10:36:56-04:00
ad1c78_20250805_012846,ad1c78,ERU944,07R,2025-08-05 01:40:04+00:00,2025-08-05 01:40:49+00:00,go_around,False,False,141.0,2025-08-05 01:40:17+00:00,29.173599,-81.063045,15.0,2025-08-05 01:40:25+00:00,166.0,0.216,960.0,750.0,reapproach,113.0,2025-08-04 21:40:17-04:00
ad1c78_20250805_195620,ad1c78,ERU944,07L,2025-08-05 20:40:14+00:00,2025-08-05 20:44:07+00:00,go_around,False,False,191.0,2025-08-05 20:42:35+00:00,29.167351,-81.090465,16.0,2025-08-05 20:42:46+00:00,241.0,0.428,1536.0,1800.0,reapproach,785.0,2025-08-05 16:42:35-04:00
ab9e05_20250806_134732,ab9e05,ERU848,07L,2025-08-06 14:33:52+00:00,2025-08-06 14:36:43+00:00,ga_ambiguous,False,False,591.0,2025-08-06 14:36:34+00:00,29.16861,-81.084753,27.0,2025-08-06 14:36:54+00:00,741.0,-0.039,768.0,375.0,reapproach,91.0,2025-08-06 10:36:34-04:00
abd302_20250806_031906,abd302,ERU861,16,2025-08-06 03:32:11+00:00,2025-08-06 03:35:33+00:00,go_around,False,False,191.0,2025-08-06 03:34:48+00:00,29.202265,-81.061599,12.0,2025-08-06 03:34:54+00:00,241.0,0.572,1344.0,1775.0,reapproach,1027.0,2025-08-05 23:34:48-04:00
abd302_20250806_031906,abd302,ERU861,16,2025-08-06 03:52:40+00:00,2025-08-06 03:55:54+00:00,go_around,False,False,241.0,2025-08-06 03:55:05+00:00,29.204779,-81.063107,16.0,2025-08-06 03:55:13+00:00,241.0,0.676,1344.0,1725.0,reapproach,773.0,2025-08-05 23:55:05-04:00
abd302_20250806_031906,abd302,ERU861,16,2025-08-06 04:08:47+00:00,2025-08-06 04:11:45+00:00,go_around,False,False,266.0,2025-08-06 04:11:06+00:00,29.206362,-81.063538,18.0,2025-08-06 04:11:19+00:00,266.0,0.644,1152.0,1700.0,reapproach,730.0,2025-08-06 00:11:06-04:00
ac8d58_20250806_225407,ac8d58,ERU908,07L,2025-08-06 23:39:07+00:00,2025-08-06 23:43:04+00:00,go_around,False,False,291.0,2025-08-06 23:41:29+00:00,29.167165,-81.091165,18.0,2025-08-06 23:41:36+00:00,316.0,0.598,1600.0,2075.0,leg_end,,2025-08-06 19:41:29-04:00
a48aab_20250807_002844,a48aab,ERU392,07L,2025-08-07 01:16:54+00:00,2025-08-07 01:20:56+00:00,go_around,False,False,141.0,2025-08-07 01:19:32+00:00,29.168841,-81.086695,8.0,2025-08-07 01:19:38+00:00,166.0,0.4,832.0,2900.0,reapproach,788.0,2025-08-06 21:19:32-04:00
a4b0cc_20250807_225500,a4b0cc,ERU401,07L,2025-08-07 23:18:45+00:00,2025-08-07 23:22:59+00:00,go_around,False,False,141.0,2025-08-07 23:21:35+00:00,29.168748,-81.087072,13.0,2025-08-07 23:21:43+00:00,191.0,0.354,1088.0,2550.0,reapproach,964.0,2025-08-07 19:21:35-04:00
a54b11_20250807_011235,a54b11,ERU440,07L,2025-08-07 01:25:43+00:00,2025-08-07 01:28:26+00:00,go_around,False,False,666.0,2025-08-07 01:27:16+00:00,29.15744,-81.115071,9.0,2025-08-07 01:27:21+00:00,691.0,2.029,1088.0,1775.0,reapproach,2695.0,2025-08-06 21:27:16-04:00
ab201a_20250807_224021,ab201a,ERU816,07L,2025-08-07 23:33:10+00:00,2025-08-07 23:34:51+00:00,go_around,False,False,91.0,2025-08-07 23:33:33+00:00,29.171448,-81.080528,15.0,2025-08-07 23:33:42+00:00,141.0,-0.015,1024.0,2800.0,reapproach,1330.0,2025-08-07 19:33:33-04:00
ab6f18_20250807_003410,ab6f18,ERU836,07L,2025-08-07 01:14:10+00:00,2025-08-07 01:18:03+00:00,go_around,False,False,66.0,2025-08-07 01:16:58+00:00,29.17131,-81.080633,13.0,2025-08-07 01:17:02+00:00,91.0,0.044,1024.0,1950.0,reapproach,971.0,2025-08-06 21:16:58-04:00
ab9697_20250807_025211,ab9697,ERU846,07L,2025-08-07 03:05:31+00:00,2025-08-07 03:09:13+00:00,go_around,False,False,266.0,2025-08-07 03:07:42+00:00,29.166374,-81.092081,8.0,2025-08-07 03:07:48+00:00,316.0,0.661,1152.0,1725.0,reapproach,1031.0,2025-08-06 23:07:42-04:00
ab9697_20250807_203700,ab9697,ERU846,07L,2025-08-07 21:10:22+00:00,2025-08-07 21:14:32+00:00,go_around,False,False,91.0,2025-08-07 21:13:14+00:00,29.170331,-81.082602,10.0,2025-08-07 21:13:18+00:00,116.0,0.187,1216.0,1100.0,reapproach,851.0,2025-08-07 17:13:14-04:00
abba5f_20250807_222111,abba5f,ERU855,07L,2025-08-07 23:33:04+00:00,2025-08-07 23:37:09+00:00,go_around,False,False,91.0,2025-08-07 23:35:52+00:00,29.17067,-81.082746,15.0,2025-08-07 23:36:00+00:00,116.0,0.112,1152.0,2825.0,reapproach,999.0,2025-08-07 19:35:52-04:00
abd302_20250807_230050,abd302,ERU861,07L,2025-08-07 23:25:41+00:00,2025-08-07 23:29:55+00:00,go_around,False,False,91.0,2025-08-07 23:28:37+00:00,29.170889,-81.081525,12.0,2025-08-07 23:28:41+00:00,141.0,0.113,1408.0,2675.0,reapproach,1075.0,2025-08-07 19:28:37-04:00
abe94c_20250807_024839,abe94c,ERU867,07L,2025-08-07 03:02:38+00:00,2025-08-07 03:06:33+00:00,go_around,False,False,116.0,2025-08-07 03:05:19+00:00,29.170005,-81.084595,14.0,2025-08-07 03:05:26+00:00,166.0,0.21,1216.0,1725.0,reapproach,1679.0,2025-08-06 23:05:19-04:00
abf0ba_20250807_220833,abf0ba,ERU869,07L,2025-08-07 22:58:55+00:00,2025-08-07 23:02:40+00:00,go_around,False,False,116.0,2025-08-07 23:01:13+00:00,29.169074,-81.08621,10.0,2025-08-07 23:01:21+00:00,141.0,0.28,1472.0,1650.0,reapproach,790.0,2025-08-07 19:01:13-04:00
ac3493_20250807_201628,ac3493,ERU886,34,2025-08-07 20:28:04+00:00,2025-08-07 20:31:22+00:00,go_around,False,False,266.0,2025-08-07 20:30:30+00:00,29.163162,-81.042973,14.0,2025-08-07 20:30:36+00:00,291.0,0.662,1280.0,2300.0,reapproach,654.0,2025-08-07 16:30:30-04:00
ac8d58_20250807_035956,ac8d58,ERU908,07L,2025-08-07 04:52:00+00:00,2025-08-07 04:55:48+00:00,go_around,False,False,91.0,2025-08-07 04:54:59+00:00,29.170715,-81.082218,16.0,2025-08-07 04:55:07+00:00,116.0,0.031,1024.0,2625.0,reapproach,1014.0,2025-08-07 00:54:59-04:00
acf4f9_20250807_022733,acf4f9,ERU934,07L,2025-08-07 02:43:53+00:00,2025-08-07 02:47:23+00:00,ga_ambiguous,False,False,291.0,2025-08-07 02:46:07+00:00,29.168329,-81.087772,26.0,2025-08-07 02:46:28+00:00,341.0,0.04,1024.0,1675.0,reapproach,761.0,2025-08-06 22:46:07-04:00
ad6f2d_20250807_000002,ad6f2d,ERU965,07L,2025-08-07 00:09:05+00:00,2025-08-07 00:12:52+00:00,go_around,False,False,66.0,2025-08-07 00:11:52+00:00,29.171867,-81.079263,13.0,2025-08-07 00:11:58+00:00,91.0,-0.064,832.0,1950.0,reapproach,4220.0,2025-08-06 20:11:52-04:00
a5c8fc_20250808_172615,a5c8fc,ERU472,07L,2025-08-08 17:39:34+00:00,2025-08-08 17:43:45+00:00,go_around,False,False,66.0,2025-08-08 17:42:30+00:00,29.170853,-81.082007,7.0,2025-08-08 17:42:35+00:00,141.0,0.107,1600.0,2475.0,reapproach,1192.0,2025-08-08 13:42:30-04:00
a5c8fc_20250808_172615,a5c8fc,ERU472,07L,2025-08-08 18:03:37+00:00,2025-08-08 18:07:32+00:00,go_around,False,False,166.0,2025-08-08 18:06:13+00:00,29.169586,-81.085187,11.0,2025-08-08 18:06:19+00:00,191.0,0.277,1408.0,2750.0,reapproach,1000.0,2025-08-08 14:06:13-04:00
ad03d5_20250808_102635,ad03d5,ERU938,07L,2025-08-08 11:14:39+00:00,2025-08-08 11:18:46+00:00,go_around,False,False,91.0,2025-08-08 11:17:28+00:00,29.170144,-81.083625,17.0,2025-08-08 11:17:37+00:00,116.0,0.086,1216.0,1950.0,reapproach,951.0,2025-08-08 07:17:28-04:00
ad03d5_20250808_174704,ad03d5,ERU938,07L,2025-08-08 18:20:30+00:00,2025-08-08 18:23:57+00:00,go_around,False,False,241.0,2025-08-08 18:23:15+00:00,29.16912,-81.085672,12.0,2025-08-08 18:23:22+00:00,241.0,0.293,832.0,2450.0,reapproach,1011.0,2025-08-08 14:23:15-04:00
ada588_20250808_174044,ada588,ERU979,07L,2025-08-08 18:08:26+00:00,2025-08-08 18:12:22+00:00,ga_ambiguous,False,False,366.0,2025-08-08 18:10:38+00:00,29.164169,-81.098328,22.0,2025-08-08 18:10:50+00:00,391.0,0.881,1024.0,2650.0,reapproach,1112.0,2025-08-08 14:10:38-04:00
aafc52_20250809_205728,aafc52,ERU807,07L,2025-08-09 21:10:46+00:00,2025-08-09 21:14:14+00:00,go_around,False,False,91.0,2025-08-09 21:13:35+00:00,29.170807,-81.081901,14.0,2025-08-09 21:13:41+00:00,91.0,0.073,1216.0,1925.0,reapproach,707.0,2025-08-09 17:13:35-04:00
ab113e_20250809_200320,ab113e,ERU812,07L,2025-08-09 20:14:42+00:00,2025-08-09 20:18:43+00:00,go_around,False,False,66.0,2025-08-09 20:17:28+00:00,29.170761,-81.082429,6.0,2025-08-09 20:17:32+00:00,141.0,0.164,1472.0,2650.0,reapproach,1037.0,2025-08-09 16:17:28-04:00
abab83_20250809_201101,abab83,ERU851,07L,2025-08-09 20:23:20+00:00,2025-08-09 20:27:06+00:00,go_around,False,False,91.0,2025-08-09 20:26:07+00:00,29.170703,-81.082279,16.0,2025-08-09 20:26:15+00:00,91.0,0.145,1216.0,2425.0,reapproach,1130.0,2025-08-09 16:26:07-04:00
abd302_20250809_173051,abd302,ERU861,07L,2025-08-09 17:50:05+00:00,2025-08-09 17:53:27+00:00,ga_ambiguous,False,False,216.0,2025-08-09 17:52:40+00:00,29.166824,-81.092412,21.0,2025-08-09 17:52:54+00:00,216.0,0.494,960.0,1875.0,reapproach,1399.0,2025-08-09 13:52:40-04:00
aafc52_20250810_024339,aafc52,ERU807,07L,2025-08-10 04:01:16+00:00,2025-08-10 04:04:37+00:00,go_around,False,False,66.0,2025-08-10 04:03:46+00:00,29.170703,-81.082279,10.0,2025-08-10 04:03:52+00:00,91.0,0.091,1088.0,1900.0,reapproach,1113.0,2025-08-10 00:03:46-04:00
ab0d87_20250810_203043,ab0d87,ERU811,16,2025-08-10 21:12:03+00:00,2025-08-10 21:15:44+00:00,ga_ambiguous,False,False,241.0,2025-08-10 21:14:48+00:00,29.202438,-81.062305,27.0,2025-08-10 21:15:06+00:00,266.0,0.374,1216.0,1375.0,reapproach,1019.0,2025-08-10 17:14:48-04:00
ab201a_20250810_150122,ab201a,ERU816,07R,2025-08-10 15:14:15+00:00,2025-08-10 15:14:55+00:00,go_around,False,False,291.0,2025-08-10 15:14:22+00:00,29.173682,-81.062407,12.0,2025-08-10 15:14:32+00:00,316.0,0.134,960.0,725.0,reapproach,145.0,2025-08-10 11:14:22-04:00
ab38bd_20250810_005906,ab38bd,ERU822,07L,2025-08-10 01:14:18+00:00,2025-08-10 01:18:07+00:00,go_around,False,False,91.0,2025-08-10 01:16:55+00:00,29.169983,-81.083486,12.0,2025-08-10 01:17:02+00:00,116.0,0.114,1152.0,1900.0,reapproach,779.0,2025-08-09 21:16:55-04:00
ab38bd_20250810_005906,ab38bd,ERU822,07L,2025-08-10 01:31:06+00:00,2025-08-10 01:33:49+00:00,ga_ambiguous,False,False,266.0,2025-08-10 01:33:05+00:00,29.167328,-81.091091,26.0,2025-08-10 01:33:24+00:00,341.0,0.258,1216.0,1725.0,reapproach,834.0,2025-08-09 21:33:05-04:00
ab9e05_20250810_023110,ab9e05,ERU848,07L,2025-08-10 03:15:59+00:00,2025-08-10 03:19:41+00:00,go_around,False,False,91.0,2025-08-10 03:18:37+00:00,29.171173,-81.081426,14.0,2025-08-10 03:18:45+00:00,116.0,0.042,960.0,1900.0,reapproach,811.0,2025-08-09 23:18:37-04:00
ab9e05_20250810_204630,ab9e05,ERU848,07L,2025-08-10 21:19:15+00:00,2025-08-10 21:21:51+00:00,ga_ambiguous,False,False,291.0,2025-08-10 21:21:40+00:00,29.169213,-81.086695,26.0,2025-08-10 21:21:58+00:00,316.0,0.086,512.0,375.0,reapproach,105.0,2025-08-10 17:21:40-04:00
abab83_20250810_180035,abab83,ERU851,07R,2025-08-10 18:04:07+00:00,2025-08-10 18:04:51+00:00,go_around,False,False,91.0,2025-08-10 18:04:32+00:00,29.175613,-81.058027,8.0,2025-08-10 18:04:38+00:00,91.0,-0.045,896.0,850.0,reapproach,198.0,2025-08-10 14:04:32-04:00
abab83_20250810_180035,abab83,ERU851,07R,2025-08-10 18:31:36+00:00,2025-08-10 18:32:17+00:00,go_around,False,False,41.0,2025-08-10 18:31:56+00:00,29.175522,-81.058185,10.0,2025-08-10 18:32:03+00:00,66.0,-0.045,1024.0,875.0,reapproach,200.0,2025-08-10 14:31:56-04:00
ac4d36_20250810_180237,ac4d36,ERU892,07R,2025-08-10 18:36:39+00:00,2025-08-10 18:37:23+00:00,go_around,False,False,391.0,2025-08-10 18:36:51+00:00,29.174008,-81.06203,10.0,2025-08-10 18:36:58+00:00,391.0,0.182,704.0,675.0,reapproach,353.0,2025-08-10 14:36:51-04:00
ac8233_20250810_174919,ac8233,ERU905,07R,2025-08-10 17:52:32+00:00,2025-08-10 17:53:17+00:00,go_around,False,False,216.0,2025-08-10 17:52:50+00:00,29.173553,-81.063097,10.0,2025-08-10 17:52:56+00:00,241.0,0.216,1024.0,750.0,reapproach,189.0,2025-08-10 13:52:50-04:00
a57db5_20250811_224755,a57db5,ERU453,07L,2025-08-11 23:42:40+00:00,2025-08-11 23:46:27+00:00,go_around,False,False,91.0,2025-08-11 23:45:11+00:00,29.169958,-81.084272,9.0,2025-08-11 23:45:17+00:00,116.0,0.204,1024.0,1925.0,leg_end,,2025-08-11 19:45:11-04:00
ab113e_20250811_221706,ab113e,ERU812,07L,2025-08-11 22:32:37+00:00,2025-08-11 22:36:44+00:00,go_around,False,False,116.0,2025-08-11 22:35:20+00:00,29.169772,-81.084164,11.0,2025-08-11 22:35:24+00:00,116.0,0.273,1152.0,2400.0,reapproach,1322.0,2025-08-11 18:35:20-04:00
ab14f5_20250811_002315,ab14f5,ERU813,16,2025-08-11 01:05:29+00:00,2025-08-11 01:09:12+00:00,go_around,False,False,216.0,2025-08-11 01:08:15+00:00,29.203812,-81.062886,15.0,2025-08-11 01:08:23+00:00,291.0,0.657,1216.0,1775.0,reapproach,643.0,2025-08-10 21:08:15-04:00
ab2788_20250811_205800,ab2788,ERU818,07L,2025-08-11 21:10:44+00:00,2025-08-11 21:14:05+00:00,go_around,False,False,116.0,2025-08-11 21:13:30+00:00,29.169067,-81.085862,11.0,2025-08-11 21:13:36+00:00,166.0,0.306,896.0,1875.0,reapproach,806.0,2025-08-11 17:13:30-04:00
ab2788_20250811_205800,ab2788,ERU818,07L,2025-08-11 21:27:31+00:00,2025-08-11 21:30:36+00:00,ga_ambiguous,False,False,316.0,2025-08-11 21:29:42+00:00,29.167491,-81.090411,23.0,2025-08-11 21:29:58+00:00,341.0,0.317,896.0,1250.0,reapproach,1015.0,2025-08-11 17:29:42-04:00
ab2788_20250811_222011,ab2788,ERU818,07L,2025-08-11 22:35:10+00:00,2025-08-11 22:38:24+00:00,go_around,False,False,166.0,2025-08-11 22:37:48+00:00,29.169205,-81.086549,16.0,2025-08-11 22:37:56+00:00,166.0,0.297,832.0,1825.0,reapproach,1070.0,2025-08-11 18:37:48-04:00
ab2788_20250811_222011,ab2788,ERU818,07L,2025-08-11 22:56:14+00:00,2025-08-11 22:59:12+00:00,go_around,False,False,316.0,2025-08-11 22:58:33+00:00,29.168236,-81.088149,19.0,2025-08-11 22:58:47+00:00,316.0,0.244,1088.0,1775.0,reapproach,1270.0,2025-08-11 18:58:33-04:00
ab38bd_20250811_034717,ab38bd,ERU822,16,2025-08-11 04:37:22+00:00,2025-08-11 04:38:28+00:00,go_around,False,False,316.0,2025-08-11 04:37:41+00:00,29.198076,-81.060091,10.0,2025-08-11 04:37:45+00:00,341.0,0.426,704.0,1650.0,reapproach,1041.0,2025-08-11 00:37:41-04:00
ab38bd_20250811_195519,ab38bd,ERU822,07L,2025-08-11 20:43:40+00:00,2025-08-11 20:47:02+00:00,go_around,False,False,91.0,2025-08-11 20:46:34+00:00,29.170441,-81.082218,12.0,2025-08-11 20:46:39+00:00,141.0,0.154,768.0,1900.0,reapproach,882.0,2025-08-11 16:46:34-04:00
ac54a4_20250811_012929,ac54a4,ERU894,07L,2025-08-11 01:40:59+00:00,2025-08-11 01:44:40+00:00,go_around,False,False,91.0,2025-08-11 01:43:31+00:00,29.170051,-81.084325,15.0,2025-08-11 01:43:42+00:00,116.0,0.07,896.0,1875.0,reapproach,605.0,2025-08-10 21:43:31-04:00
ac910f_20250811_214148,ac910f,ERU909,07L,2025-08-11 22:39:55+00:00,2025-08-11 22:42:58+00:00,go_around,False,False,616.0,2025-08-11 22:41:33+00:00,29.157575,-81.115184,16.0,2025-08-11 22:41:44+00:00,666.0,1.875,1088.0,1675.0,reapproach,1252.0,2025-08-11 18:41:33-04:00
ad1153_20250811_221317,ad1153,ERU941,07L,2025-08-11 22:51:12+00:00,2025-08-11 22:55:09+00:00,go_around,False,False,91.0,2025-08-11 22:53:59+00:00,29.171036,-81.082482,14.0,2025-08-11 22:54:06+00:00,141.0,0.103,832.0,2625.0,reapproach,1856.0,2025-08-11 18:53:59-04:00
a5d7d8_20250812_013852,a5d7d8,ERU476,07L,2025-08-12 01:50:55+00:00,2025-08-12 01:54:01+00:00,go_around,False,False,116.0,2025-08-12 01:53:35+00:00,29.170578,-81.083327,10.0,2025-08-12 01:53:41+00:00,166.0,0.147,1536.0,1875.0,reapproach,958.0,2025-08-11 21:53:35-04:00
abab83_20250812_011744,abab83,ERU851,07L,2025-08-12 01:36:30+00:00,2025-08-12 01:40:09+00:00,go_around,False,False,116.0,2025-08-12 01:39:04+00:00,29.170191,-81.083948,15.0,2025-08-12 01:39:12+00:00,241.0,0.146,1088.0,1875.0,reapproach,814.0,2025-08-11 21:39:04-04:00
ac3493_20250812_005926,ac3493,ERU886,07L,2025-08-12 01:33:54+00:00,2025-08-12 01:37:02+00:00,go_around,False,False,116.0,2025-08-12 01:36:31+00:00,29.1698,-81.084436,14.0,2025-08-12 01:36:35+00:00,166.0,0.275,1152.0,875.0,reapproach,210.0,2025-08-11 21:36:31-04:00
ac54a4_20250812_004438,ac54a4,ERU894,07L,2025-08-12 01:11:13+00:00,2025-08-12 01:14:19+00:00,go_around,False,False,116.0,2025-08-12 01:13:48+00:00,29.169571,-81.085123,14.0,2025-08-12 01:14:00+00:00,216.0,0.102,1280.0,1975.0,reapproach,1662.0,2025-08-11 21:13:48-04:00
ac8d58_20250812_025848,ac8d58,ERU908,07L,2025-08-12 03:15:07+00:00,2025-08-12 03:18:00+00:00,go_around,False,False,341.0,2025-08-12 03:17:16+00:00,29.166367,-81.093944,13.0,2025-08-12 03:17:23+00:00,391.0,0.733,1152.0,1675.0,reapproach,3094.0,2025-08-11 23:17:16-04:00
acf4f9_20250812_021108,acf4f9,ERU934,07R,2025-08-12 02:25:07+00:00,2025-08-12 02:25:56+00:00,go_around,False,False,66.0,2025-08-12 02:25:28+00:00,29.174613,-81.060306,9.0,2025-08-12 02:25:35+00:00,91.0,0.064,1152.0,950.0,reapproach,287.0,2025-08-11 22:25:28-04:00
ad1153_20250812_201556,ad1153,ERU941,07L,2025-08-12 20:49:11+00:00,2025-08-12 20:52:18+00:00,ga_ambiguous,False,False,641.0,2025-08-12 20:50:41+00:00,29.157578,-81.11486,28.0,2025-08-12 20:51:02+00:00,816.0,1.595,960.0,1925.0,reapproach,1452.0,2025-08-12 16:50:41-04:00
ad52d3_20250812_025209,ad52d3,ERU958,07L,2025-08-12 03:49:59+00:00,2025-08-12 03:53:06+00:00,go_around,False,False,91.0,2025-08-12 03:52:46+00:00,29.172638,-81.077094,17.0,2025-08-12 03:52:52+00:00,116.0,-0.183,1088.0,1875.0,reapproach,837.0,2025-08-11 23:52:46-04:00
ad52d3_20250812_025209,ad52d3,ERU958,07L,2025-08-12 04:07:03+00:00,2025-08-12 04:10:29+00:00,go_around,False,False,341.0,2025-08-12 04:09:24+00:00,29.170944,-81.080897,17.0,2025-08-12 04:09:32+00:00,391.0,-0.019,1024.0,550.0,leg_end,,2025-08-12 00:09:24-04:00
ad6f2d_20250812_001421,ad6f2d,ERU965,07L,2025-08-12 01:17:50+00:00,2025-08-12 01:21:16+00:00,go_around,False,False,391.0,2025-08-12 01:20:01+00:00,29.16386,-81.099405,15.0,2025-08-12 01:20:09+00:00,416.0,1.04,1024.0,1600.0,reapproach,1098.0,2025-08-11 21:20:01-04:00
a50381_20250813_012524,a50381,ERU422,07R,2025-08-13 01:57:32+00:00,2025-08-13 02:00:20+00:00,go_around,False,False,466.0,2025-08-13 01:59:46+00:00,29.173589,-81.063214,11.0,2025-08-13 01:59:51+00:00,491.0,0.283,704.0,525.0,reapproach,148.0,2025-08-12 21:59:46-04:00
ac384a_20250813_003855,ac384a,ERU887,07L,2025-08-13 00:49:46+00:00,2025-08-13 00:51:29+00:00,go_around,False,False,691.0,2025-08-13 00:51:18+00:00,29.157203,-81.115615,15.0,2025-08-13 00:51:25+00:00,691.0,2.042,832.0,875.0,reapproach,1824.0,2025-08-12 20:51:18-04:00
ad6f2d_20250813_171803,ad6f2d,ERU965,16,2025-08-13 17:23:39+00:00,2025-08-13 17:24:52+00:00,go_around,False,False,741.0,2025-08-13 17:24:37+00:00,29.228102,-81.074362,8.0,2025-08-13 17:24:45+00:00,766.0,2.413,960.0,975.0,reapproach,129.0,2025-08-13 13:24:37-04:00
a6108c_20250814_142822,a6108c,ERU490,25R,2025-08-14 15:20:16+00:00,2025-08-14 15:22:52+00:00,go_around,False,False,491.0,2025-08-14 15:22:08+00:00,29.193001,-81.027455,9.0,2025-08-14 15:22:12+00:00,491.0,1.096,1088.0,800.0,reapproach,3.0,2025-08-14 11:22:08-04:00
ad6f2d_20250814_233818,ad6f2d,ERU965,07L,2025-08-14 23:56:24+00:00,2025-08-14 23:59:42+00:00,go_around,False,False,141.0,2025-08-14 23:58:48+00:00,29.169167,-81.086103,14.0,2025-08-14 23:58:55+00:00,141.0,0.3,960.0,712.5,leg_end,,2025-08-14 19:58:48-04:00
a5a17d_20250815_140121,a5a17d,ERU462,25R,2025-08-15 14:20:00+00:00,2025-08-15 14:21:25+00:00,go_around,False,False,166.0,2025-08-15 14:20:37+00:00,29.189184,-81.036718,10.0,2025-08-15 14:20:43+00:00,166.0,0.564,896.0,1850.0,reapproach,641.0,2025-08-15 10:20:37-04:00
ab14f5_20250815_014330,ab14f5,ERU813,07L,2025-08-15 02:18:20+00:00,2025-08-15 02:21:11+00:00,go_around,False,False,91.0,2025-08-15 02:20:47+00:00,29.170532,-81.083221,12.0,2025-08-15 02:20:53+00:00,91.0,0.173,1088.0,1900.0,reapproach,1287.0,2025-08-14 22:20:47-04:00
ab6f18_20250815_221851,ab6f18,ERU836,07L,2025-08-15 22:35:00+00:00,2025-08-15 22:38:19+00:00,go_around,False,False,91.0,2025-08-15 22:37:40+00:00,29.17047,-81.082979,12.0,2025-08-15 22:37:48+00:00,141.0,0.091,1344.0,2100.0,reapproach,1321.0,2025-08-15 18:37:40-04:00
ab9a4e_20250815_175756,ab9a4e,ERU847,07L,2025-08-15 18:10:03+00:00,2025-08-15 18:14:01+00:00,go_around,False,False,66.0,2025-08-15 18:12:47+00:00,29.170936,-81.08104,15.0,2025-08-15 18:12:53+00:00,116.0,0.077,1216.0,1950.0,reapproach,2933.0,2025-08-15 14:12:47-04:00
ac2d25_20250815_174100,ac2d25,ERU884,07L,2025-08-15 17:53:56+00:00,2025-08-15 17:57:52+00:00,go_around,False,False,91.0,2025-08-15 17:56:34+00:00,29.169846,-81.084542,14.0,2025-08-15 17:56:43+00:00,116.0,0.173,896.0,1875.0,reapproach,864.0,2025-08-15 13:56:34-04:00
ac30dc_20250815_011732,ac30dc,ERU885,07R,2025-08-15 01:21:22+00:00,2025-08-15 01:22:11+00:00,go_around,False,False,66.0,2025-08-15 01:21:44+00:00,29.174423,-81.060879,11.0,2025-08-15 01:21:51+00:00,91.0,0.105,1024.0,875.0,reapproach,145.0,2025-08-14 21:21:44-04:00
ac384a_20250815_225004,ac384a,ERU887,07L,2025-08-15 23:52:01+00:00,2025-08-15 23:55:09+00:00,go_around,False,False,116.0,2025-08-15 23:54:34+00:00,29.170843,-81.083248,13.0,2025-08-15 23:54:39+00:00,141.0,0.176,1088.0,1875.0,leg_end,,2025-08-15 19:54:34-04:00
ac8233_20250815_000002,ac8233,ERU905,07L,2025-08-15 00:00:58+00:00,2025-08-15 00:03:51+00:00,go_around,False,False,141.0,2025-08-15 00:03:17+00:00,29.168841,-81.087287,14.0,2025-08-15 00:03:24+00:00,141.0,0.361,1344.0,1850.0,reapproach,1063.0,2025-08-14 20:03:17-04:00
ac8d58_20250815_010449,ac8d58,ERU908,07L,2025-08-15 02:01:27+00:00,2025-08-15 02:05:01+00:00,go_around,False,False,116.0,2025-08-15 02:03:50+00:00,29.169725,-81.08551,10.0,2025-08-15 02:03:56+00:00,116.0,0.262,960.0,1900.0,reapproach,953.0,2025-08-14 22:03:50-04:00
ac910f_20250815_000001,ac910f,ERU909,07L,2025-08-15 00:02:46+00:00,2025-08-15 00:05:51+00:00,go_around,False,False,116.0,2025-08-15 00:05:22+00:00,29.169958,-81.084325,12.0,2025-08-15 00:05:26+00:00,166.0,0.275,832.0,1950.0,reapproach,1114.0,2025-08-14 20:05:22-04:00
ac910f_20250815_033703,ac910f,ERU909,07L,2025-08-15 03:52:50+00:00,2025-08-15 03:55:21+00:00,go_around,False,False,341.0,2025-08-15 03:54:56+00:00,29.170237,-81.084325,11.0,2025-08-15 03:55:04+00:00,391.0,0.124,832.0,1600.0,reapproach,698.0,2025-08-14 23:54:56-04:00
ad1153_20250815_221945,ad1153,ERU941,07L,2025-08-15 23:43:59+00:00,2025-08-15 23:47:01+00:00,go_around,False,False,141.0,2025-08-15 23:46:17+00:00,29.168887,-81.087126,13.0,2025-08-15 23:46:26+00:00,191.0,0.284,1088.0,1975.0,leg_end,,2025-08-15 19:46:17-04:00
ad4f1c_20250815_180314,ad4f1c,ERU957,07L,2025-08-15 18:19:32+00:00,2025-08-15 18:23:25+00:00,go_around,False,False,316.0,2025-08-15 18:21:57+00:00,29.163953,-81.09892,14.0,2025-08-15 18:22:08+00:00,366.0,0.924,1088.0,2225.0,reapproach,1470.0,2025-08-15 14:21:57-04:00
ada588_20250815_003649,ada588,ERU979,07L,2025-08-15 01:00:03+00:00,2025-08-15 01:03:36+00:00,go_around,False,False,566.0,2025-08-15 01:02:29+00:00,29.168003,-81.087718,11.0,2025-08-15 01:02:33+00:00,591.0,0.482,960.0,1525.0,reapproach,735.0,2025-08-14 21:02:29-04:00
aafc52_20250816_011848,aafc52,ERU807,07L,2025-08-16 01:39:41+00:00,2025-08-16 01:43:12+00:00,go_around,False,False,91.0,2025-08-16 01:42:03+00:00,29.170486,-81.082429,10.0,2025-08-16 01:42:08+00:00,91.0,0.17,1088.0,1900.0,reapproach,950.0,2025-08-15 21:42:03-04:00
ab113e_20250816_004815,ab113e,ERU812,07L,2025-08-16 02:01:09+00:00,2025-08-16 02:04:11+00:00,go_around,False,False,116.0,2025-08-16 02:03:38+00:00,29.168976,-81.086391,14.0,2025-08-16 02:03:49+00:00,141.0,0.23,960.0,2375.0,reapproach,883.0,2025-08-15 22:03:38-04:00
ab9697_20250816_015331,ab9697,ERU846,07L,2025-08-16 02:58:26+00:00,2025-08-16 03:01:49+00:00,go_around,False,False,66.0,2025-08-16 03:00:49+00:00,29.170578,-81.082271,12.0,2025-08-16 03:00:56+00:00,116.0,0.077,640.0,1925.0,reapproach,1264.0,2025-08-15 23:00:49-04:00
abab83_20250816_183646,abab83,ERU851,07L,2025-08-16 18:52:46+00:00,2025-08-16 18:56:19+00:00,go_around,False,False,66.0,2025-08-16 18:55:15+00:00,29.172006,-81.079694,12.0,2025-08-16 18:55:20+00:00,116.0,-0.009,1600.0,1925.0,reapproach,717.0,2025-08-16 14:55:15-04:00
ac1482_20250816_200402,ac1482,ERU878,07L,2025-08-16 20:16:25+00:00,2025-08-16 20:20:20+00:00,go_around,False,False,41.0,2025-08-16 20:19:14+00:00,29.171122,-81.081525,14.0,2025-08-16 20:19:24+00:00,91.0,-0.025,1152.0,2000.0,reapproach,678.0,2025-08-16 16:19:14-04:00
ac3493_20250816_012249,ac3493,ERU886,07L,2025-08-16 01:41:51+00:00,2025-08-16 01:44:52+00:00,go_around,False,False,341.0,2025-08-16 01:44:11+00:00,29.171173,-81.081478,16.0,2025-08-16 01:44:22+00:00,391.0,-0.127,1216.0,1750.0,reapproach,1266.0,2025-08-15 21:44:11-04:00
ac910f_20250816_005038,ac910f,ERU909,07R,2025-08-16 01:17:40+00:00,2025-08-16 01:18:11+00:00,go_around,False,False,41.0,2025-08-16 01:17:55+00:00,29.175797,-81.057446,8.0,2025-08-16 01:17:59+00:00,41.0,-0.049,832.0,950.0,reapproach,220.0,2025-08-15 21:17:55-04:00
acc9c3_20250816_010503,acc9c3,ERU923,07R,2025-08-16 01:32:56+00:00,2025-08-16 01:33:43+00:00,go_around,False,False,116.0,2025-08-16 01:33:17+00:00,29.174148,-81.061222,9.0,2025-08-16 01:33:22+00:00,141.0,0.156,896.0,825.0,reapproach,203.0,2025-08-15 21:33:17-04:00
ad1153_20250816_171653,ad1153,ERU941,07L,2025-08-16 17:34:32+00:00,2025-08-16 17:37:37+00:00,go_around,False,False,116.0,2025-08-16 17:36:58+00:00,29.170761,-81.082693,14.0,2025-08-16 17:37:06+00:00,141.0,0.075,1216.0,2250.0,reapproach,1503.0,2025-08-16 13:36:58-04:00
ad4f1c_20250816_002150,ad4f1c,ERU957,07L,2025-08-16 01:16:08+00:00,2025-08-16 01:19:19+00:00,go_around,False,False,366.0,2025-08-16 01:18:11+00:00,29.168049,-81.088957,12.0,2025-08-16 01:18:18+00:00,391.0,0.458,1152.0,1675.0,reapproach,665.0,2025-08-15 21:18:11-04:00
aafc52_20250817_154949,aafc52,ERU807,25L,2025-08-17 16:22:09+00:00,2025-08-17 16:22:48+00:00,go_around,False,False,91.0,2025-08-17 16:22:30+00:00,29.180013,-81.046789,8.0,2025-08-17 16:22:35+00:00,116.0,-0.036,1024.0,825.0,reapproach,216.0,2025-08-17 12:22:30-04:00
ab4f07_20250817_145641,ab4f07,ERU828,25L,2025-08-17 15:05:53+00:00,2025-08-17 15:07:06+00:00,go_around,False,False,91.0,2025-08-17 15:07:05+00:00,29.181084,-81.044042,18.0,2025-08-17 15:07:05+00:00,91.0,0.213,896.0,925.0,reapproach,315.0,2025-08-17 11:07:05-04:00
ab63f3_20250817_012223,ab63f3,ERU833,25L,2025-08-17 01:35:59+00:00,2025-08-17 01:37:24+00:00,go_around,False,False,41.0,2025-08-17 01:36:48+00:00,29.182434,-81.040966,15.0,2025-08-17 01:36:53+00:00,66.0,0.309,832.0,900.0,reapproach,204.0,2025-08-16 21:36:48-04:00
a61bb1_20250818_195136,a61bb1,ERU493,07L,2025-08-18 20:43:15+00:00,2025-08-18 20:47:30+00:00,go_around,False,False,116.0,2025-08-18 20:46:04+00:00,29.169571,-81.084859,12.0,2025-08-18 20:46:11+00:00,116.0,0.254,1280.0,1650.0,reapproach,735.0,2025-08-18 16:46:04-04:00
ab38bd_20250818_195836,ab38bd,ERU822,07L,2025-08-18 21:03:17+00:00,2025-08-18 21:06:52+00:00,go_around,False,False,216.0,2025-08-18 21:05:10+00:00,29.16568,-81.093732,12.0,2025-08-18 21:05:18+00:00,216.0,0.759,1152.0,1775.0,reapproach,1082.0,2025-08-18 17:05:10-04:00
ab5c85_20250818_012024,ab5c85,ERU831,07L,2025-08-18 02:05:05+00:00,2025-08-18 02:09:09+00:00,go_around,False,False,91.0,2025-08-18 02:07:54+00:00,29.170166,-81.08375,9.0,2025-08-18 02:07:59+00:00,116.0,0.26,1088.0,2025.0,reapproach,856.0,2025-08-17 22:07:54-04:00
abab83_20250818_202308,abab83,ERU851,16,2025-08-18 20:55:49+00:00,2025-08-18 20:57:53+00:00,go_around,False,False,541.0,2025-08-18 20:57:34+00:00,29.214706,-81.06764,16.0,2025-08-18 20:57:44+00:00,591.0,1.287,768.0,1875.0,reapproach,625.0,2025-08-18 16:57:34-04:00
abb6a8_20250818_180825,abb6a8,ERU854,07L,2025-08-18 18:26:22+00:00,2025-08-18 18:30:21+00:00,go_around,False,False,91.0,2025-08-18 18:29:00+00:00,29.169586,-81.084864,15.0,2025-08-18 18:29:09+00:00,166.0,0.208,1664.0,2675.0,reapproach,1058.0,2025-08-18 14:29:00-04:00
abd302_20250818_175444,abd302,ERU861,07L,2025-08-18 18:10:28+00:00,2025-08-18 18:14:33+00:00,go_around,False,False,116.0,2025-08-18 18:13:18+00:00,29.169708,-81.084489,9.0,2025-08-18 18:13:22+00:00,166.0,0.298,1600.0,1475.0,reapproach,1265.0,2025-08-18 14:13:18-04:00
abd302_20250818_211219,abd302,ERU861,07L,2025-08-18 21:25:28+00:00,2025-08-18 21:29:35+00:00,go_around,False,False,91.0,2025-08-18 21:28:12+00:00,29.169679,-81.085241,9.0,2025-08-18 21:28:16+00:00,141.0,0.326,1408.0,1775.0,reapproach,1277.0,2025-08-18 17:28:12-04:00
ac4d36_20250818_232005,ac4d36,ERU892,07L,2025-08-18 23:50:15+00:00,2025-08-18 23:54:20+00:00,go_around,False,False,116.0,2025-08-18 23:53:05+00:00,29.169772,-81.08481,16.0,2025-08-18 23:53:12+00:00,116.0,0.262,1088.0,1875.0,leg_end,,2025-08-18 19:53:05-04:00
ac8233_20250818_221043,ac8233,ERU905,07L,2025-08-18 22:22:48+00:00,2025-08-18 22:27:06+00:00,go_around,False,False,66.0,2025-08-18 22:25:47+00:00,29.170441,-81.082482,10.0,2025-08-18 22:25:53+00:00,116.0,0.126,1280.0,1925.0,reapproach,1237.0,2025-08-18 18:25:47-04:00
a35621_20250819_112627,a35621,ERU314,07L,2025-08-19 11:38:11+00:00,2025-08-19 11:41:57+00:00,go_around,False,False,241.0,2025-08-19 11:40:39+00:00,29.166733,-81.092148,13.0,2025-08-19 11:40:48+00:00,241.0,0.615,1472.0,1875.0,reapproach,712.0,2025-08-19 07:40:39-04:00
a57290_20250819_011504,a57290,ERU450,07L,2025-08-19 01:29:51+00:00,2025-08-19 01:33:42+00:00,go_around,False,False,116.0,2025-08-19 01:32:27+00:00,29.169891,-81.083908,13.0,2025-08-19 01:32:34+00:00,141.0,0.197,1216.0,2800.0,reapproach,1027.0,2025-08-18 21:32:27-04:00
a61bb1_20250819_121753,a61bb1,ERU493,07L,2025-08-19 14:00:45+00:00,2025-08-19 14:03:00+00:00,go_around,False,False,541.0,2025-08-19 14:02:39+00:00,29.160182,-81.108345,14.0,2025-08-19 14:02:48+00:00,541.0,1.502,832.0,350.0,reapproach,45.0,2025-08-19 10:02:39-04:00
aafc52_20250819_030218,aafc52,ERU807,07L,2025-08-19 04:15:46+00:00,2025-08-19 04:19:03+00:00,go_around,False,False,266.0,2025-08-19 04:18:03+00:00,29.166,-81.093996,11.0,2025-08-19 04:18:09+00:00,291.0,0.785,1216.0,1725.0,reapproach,1393.0,2025-08-19 00:18:03-04:00
ab6f18_20250819_193744,ab6f18,ERU836,07L,2025-08-19 19:57:30+00:00,2025-08-19 20:00:57+00:00,go_around,False,False,66.0,2025-08-19 20:00:18+00:00,29.170258,-81.082905,5.0,2025-08-19 20:00:23+00:00,116.0,0.184,960.0,1900.0,reapproach,1047.0,2025-08-19 16:00:18-04:00
ab9697_20250819_011952,ab9697,ERU846,07L,2025-08-19 01:35:08+00:00,2025-08-19 01:38:54+00:00,go_around,False,False,116.0,2025-08-19 01:37:42+00:00,29.169818,-81.084056,11.0,2025-08-19 01:37:49+00:00,116.0,0.174,1152.0,2625.0,reapproach,1360.0,2025-08-18 21:37:42-04:00
ac54a4_20250819_204210,ac54a4,ERU894,07L,2025-08-19 21:16:25+00:00,2025-08-19 21:20:37+00:00,go_around,False,False,91.0,2025-08-19 21:19:23+00:00,29.170843,-81.081633,14.0,2025-08-19 21:19:32+00:00,116.0,-0.041,1280.0,2400.0,reapproach,842.0,2025-08-19 17:19:23-04:00
ab6f18_20250820_002105,ab6f18,ERU836,07L,2025-08-20 02:09:48+00:00,2025-08-20 02:13:22+00:00,go_around,False,False,116.0,2025-08-20 02:12:31+00:00,29.169399,-81.08578,11.0,2025-08-20 02:12:39+00:00,166.0,0.252,1088.0,1875.0,reapproach,691.0,2025-08-19 22:12:31-04:00
ac54a4_20250820_230836,ac54a4,ERU894,07L,2025-08-20 23:26:14+00:00,2025-08-20 23:29:23+00:00,go_around,False,False,266.0,2025-08-20 23:28:31+00:00,29.166916,-81.093574,15.0,2025-08-20 23:28:39+00:00,291.0,0.706,1216.0,1700.0,reapproach,907.0,2025-08-20 19:28:31-04:00
ac910f_20250820_012720,ac910f,ERU909,07L,2025-08-20 02:02:12+00:00,2025-08-20 02:05:16+00:00,go_around,False,False,241.0,2025-08-20 02:04:43+00:00,29.168375,-81.087988,11.0,2025-08-20 02:04:47+00:00,266.0,0.495,1152.0,1725.0,reapproach,759.0,2025-08-19 22:04:43-04:00
a59a0f_20250821_140705,a59a0f,ERU460,25R,2025-08-21 14:21:25+00:00,2025-08-21 14:23:09+00:00,go_around,False,False,266.0,2025-08-21 14:22:20+00:00,29.18965,-81.03828,10.0,2025-08-21 14:22:24+00:00,341.0,0.448,832.0,1725.0,reapproach,1372.0,2025-08-21 10:22:20-04:00
a5b7c7_20250821_135032,a5b7c7,ERU468,25L,2025-08-21 14:30:44+00:00,2025-08-21 14:33:41+00:00,go_around,False,False,141.0,2025-08-21 14:33:09+00:00,29.181922,-81.042427,14.0,2025-08-21 14:33:19+00:00,141.0,0.183,1088.0,750.0,reapproach,145.0,2025-08-21 10:33:09-04:00
a606c5_20250821_140001,a606c5,ERU488,25L,2025-08-21 14:22:13+00:00,2025-08-21 14:23:10+00:00,go_around,False,False,266.0,2025-08-21 14:22:37+00:00,29.181793,-81.042498,14.0,2025-08-21 14:22:44+00:00,291.0,0.208,896.0,975.0,reapproach,386.0,2025-08-21 10:22:37-04:00
aafc52_20250821_032946,aafc52,ERU807,07L,2025-08-21 03:40:51+00:00,2025-08-21 03:43:45+00:00,go_around,False,False,191.0,2025-08-21 03:43:09+00:00,29.168143,-81.089334,9.0,2025-08-21 03:43:14+00:00,216.0,0.514,1280.0,2275.0,reapproach,3099.0,2025-08-20 23:43:09-04:00
ab2b3f_20250821_155312,ab2b3f,ERU819,25L,2025-08-21 15:56:58+00:00,2025-08-21 15:58:35+00:00,go_around,False,False,41.0,2025-08-21 15:58:34+00:00,29.181061,-81.044452,1.0,2025-08-21 15:58:34+00:00,41.0,0.193,896.0,900.0,reapproach,224.0,2025-08-21 11:58:34-04:00
abab83_20250821_001654,abab83,ERU851,07L,2025-08-21 00:52:30+00:00,2025-08-21 00:53:45+00:00,ga_ambiguous,False,False,66.0,2025-08-21 00:52:39+00:00,29.172821,-81.077411,21.0,2025-08-21 00:52:59+00:00,216.0,-0.375,896.0,2025.0,reapproach,779.0,2025-08-20 20:52:39-04:00
ac910f_20250821_013024,ac910f,ERU909,07L,2025-08-21 02:38:05+00:00,2025-08-21 02:41:52+00:00,go_around,False,False,141.0,2025-08-21 02:40:32+00:00,29.170029,-81.084278,19.0,2025-08-21 02:40:41+00:00,241.0,0.199,896.0,1875.0,reapproach,730.0,2025-08-20 22:40:32-04:00
ad03d5_20250821_025448,ad03d5,ERU938,07L,2025-08-21 03:07:51+00:00,2025-08-21 03:11:30+00:00,go_around,False,False,91.0,2025-08-21 03:10:23+00:00,29.170944,-81.082535,13.0,2025-08-21 03:10:29+00:00,141.0,0.078,1216.0,1900.0,reapproach,657.0,2025-08-20 23:10:23-04:00
ad6f2d_20250821_011235,ad6f2d,ERU965,07L,2025-08-21 01:28:37+00:00,2025-08-21 01:31:44+00:00,go_around,False,False,166.0,2025-08-21 01:31:08+00:00,29.168793,-81.087605,10.0,2025-08-21 01:31:15+00:00,191.0,0.372,1088.0,1850.0,reapproach,1200.0,2025-08-20 21:31:08-04:00
ada588_20250822_231105,ada588,ERU979,07L,2025-08-22 23:51:04+00:00,2025-08-22 23:54:27+00:00,go_around,False,False,116.0,2025-08-22 23:53:15+00:00,29.169446,-81.085026,13.0,2025-08-22 23:53:28+00:00,141.0,0.08,1216.0,1575.0,leg_end,,2025-08-22 19:53:15-04:00
ac3493_20250824_155905,ac3493,ERU886,25L,2025-08-24 16:41:26+00:00,2025-08-24 16:43:10+00:00,ga_ambiguous,False,False,41.0,2025-08-24 16:42:49+00:00,29.180008,-81.046988,25.0,2025-08-24 16:43:14+00:00,141.0,-0.358,960.0,975.0,reapproach,209.0,2025-08-24 12:42:49-04:00
ac384a_20250824_102008,ac384a,ERU887,25R,2025-08-24 10:52:27+00:00,2025-08-24 10:53:19+00:00,go_around,False,False,41.0,2025-08-24 10:52:49+00:00,29.185684,-81.045509,9.0,2025-08-24 10:52:57+00:00,91.0,-0.006,896.0,1950.0,reapproach,670.0,2025-08-24 06:52:49-04:00
ac54a4_20250825_230657,ac54a4,ERU894,25R,2025-08-25 23:39:34+00:00,2025-08-25 23:40:56+00:00,go_around,False,False,266.0,2025-08-25 23:39:59+00:00,29.189463,-81.036556,19.0,2025-08-25 23:40:11+00:00,291.0,0.465,1152.0,1675.0,leg_end,,2025-08-25 19:39:59-04:00
a6231f_20250826_221936,a6231f,ERU495,07L,2025-08-26 22:35:05+00:00,2025-08-26 22:38:45+00:00,go_around,False,False,91.0,2025-08-26 22:37:32+00:00,29.170441,-81.083116,10.0,2025-08-26 22:37:36+00:00,91.0,0.198,1280.0,2700.0,reapproach,783.0,2025-08-26 18:37:32-04:00
ad6f2d_20250826_201245,ad6f2d,ERU965,07L,2025-08-26 20:26:33+00:00,2025-08-26 20:30:11+00:00,go_around,False,False,66.0,2025-08-26 20:29:14+00:00,29.170853,-81.082007,9.0,2025-08-26 20:29:19+00:00,116.0,0.107,1408.0,1925.0,reapproach,933.0,2025-08-26 16:29:14-04:00
ada588_20250826_220417,ada588,ERU979,25L,2025-08-26 23:31:37+00:00,2025-08-26 23:32:10+00:00,go_around,False,False,116.0,2025-08-26 23:31:54+00:00,29.179688,-81.047727,12.0,2025-08-26 23:32:01+00:00,141.0,-0.127,832.0,825.0,reapproach,176.0,2025-08-26 19:31:54-04:00
a5f07b_20250827_224141,a5f07b,ERU482,07L,2025-08-27 23:30:16+00:00,2025-08-27 23:33:53+00:00,go_around,False,False,366.0,2025-08-27 23:33:15+00:00,29.169754,-81.085281,13.0,2025-08-27 23:33:21+00:00,391.0,0.283,1408.0,1750.0,reapproach,1099.0,2025-08-27 19:33:15-04:00
abb6a8_20250827_023616,abb6a8,ERU854,25R,2025-08-27 02:52:16+00:00,2025-08-27 02:53:26+00:00,go_around,False,False,166.0,2025-08-27 02:52:35+00:00,29.187973,-81.039487,12.0,2025-08-27 02:52:40+00:00,191.0,0.401,704.0,1800.0,reapproach,820.0,2025-08-26 22:52:35-04:00
ac384a_20250827_222945,ac384a,ERU887,07L,2025-08-27 22:45:21+00:00,2025-08-27 22:49:28+00:00,go_around,False,False,91.0,2025-08-27 22:48:08+00:00,29.170191,-81.084272,13.0,2025-08-27 22:48:14+00:00,91.0,0.227,960.0,1900.0,reapproach,2799.0,2025-08-27 18:48:08-04:00
ac8d58_20250827_221748,ac8d58,ERU908,07L,2025-08-27 22:35:35+00:00,2025-08-27 22:39:15+00:00,go_around,False,False,166.0,2025-08-27 22:38:37+00:00,29.169479,-81.085862,10.0,2025-08-27 22:38:42+00:00,216.0,0.334,1600.0,1825.0,reapproach,865.0,2025-08-27 18:38:37-04:00
ac8d58_20250827_221748,ac8d58,ERU908,07L,2025-08-27 22:53:40+00:00,2025-08-27 22:57:37+00:00,go_around,False,False,166.0,2025-08-27 22:56:07+00:00,29.168701,-81.087503,8.0,2025-08-27 22:56:13+00:00,166.0,0.421,1408.0,1800.0,reapproach,1273.0,2025-08-27 18:56:07-04:00
a57db5_20250828_110035,a57db5,ERU453,07L,2025-08-28 11:59:32+00:00,2025-08-28 12:02:35+00:00,go_around,False,False,141.0,2025-08-28 12:01:58+00:00,29.169754,-81.086602,11.0,2025-08-28 12:02:04+00:00,166.0,0.342,1216.0,1525.0,reapproach,1609.0,2025-08-28 08:01:58-04:00
ab402b_20250829_191027,ab402b,ERU824,07L,2025-08-29 20:16:56+00:00,2025-08-29 20:20:14+00:00,go_around,False,False,91.0,2025-08-29 20:19:35+00:00,29.170029,-81.084067,12.0,2025-08-29 20:19:43+00:00,141.0,0.158,1344.0,1875.0,reapproach,733.0,2025-08-29 16:19:35-04:00
ab9697_20250829_023045,ab9697,ERU846,07L,2025-08-29 02:50:31+00:00,2025-08-29 02:53:35+00:00,go_around,False,False,241.0,2025-08-29 02:52:56+00:00,29.169983,-81.084542,13.0,2025-08-29 02:53:03+00:00,241.0,0.203,1536.0,1325.0,reapproach,692.0,2025-08-28 22:52:56-04:00
abb6a8_20250829_000004,abb6a8,ERU854,07L,2025-08-29 00:21:46+00:00,2025-08-29 00:24:54+00:00,go_around,False,False,91.0,2025-08-29 00:24:25+00:00,29.169983,-81.083644,13.0,2025-08-29 00:24:32+00:00,141.0,0.168,1152.0,1875.0,reapproach,615.0,2025-08-28 20:24:25-04:00
abba5f_20250829_183509,abba5f,ERU855,07L,2025-08-29 18:55:13+00:00,2025-08-29 18:59:16+00:00,go_around,False,False,141.0,2025-08-29 18:57:50+00:00,29.16898,-81.086264,10.0,2025-08-29 18:57:58+00:00,141.0,0.297,1472.0,1825.0,reapproach,1168.0,2025-08-29 14:57:50-04:00
ac30dc_20250829_132431,ac30dc,ERU885,25R,2025-08-29 14:02:26+00:00,2025-08-29 14:04:12+00:00,go_around,False,False,366.0,2025-08-29 14:03:23+00:00,29.189163,-81.036635,10.0,2025-08-29 14:03:27+00:00,416.0,0.563,640.0,650.0,reapproach,197.0,2025-08-29 10:03:23-04:00
ad001e_20250829_004221,ad001e,ERU937,07L,2025-08-29 01:17:21+00:00,2025-08-29 01:21:19+00:00,go_around,False,False,91.0,2025-08-29 01:20:04+00:00,29.170098,-81.083679,11.0,2025-08-29 01:20:12+00:00,116.0,0.14,1024.0,2675.0,reapproach,909.0,2025-08-28 21:20:04-04:00
ad001e_20250829_004221,ad001e,ERU937,07L,2025-08-29 01:36:28+00:00,2025-08-29 01:40:21+00:00,go_around,False,False,116.0,2025-08-29 01:39:12+00:00,29.170703,-81.082387,14.0,2025-08-29 01:39:20+00:00,141.0,0.045,1472.0,1850.0,reapproach,680.0,2025-08-28 21:39:12-04:00
a03f3a_20250830_180058,a03f3a,ERU115,25L,2025-08-30 18:05:55+00:00,2025-08-30 18:07:02+00:00,go_around,False,False,166.0,2025-08-30 18:06:39+00:00,29.180619,-81.045442,9.0,2025-08-30 18:06:43+00:00,216.0,0.063,1024.0,850.0,reapproach,449.0,2025-08-30 14:06:39-04:00
ab9697_20250830_005752,ab9697,ERU846,07R,2025-08-30 01:33:54+00:00,2025-08-30 01:35:03+00:00,go_around,False,False,91.0,2025-08-30 01:34:23+00:00,29.172821,-81.064946,14.0,2025-08-30 01:34:30+00:00,116.0,0.349,704.0,875.0,reapproach,244.0,2025-08-29 21:34:23-04:00
ad6b76_20250830_152220,ad6b76,ERU964,25L,2025-08-30 16:02:09+00:00,2025-08-30 16:03:30+00:00,ga_ambiguous,False,False,141.0,2025-08-30 16:03:05+00:00,29.180712,-81.045496,29.0,2025-08-30 16:03:29+00:00,291.0,-0.265,896.0,775.0,reapproach,174.0,2025-08-30 12:03:05-04:00
a4dfb9_20250831_131628,a4dfb9,ERU413,25L,2025-08-31 13:26:05+00:00,2025-08-31 13:27:00+00:00,go_around,False,False,66.0,2025-08-31 13:26:29+00:00,29.181885,-81.04234,14.0,2025-08-31 13:26:36+00:00,66.0,0.175,1088.0,975.0,reapproach,253.0,2025-08-31 09:26:29-04:00
a4dfb9_20250831_131628,a4dfb9,ERU413,25L,2025-08-31 13:31:13+00:00,2025-08-31 13:31:53+00:00,go_around,False,False,66.0,2025-08-31 13:31:35+00:00,29.180008,-81.046882,11.0,2025-08-31 13:31:42+00:00,91.0,-0.07,1024.0,925.0,reapproach,321.0,2025-08-31 09:31:35-04:00
a606c5_20250831_132805,a606c5,ERU488,25L,2025-08-31 13:56:11+00:00,2025-08-31 13:56:59+00:00,go_around,False,False,66.0,2025-08-31 13:56:34+00:00,29.180695,-81.043185,10.0,2025-08-31 13:56:40+00:00,91.0,0.131,960.0,975.0,reapproach,376.0,2025-08-31 09:56:34-04:00
ab9e05_20250831_132737,ab9e05,ERU848,25L,2025-08-31 14:32:34+00:00,2025-08-31 14:33:50+00:00,go_around,False,False,191.0,2025-08-31 14:33:15+00:00,29.182343,-81.04123,7.0,2025-08-31 14:33:19+00:00,216.0,0.275,832.0,750.0,reapproach,122.0,2025-08-31 10:33:15-04:00
ab4f07_20250902_195230,ab4f07,ERU828,07L,2025-09-02 20:12:14+00:00,2025-09-02 20:16:01+00:00,go_around,False,False,116.0,2025-09-02 20:14:48+00:00,29.168329,-81.086695,10.0,2025-09-02 20:14:53+00:00,141.0,0.402,1216.0,1875.0,reapproach,791.0,2025-09-02 16:14:48-04:00
ab4f07_20250902_195230,ab4f07,ERU828,07L,2025-09-02 20:29:12+00:00,2025-09-02 20:33:37+00:00,go_around,False,False,116.0,2025-09-02 20:32:15+00:00,29.169353,-81.085672,12.0,2025-09-02 20:32:22+00:00,141.0,0.29,1088.0,1850.0,reapproach,739.0,2025-09-02 16:32:15-04:00
ab9a4e_20250902_225842,ab9a4e,ERU847,34,2025-09-02 23:13:59+00:00,2025-09-02 23:17:33+00:00,ga_ambiguous,False,False,291.0,2025-09-02 23:16:34+00:00,29.161377,-81.042076,22.0,2025-09-02 23:16:44+00:00,341.0,0.708,1216.0,2450.0,reapproach,913.0,2025-09-02 19:16:34-04:00
ac1482_20250902_202842,ac1482,ERU878,07L,2025-09-02 20:44:37+00:00,2025-09-02 20:48:53+00:00,go_around,False,False,91.0,2025-09-02 20:47:28+00:00,29.169617,-81.084014,9.0,2025-09-02 20:47:32+00:00,91.0,0.274,1216.0,2525.0,reapproach,3682.0,2025-09-02 16:47:28-04:00
ac4d36_20250902_145000,ac4d36,ERU892,07L,2025-09-02 15:24:48+00:00,2025-09-02 15:29:03+00:00,go_around,False,False,141.0,2025-09-02 15:27:39+00:00,29.16912,-81.085349,10.0,2025-09-02 15:27:45+00:00,166.0,0.279,1536.0,1850.0,reapproach,786.0,2025-09-02 11:27:39-04:00
ad4f1c_20250902_165157,ad4f1c,ERU957,07L,2025-09-02 17:07:32+00:00,2025-09-02 17:11:36+00:00,go_around,False,False,91.0,2025-09-02 17:10:16+00:00,29.169772,-81.084595,17.0,2025-09-02 17:10:28+00:00,91.0,0.094,960.0,1875.0,reapproach,1502.0,2025-09-02 13:10:16-04:00
a59a0f_20250903_221541,a59a0f,ERU460,07L,2025-09-03 22:55:54+00:00,2025-09-03 23:00:09+00:00,go_around,False,False,141.0,2025-09-03 22:58:42+00:00,29.168289,-81.087869,13.0,2025-09-03 22:58:51+00:00,216.0,0.363,1088.0,1825.0,reapproach,1003.0,2025-09-03 18:58:42-04:00
ab2b3f_20250903_222009,ab2b3f,ERU819,07L,2025-09-03 22:34:39+00:00,2025-09-03 22:37:56+00:00,go_around,False,False,91.0,2025-09-03 22:37:23+00:00,29.170395,-81.084859,8.0,2025-09-03 22:37:27+00:00,141.0,0.303,1344.0,2200.0,reapproach,1131.0,2025-09-03 18:37:23-04:00
ab402b_20250903_221228,ab402b,ERU824,07L,2025-09-03 22:25:42+00:00,2025-09-03 22:29:42+00:00,go_around,False,False,91.0,2025-09-03 22:28:19+00:00,29.170005,-81.083948,14.0,2025-09-03 22:28:26+00:00,141.0,0.183,1344.0,1900.0,reapproach,872.0,2025-09-03 18:28:19-04:00
ab9a4e_20250903_222814,ab9a4e,ERU847,07L,2025-09-03 22:40:46+00:00,2025-09-03 22:44:00+00:00,go_around,False,False,116.0,2025-09-03 22:43:27+00:00,29.169446,-81.084918,15.0,2025-09-03 22:43:35+00:00,141.0,0.21,1088.0,1925.0,reapproach,868.0,2025-09-03 18:43:27-04:00
a59a0f_20250904_225726,a59a0f,ERU460,07L,2025-09-04 23:12:30+00:00,2025-09-04 23:16:27+00:00,go_around,False,False,91.0,2025-09-04 23:15:12+00:00,29.170656,-81.08271,7.0,2025-09-04 23:15:16+00:00,116.0,0.197,1536.0,1900.0,reapproach,1216.0,2025-09-04 19:15:12-04:00
a5d7d8_20250904_224440,a5d7d8,ERU476,07L,2025-09-04 23:16:33+00:00,2025-09-04 23:20:36+00:00,go_around,False,False,91.0,2025-09-04 23:19:19+00:00,29.170424,-81.083195,12.0,2025-09-04 23:19:24+00:00,141.0,0.197,1344.0,1975.0,reapproach,760.0,2025-09-04 19:19:19-04:00
ab2b3f_20250904_212552,ab2b3f,ERU819,07L,2025-09-04 21:43:02+00:00,2025-09-04 21:44:57+00:00,go_around,False,False,166.0,2025-09-04 21:43:31+00:00,29.169353,-81.085618,13.0,2025-09-04 21:43:37+00:00,191.0,0.34,768.0,1850.0,reapproach,713.0,2025-09-04 17:43:31-04:00
ab6f18_20250904_003031,ab6f18,ERU836,07L,2025-09-04 01:14:41+00:00,2025-09-04 01:18:04+00:00,go_around,False,False,141.0,2025-09-04 01:17:28+00:00,29.169296,-81.086232,18.0,2025-09-04 01:17:37+00:00,166.0,0.279,960.0,1725.0,reapproach,702.0,2025-09-03 21:17:28-04:00
ac30dc_20250904_223937,ac30dc,ERU885,07L,2025-09-04 23:10:33+00:00,2025-09-04 23:11:38+00:00,ga_ambiguous,False,False,91.0,2025-09-04 23:10:50+00:00,29.170889,-81.081956,29.0,2025-09-04 23:11:15+00:00,216.0,-0.175,704.0,1875.0,reapproach,721.0,2025-09-04 19:10:50-04:00
ac384a_20250904_000008,ac384a,ERU887,07L,2025-09-04 00:10:00+00:00,2025-09-04 00:13:37+00:00,go_around,False,False,91.0,2025-09-04 00:12:46+00:00,29.170144,-81.083895,15.0,2025-09-04 00:12:54+00:00,91.0,0.149,1088.0,1975.0,reapproach,919.0,2025-09-03 20:12:46-04:00
ada588_20250904_005434,ada588,ERU979,07L,2025-09-04 01:12:10+00:00,2025-09-04 01:15:43+00:00,go_around,False,False,66.0,2025-09-04 01:15:06+00:00,29.17061,-81.08271,10.0,2025-09-04 01:15:12+00:00,91.0,0.175,1344.0,1525.0,reapproach,1123.0,2025-09-03 21:15:06-04:00
a59a0f_20250905_000001,a59a0f,ERU460,07R,2025-09-05 00:10:12+00:00,2025-09-05 00:11:40+00:00,ga_ambiguous,False,False,41.0,2025-09-05 00:10:41+00:00,29.174241,-81.073824,25.0,2025-09-05 00:11:02+00:00,141.0,0.487,768.0,1925.0,reapproach,699.0,2025-09-04 20:10:41-04:00
ab6b61_20250905_231326,ab6b61,ERU835,07L,2025-09-05 23:37:45+00:00,2025-09-05 23:41:57+00:00,go_around,False,False,91.0,2025-09-05 23:40:36+00:00,29.169388,-81.084859,10.0,2025-09-05 23:40:42+00:00,116.0,0.263,1216.0,1975.0,leg_end,,2025-09-05 19:40:36-04:00
ac2d25_20250905_172826,ac2d25,ERU884,07R,2025-09-05 17:52:53+00:00,2025-09-05 17:53:27+00:00,go_around,False,False,116.0,2025-09-05 17:53:05+00:00,29.17543,-81.058132,11.0,2025-09-05 17:53:14+00:00,141.0,-0.082,768.0,875.0,reapproach,216.0,2025-09-05 13:53:05-04:00
ac4d36_20250905_220226,ac4d36,ERU892,07L,2025-09-05 22:15:38+00:00,2025-09-05 22:19:53+00:00,go_around,False,False,66.0,2025-09-05 22:18:30+00:00,29.170578,-81.082693,14.0,2025-09-05 22:18:35+00:00,141.0,0.149,1472.0,1475.0,reapproach,724.0,2025-09-05 18:18:30-04:00
ac5fc9_20250905_011352,ac5fc9,ERU897,07L,2025-09-05 01:57:48+00:00,2025-09-05 02:01:55+00:00,go_around,False,False,91.0,2025-09-05 02:00:30+00:00,29.17061,-81.082494,15.0,2025-09-05 02:00:38+00:00,141.0,0.065,1408.0,1900.0,reapproach,1066.0,2025-09-04 22:00:30-04:00
ac770e_20250905_011505,ac770e,ERU902,07L,2025-09-05 02:16:59+00:00,2025-09-05 02:21:08+00:00,go_around,False,False,66.0,2025-09-05 02:19:53+00:00,29.170624,-81.08264,10.0,2025-09-05 02:19:59+00:00,141.0,0.12,1216.0,1975.0,reapproach,715.0,2025-09-04 22:19:53-04:00
ad001e_20250905_222842,ad001e,ERU937,07L,2025-09-05 23:47:54+00:00,2025-09-05 23:52:09+00:00,go_around,False,False,116.0,2025-09-05 23:50:41+00:00,29.169353,-81.085456,10.0,2025-09-05 23:50:47+00:00,141.0,0.295,1152.0,1875.0,leg_end,,2025-09-05 19:50:41-04:00
a626d6_20250906_012458,a626d6,ERU496,07L,2025-09-06 02:07:38+00:00,2025-09-06 02:10:48+00:00,go_around,False,False,91.0,2025-09-06 02:10:18+00:00,29.170703,-81.082979,13.0,2025-09-06 02:10:25+00:00,91.0,0.095,1216.0,1925.0,reapproach,618.0,2025-09-05 22:10:18-04:00
ab5c85_20250906_130539,ab5c85,ERU831,07L,2025-09-06 13:27:15+00:00,2025-09-06 13:30:58+00:00,go_around,False,False,91.0,2025-09-06 13:29:44+00:00,29.169937,-81.084225,11.0,2025-09-06 13:29:51+00:00,116.0,0.192,1216.0,1700.0,reapproach,2310.0,2025-09-06 09:29:44-04:00
ab63f3_20250906_154241,ab63f3,ERU833,07L,2025-09-06 16:09:25+00:00,2025-09-06 16:12:26+00:00,ga_ambiguous,False,False,141.0,2025-09-06 16:11:54+00:00,29.170349,-81.084067,27.0,2025-09-06 16:12:08+00:00,191.0,0.191,960.0,1850.0,reapproach,1224.0,2025-09-06 12:11:54-04:00
ad1153_20250906_200952,ad1153,ERU941,07L,2025-09-06 20:25:07+00:00,2025-09-06 20:29:07+00:00,go_around,False,False,91.0,2025-09-06 20:27:48+00:00,29.170074,-81.083855,9.0,2025-09-06 20:27:53+00:00,116.0,0.229,1216.0,2175.0,reapproach,852.0,2025-09-06 16:27:48-04:00
ad6f2d_20250906_121040,ad6f2d,ERU965,07L,2025-09-06 12:52:31+00:00,2025-09-06 12:55:34+00:00,go_around,False,False,141.0,2025-09-06 12:54:49+00:00,29.169399,-81.086318,12.0,2025-09-06 12:55:00+00:00,166.0,0.184,1216.0,1850.0,reapproach,1101.0,2025-09-06 08:54:49-04:00
a6231f_20250907_110150,a6231f,ERU495,07L,2025-09-07 12:17:19+00:00,2025-09-07 12:20:10+00:00,go_around,False,False,116.0,2025-09-07 12:19:40+00:00,29.171168,-81.082602,12.0,2025-09-07 12:19:48+00:00,141.0,0.077,1024.0,2275.0,reapproach,2960.0,2025-09-07 08:19:40-04:00
ab0d87_20250907_155253,ab0d87,ERU811,25L,2025-09-07 16:04:18+00:00,2025-09-07 16:05:29+00:00,go_around,False,False,91.0,2025-09-07 16:05:17+00:00,29.179367,-81.048678,3.0,2025-09-07 16:05:17+00:00,91.0,-0.05,768.0,875.0,reapproach,244.0,2025-09-07 12:05:17-04:00
ab6f18_20250907_103327,ab6f18,ERU836,16,2025-09-07 11:38:02+00:00,2025-09-07 11:41:24+00:00,go_around,False,False,441.0,2025-09-07 11:39:47+00:00,29.213104,-81.066425,15.0,2025-09-07 11:39:53+00:00,466.0,1.266,832.0,1550.0,reapproach,780.0,2025-09-07 07:39:47-04:00
ab6f18_20250907_103327,ab6f18,ERU836,07L,2025-09-07 11:54:24+00:00,2025-09-07 11:56:59+00:00,go_around,False,False,141.0,2025-09-07 11:56:26+00:00,29.169296,-81.087288,9.0,2025-09-07 11:56:32+00:00,191.0,0.369,960.0,1850.0,reapproach,1072.0,2025-09-07 07:56:26-04:00
abf0ba_20250907_173245,abf0ba,ERU869,07R,2025-09-07 18:28:17+00:00,2025-09-07 18:30:16+00:00,go_around,False,False,216.0,2025-09-07 18:29:52+00:00,29.174567,-81.06036,6.0,2025-09-07 18:29:56+00:00,216.0,0.104,832.0,775.0,reapproach,265.0,2025-09-07 14:29:52-04:00
ac4d36_20250907_113134,ac4d36,ERU892,16,2025-09-07 11:45:40+00:00,2025-09-07 11:48:33+00:00,go_around,False,False,441.0,2025-09-07 11:47:32+00:00,29.214249,-81.06801,14.0,2025-09-07 11:47:40+00:00,466.0,1.315,1280.0,2450.0,reapproach,1440.0,2025-09-07 07:47:32-04:00
a57290_20250908_202946,a57290,ERU450,07L,2025-09-08 20:46:33+00:00,2025-09-08 20:51:01+00:00,go_around,False,False,91.0,2025-09-08 20:49:43+00:00,29.169846,-81.083538,14.0,2025-09-08 20:49:49+00:00,141.0,0.219,960.0,1875.0,reapproach,939.0,2025-09-08 16:49:43-04:00
ab402b_20250908_173811,ab402b,ERU824,07L,2025-09-08 17:57:06+00:00,2025-09-08 18:00:34+00:00,ga_ambiguous,False,False,91.0,2025-09-08 17:59:50+00:00,29.169725,-81.085403,29.0,2025-09-08 18:00:15+00:00,416.0,-0.064,1344.0,2150.0,reapproach,915.0,2025-09-08 13:59:50-04:00
ac30dc_20250908_174653,ac30dc,ERU885,07L,2025-09-08 18:48:08+00:00,2025-09-08 18:51:29+00:00,go_around,False,False,91.0,2025-09-08 18:50:51+00:00,29.169399,-81.084864,14.0,2025-09-08 18:51:01+00:00,91.0,0.181,1024.0,1475.0,reapproach,888.0,2025-09-08 14:50:51-04:00
a36ec4_20250909_170017,a36ec4,ERU320,07L,2025-09-09 17:13:52+00:00,2025-09-09 17:17:35+00:00,go_around,False,False,116.0,2025-09-09 17:16:29+00:00,29.169891,-81.084383,20.0,2025-09-09 17:16:49+00:00,316.0,-0.075,1344.0,3000.0,reapproach,808.0,2025-09-09 13:16:29-04:00
ac1482_20250909_024443,ac1482,ERU878,07L,2025-09-09 03:21:08+00:00,2025-09-09 03:24:50+00:00,go_around,False,False,91.0,2025-09-09 03:24:20+00:00,29.17012,-81.08375,13.0,2025-09-09 03:24:28+00:00,141.0,0.146,1024.0,1875.0,reapproach,688.0,2025-09-08 23:24:20-04:00
ab402b_20250910_174700,ab402b,ERU824,07L,2025-09-10 18:01:58+00:00,2025-09-10 18:05:55+00:00,go_around,False,False,91.0,2025-09-10 18:04:56+00:00,29.170395,-81.082535,16.0,2025-09-10 18:05:02+00:00,91.0,0.135,896.0,2025.0,reapproach,1961.0,2025-09-10 14:04:56-04:00
ab4f07_20250910_162509,ab4f07,ERU828,16,2025-09-10 16:37:54+00:00,2025-09-10 16:40:05+00:00,go_around,False,False,541.0,2025-09-10 16:39:29+00:00,29.21814,-81.069436,14.0,2025-09-10 16:39:35+00:00,566.0,1.603,576.0,250.0,reapproach,117.0,2025-09-10 12:39:29-04:00
ac8d58_20250910_202410,ac8d58,ERU908,07L,2025-09-10 20:36:48+00:00,2025-09-10 20:40:36+00:00,ga_ambiguous,False,False,91.0,2025-09-10 20:39:28+00:00,29.169525,-81.085017,27.0,2025-09-10 20:39:50+00:00,441.0,-0.043,1216.0,2925.0,reapproach,696.0,2025-09-10 16:39:28-04:00
ac910f_20250910_202829,ac910f,ERU909,07L,2025-09-10 20:46:39+00:00,2025-09-10 20:50:27+00:00,go_around,False,False,116.0,2025-09-10 20:49:22+00:00,29.168655,-81.08648,11.0,2025-09-10 20:49:28+00:00,116.0,0.364,1088.0,1850.0,reapproach,670.0,2025-09-10 16:49:22-04:00
ad1c78_20250910_222119,ad1c78,ERU944,34,2025-09-10 22:36:16+00:00,2025-09-10 22:40:10+00:00,go_around,False,False,266.0,2025-09-10 22:39:21+00:00,29.158227,-81.040596,17.0,2025-09-10 22:39:29+00:00,316.0,0.969,1088.0,1750.0,reapproach,705.0,2025-09-10 18:39:21-04:00
ad1c78_20250910_222119,ad1c78,ERU944,34,2025-09-10 22:51:55+00:00,2025-09-10 22:55:38+00:00,go_around,False,False,266.0,2025-09-10 22:54:56+00:00,29.160927,-81.042157,16.0,2025-09-10 22:55:06+00:00,266.0,0.743,1344.0,1700.0,reapproach,608.0,2025-09-10 18:54:56-04:00
ada588_20250910_171001,ada588,ERU979,07R,2025-09-10 17:53:19+00:00,2025-09-10 17:54:39+00:00,go_around,False,False,41.0,2025-09-10 17:54:05+00:00,29.174101,-81.061599,13.0,2025-09-10 17:54:11+00:00,66.0,0.187,768.0,900.0,reapproach,177.0,2025-09-10 13:54:05-04:00
ab6f18_20250911_223956,ab6f18,ERU836,07L,2025-09-11 22:59:23+00:00,2025-09-11 23:02:42+00:00,go_around,False,False,166.0,2025-09-11 23:02:05+00:00,29.168794,-81.085726,12.0,2025-09-11 23:02:10+00:00,191.0,0.344,1024.0,1800.0,leg_end,,2025-09-11 19:02:05-04:00
ac05a6_20250911_210208,ac05a6,ERU874,07L,2025-09-11 21:40:58+00:00,2025-09-11 21:45:08+00:00,go_around,False,False,91.0,2025-09-11 21:43:51+00:00,29.170486,-81.082324,13.0,2025-09-11 21:43:56+00:00,141.0,0.143,1152.0,1650.0,reapproach,814.0,2025-09-11 17:43:51-04:00
ac3493_20250911_205507,ac3493,ERU886,07L,2025-09-11 21:12:37+00:00,2025-09-11 21:16:15+00:00,go_around,False,False,116.0,2025-09-11 21:15:22+00:00,29.169159,-81.085915,12.0,2025-09-11 21:15:32+00:00,141.0,0.252,896.0,1850.0,reapproach,753.0,2025-09-11 17:15:22-04:00
ac54a4_20250911_135209,ac54a4,ERU894,07R,2025-09-11 14:10:17+00:00,2025-09-11 14:12:38+00:00,go_around,False,False,266.0,2025-09-11 14:11:49+00:00,29.171448,-81.067469,19.0,2025-09-11 14:11:58+00:00,291.0,0.468,896.0,825.0,reapproach,343.0,2025-09-11 10:11:49-04:00
ab9a4e_20250912_022348,ab9a4e,ERU847,34,2025-09-12 03:12:53+00:00,2025-09-12 03:13:43+00:00,go_around,False,False,216.0,2025-09-12 03:13:06+00:00,29.169846,-81.046143,11.0,2025-09-12 03:13:13+00:00,266.0,0.232,1216.0,1325.0,reapproach,679.0,2025-09-11 23:13:06-04:00
ac30dc_20250912_151809,ac30dc,ERU885,07R,2025-09-12 15:41:24+00:00,2025-09-12 15:42:37+00:00,ga_ambiguous,False,False,41.0,2025-09-12 15:42:08+00:00,29.174381,-81.060683,21.0,2025-09-12 15:42:25+00:00,116.0,-0.055,1024.0,950.0,reapproach,285.0,2025-09-12 11:42:08-04:00
ad001e_20250912_024631,ad001e,ERU937,07L,2025-09-12 03:18:58+00:00,2025-09-12 03:22:59+00:00,go_around,False,False,91.0,2025-09-12 03:21:46+00:00,29.170624,-81.082482,12.0,2025-09-12 03:21:53+00:00,116.0,0.086,1280.0,1825.0,reapproach,777.0,2025-09-11 23:21:46-04:00
a57db5_20250913_103750,a57db5,ERU453,07L,2025-09-13 12:00:38+00:00,2025-09-13 12:04:35+00:00,ga_ambiguous,False,False,141.0,2025-09-13 12:03:42+00:00,29.169353,-81.085887,21.0,2025-09-13 12:03:55+00:00,166.0,0.144,1088.0,825.0,reapproach,116.0,2025-09-13 08:03:42-04:00
ac910f_20250913_123252,ac910f,ERU909,07L,2025-09-13 13:43:30+00:00,2025-09-13 13:48:05+00:00,go_around,False,False,91.0,2025-09-13 13:46:38+00:00,29.170749,-81.081471,15.0,2025-09-13 13:46:44+00:00,141.0,0.079,1216.0,1850.0,reapproach,1616.0,2025-09-13 09:46:38-04:00
a388c5_20250914_110958,a388c5,ERU327,07L,2025-09-14 11:25:26+00:00,2025-09-14 11:27:13+00:00,go_around,False,False,241.0,2025-09-14 11:25:50+00:00,29.16861,-81.087447,12.0,2025-09-14 11:25:57+00:00,266.0,0.413,960.0,800.0,reapproach,195.0,2025-09-14 07:25:50-04:00
ab1c63_20250914_183328,ab1c63,ERU815,34,2025-09-14 19:33:08+00:00,2025-09-14 19:36:12+00:00,go_around,False,False,241.0,2025-09-14 19:35:44+00:00,29.171075,-81.046897,13.0,2025-09-14 19:35:52+00:00,266.0,0.126,1088.0,2325.0,reapproach,981.0,2025-09-14 15:35:44-04:00
ab201a_20250914_025321,ab201a,ERU816,34,2025-09-14 03:45:45+00:00,2025-09-14 03:49:34+00:00,ga_ambiguous,False,False,166.0,2025-09-14 03:48:33+00:00,29.162247,-81.042604,29.0,2025-09-14 03:48:56+00:00,241.0,0.421,1088.0,1375.0,reapproach,741.0,2025-09-13 23:48:33-04:00
ab4799_20250914_220830,ab4799,ERU826,34,2025-09-14 23:09:01+00:00,2025-09-14 23:12:42+00:00,go_around,False,False,216.0,2025-09-14 23:11:56+00:00,29.166687,-81.044558,10.0,2025-09-14 23:12:01+00:00,241.0,0.49,896.0,1775.0,reapproach,1093.0,2025-09-14 19:11:56-04:00
ab87bb_20250914_222207,ab87bb,ERU842,07L,2025-09-14 23:18:25+00:00,2025-09-14 23:21:34+00:00,go_around,False,False,141.0,2025-09-14 23:21:09+00:00,29.169525,-81.084912,19.0,2025-09-14 23:21:17+00:00,191.0,0.22,1152.0,2350.0,reapproach,726.0,2025-09-14 19:21:09-04:00
a6231f_20250915_222550,a6231f,ERU495,07L,2025-09-15 22:54:47+00:00,2025-09-15 22:57:55+00:00,go_around,False,False,541.0,2025-09-15 22:56:42+00:00,29.159912,-81.108786,11.0,2025-09-15 22:56:47+00:00,566.0,1.661,960.0,1425.0,reapproach,1871.0,2025-09-15 18:56:42-04:00
ac4d36_20250915_010422,ac4d36,ERU892,34,2025-09-15 01:17:38+00:00,2025-09-15 01:21:13+00:00,go_around,False,False,216.0,2025-09-15 01:20:17+00:00,29.163348,-81.043342,14.0,2025-09-15 01:20:26+00:00,241.0,0.571,1280.0,1775.0,reapproach,1082.0,2025-09-14 21:20:17-04:00
ad1153_20250915_004746,ad1153,ERU941,07L,2025-09-15 01:41:54+00:00,2025-09-15 01:43:34+00:00,go_around,False,False,791.0,2025-09-15 01:43:20+00:00,29.15427,-81.122724,15.0,2025-09-15 01:43:30+00:00,816.0,2.374,1152.0,1175.0,reapproach,646.0,2025-09-14 21:43:20-04:00
a57db5_20250916_173323,a57db5,ERU453,07R,2025-09-16 18:22:58+00:00,2025-09-16 18:25:11+00:00,ga_ambiguous,False,False,116.0,2025-09-16 18:24:45+00:00,29.174286,-81.060985,25.0,2025-09-16 18:25:08+00:00,241.0,-0.262,1536.0,900.0,reapproach,181.0,2025-09-16 14:24:45-04:00
ac30dc_20250916_032904,ac30dc,ERU885,07L,2025-09-16 04:18:44+00:00,2025-09-16 04:22:25+00:00,go_around,False,False,166.0,2025-09-16 04:21:40+00:00,29.167877,-81.08919,11.0,2025-09-16 04:21:47+00:00,191.0,0.478,960.0,1850.0,reapproach,512.0,2025-09-16 00:21:40-04:00
ac910f_20250916_002758,ac910f,ERU909,07L,2025-09-16 00:42:04+00:00,2025-09-16 00:46:21+00:00,go_around,False,False,291.0,2025-09-16 00:44:33+00:00,29.166141,-81.092834,12.0,2025-09-16 00:44:39+00:00,291.0,0.732,1216.0,1675.0,reapproach,1026.0,2025-09-15 20:44:33-04:00
ac1e49_20250917_111657,ac1e49,ERU880,07R,2025-09-17 11:54:50+00:00,2025-09-17 11:56:51+00:00,ga_ambiguous,False,False,91.0,2025-09-17 11:56:21+00:00,29.17424,-81.061302,27.0,2025-09-17 11:56:43+00:00,266.0,-0.111,768.0,925.0,reapproach,334.0,2025-09-17 07:56:21-04:00
ac2d25_20250917_155831,ac2d25,ERU884,07R,2025-09-17 16:21:10+00:00,2025-09-17 16:22:12+00:00,go_around,False,False,41.0,2025-09-17 16:21:47+00:00,29.175265,-81.058852,12.0,2025-09-17 16:21:54+00:00,41.0,0.007,832.0,875.0,reapproach,200.0,2025-09-17 12:21:47-04:00
ad1c78_20250917_150848,ad1c78,ERU944,16,2025-09-17 16:12:46+00:00,2025-09-17 16:15:10+00:00,go_around,False,False,541.0,2025-09-17 16:14:35+00:00,29.216675,-81.068802,15.0,2025-09-17 16:14:39+00:00,566.0,1.578,1024.0,425.0,reapproach,18.0,2025-09-17 12:14:35-04:00
a5b7c7_20250918_222750,a5b7c7,ERU468,07L,2025-09-18 22:42:01+00:00,2025-09-18 22:45:26+00:00,go_around,False,False,91.0,2025-09-18 22:44:33+00:00,29.171082,-81.08132,12.0,2025-09-18 22:44:40+00:00,116.0,0.011,832.0,2325.0,reapproach,1732.0,2025-09-18 18:44:33-04:00
ad1c78_20250918_213405,ad1c78,ERU944,07L,2025-09-18 21:49:28+00:00,2025-09-18 21:52:37+00:00,go_around,False,False,291.0,2025-09-18 21:51:46+00:00,29.167025,-81.091704,13.0,2025-09-18 21:51:54+00:00,316.0,0.59,1152.0,2200.0,reapproach,1641.0,2025-09-18 17:51:46-04:00
a35621_20250919_133403,a35621,ERU314,07L,2025-09-19 13:58:33+00:00,2025-09-19 14:02:11+00:00,go_around,False,False,91.0,2025-09-19 14:01:30+00:00,29.170889,-81.082064,3.0,2025-09-19 14:01:33+00:00,91.0,-0.308,1216.0,900.0,reapproach,48.0,2025-09-19 10:01:30-04:00
a5d7d8_20250919_002534,a5d7d8,ERU476,34,2025-09-19 01:48:34+00:00,2025-09-19 01:49:36+00:00,go_around,False,False,591.0,2025-09-19 01:49:33+00:00,29.163437,-81.041706,20.0,2025-09-19 01:49:48+00:00,641.0,0.498,576.0,250.0,reapproach,94.0,2025-09-18 21:49:33-04:00
abba5f_20250919_221014,abba5f,ERU855,07L,2025-09-19 22:27:15+00:00,2025-09-19 22:31:20+00:00,go_around,False,False,91.0,2025-09-19 22:29:59+00:00,29.169708,-81.084436,11.0,2025-09-19 22:30:04+00:00,116.0,0.27,1216.0,1875.0,reapproach,876.0,2025-09-19 18:29:59-04:00
abba5f_20250919_221014,abba5f,ERU855,07L,2025-09-19 22:45:56+00:00,2025-09-19 22:49:41+00:00,go_around,False,False,91.0,2025-09-19 22:48:46+00:00,29.169725,-81.084379,11.0,2025-09-19 22:48:52+00:00,116.0,0.243,1024.0,1875.0,reapproach,1126.0,2025-09-19 18:48:46-04:00
ac05a6_20250919_030134,ac05a6,ERU874,16,2025-09-19 03:51:33+00:00,2025-09-19 03:53:12+00:00,go_around,False,False,766.0,2025-09-19 03:52:51+00:00,29.229266,-81.075332,11.0,2025-09-19 03:52:57+00:00,816.0,2.349,1344.0,1250.0,reapproach,709.0,2025-09-18 23:52:51-04:00
ac1482_20250919_153356,ac1482,ERU878,07R,2025-09-19 16:55:28+00:00,2025-09-19 16:56:09+00:00,ga_ambiguous,False,False,41.0,2025-09-19 16:55:40+00:00,29.173874,-81.061249,27.0,2025-09-19 16:56:05+00:00,191.0,-0.2,1024.0,975.0,reapproach,253.0,2025-09-19 12:55:40-04:00
ac1482_20250919_153356,ac1482,ERU878,07R,2025-09-19 17:00:22+00:00,2025-09-19 17:00:47+00:00,go_around,False,False,66.0,2025-09-19 17:00:29+00:00,29.175659,-81.057393,8.0,2025-09-19 17:00:35+00:00,91.0,-0.086,960.0,875.0,reapproach,83.0,2025-09-19 13:00:29-04:00
a35d8f_20250920_193036,a35d8f,ERU316,07L,2025-09-20 19:43:57+00:00,2025-09-20 19:47:23+00:00,go_around,False,False,391.0,2025-09-20 19:46:15+00:00,29.163757,-81.09949,11.0,2025-09-20 19:46:23+00:00,391.0,1.047,1280.0,1675.0,reapproach,453.0,2025-09-20 15:46:15-04:00
a4e370_20250920_000003,a4e370,ERU414,07L,2025-09-20 00:00:03+00:00,2025-09-20 00:01:31+00:00,go_around,False,False,41.0,2025-09-20 00:01:02+00:00,29.170144,-81.083733,13.0,2025-09-20 00:01:11+00:00,66.0,0.142,1024.0,1900.0,reapproach,737.0,2025-09-19 20:01:02-04:00
a5d421_20250920_153924,a5d421,ERU475,07R,2025-09-20 16:35:23+00:00,2025-09-20 16:37:00+00:00,go_around,False,False,66.0,2025-09-20 16:36:21+00:00,29.17337,-81.063256,15.0,2025-09-20 16:36:32+00:00,66.0,0.192,896.0,800.0,reapproach,178.0,2025-09-20 12:36:21-04:00
ab4b50_20250920_012248,ab4b50,ERU827,07L,2025-09-20 01:38:16+00:00,2025-09-20 01:41:38+00:00,go_around,False,False,116.0,2025-09-20 01:40:56+00:00,29.169586,-81.085026,13.0,2025-09-20 01:41:05+00:00,141.0,0.179,1216.0,1500.0,reapproach,1022.0,2025-09-19 21:40:56-04:00
ac05a6_20250920_195741,ac05a6,ERU874,07L,2025-09-20 20:12:46+00:00,2025-09-20 20:17:01+00:00,go_around,False,False,116.0,2025-09-20 20:15:59+00:00,29.170074,-81.083855,12.0,2025-09-20 20:16:03+00:00,141.0,0.241,896.0,2075.0,reapproach,1259.0,2025-09-20 16:15:59-04:00
ac30dc_20250920_020753,ac30dc,ERU885,07L,2025-09-20 02:35:44+00:00,2025-09-20 02:39:51+00:00,go_around,False,False,91.0,2025-09-20 02:38:36+00:00,29.170284,-81.082925,17.0,2025-09-20 02:38:45+00:00,166.0,0.078,1152.0,1875.0,reapproach,1168.0,2025-09-19 22:38:36-04:00
ab402b_20250921_225023,ab402b,ERU824,07L,2025-09-21 23:16:10+00:00,2025-09-21 23:20:28+00:00,go_around,False,False,91.0,2025-09-21 23:19:05+00:00,29.170517,-81.082656,12.0,2025-09-21 23:19:11+00:00,166.0,0.134,1472.0,1875.0,reapproach,961.0,2025-09-21 19:19:05-04:00
ab4b50_20250921_184755,ab4b50,ERU827,07L,2025-09-21 19:01:55+00:00,2025-09-21 19:06:03+00:00,go_around,False,False,91.0,2025-09-21 19:04:43+00:00,29.170303,-81.082905,13.0,2025-09-21 19:04:48+00:00,141.0,0.171,1152.0,1875.0,reapproach,801.0,2025-09-21 15:04:43-04:00
ab4b50_20250921_184755,ab4b50,ERU827,07L,2025-09-21 19:19:24+00:00,2025-09-21 19:23:01+00:00,go_around,False,False,316.0,2025-09-21 19:21:49+00:00,29.166187,-81.093265,13.0,2025-09-21 19:21:55+00:00,341.0,0.756,1152.0,1675.0,reapproach,1029.0,2025-09-21 15:21:49-04:00
ab603c_20250921_223920,ab603c,ERU832,07L,2025-09-21 22:52:25+00:00,2025-09-21 22:56:23+00:00,go_around,False,False,116.0,2025-09-21 22:55:02+00:00,29.165817,-81.094261,8.0,2025-09-21 22:55:08+00:00,141.0,0.795,896.0,1475.0,reapproach,1322.0,2025-09-21 18:55:02-04:00
aafc52_20250922_132921,aafc52,ERU807,07R,2025-09-22 14:18:30+00:00,2025-09-22 14:19:34+00:00,ga_ambiguous,False,False,116.0,2025-09-22 14:19:01+00:00,29.173416,-81.063362,28.0,2025-09-22 14:19:26+00:00,216.0,-0.087,896.0,850.0,reapproach,166.0,2025-09-22 10:19:01-04:00
ab38bd_20250922_205433,ab38bd,ERU822,07L,2025-09-22 21:07:23+00:00,2025-09-22 21:11:03+00:00,go_around,False,False,116.0,2025-09-22 21:10:07+00:00,29.16926,-81.085295,15.0,2025-09-22 21:10:14+00:00,166.0,0.262,1088.0,2275.0,reapproach,1562.0,2025-09-22 17:10:07-04:00
ac30dc_20250922_205941,ac30dc,ERU885,07R,2025-09-22 21:28:24+00:00,2025-09-22 21:29:29+00:00,go_around,False,False,266.0,2025-09-22 21:28:36+00:00,29.171036,-81.068749,14.0,2025-09-22 21:28:45+00:00,291.0,0.542,832.0,700.0,reapproach,284.0,2025-09-22 17:28:36-04:00
ad6f2d_20250922_181156,ad6f2d,ERU965,07R,2025-09-22 18:28:14+00:00,2025-09-22 18:28:56+00:00,go_around,False,False,66.0,2025-09-22 18:28:32+00:00,29.175201,-81.058819,8.0,2025-09-22 18:28:37+00:00,66.0,0.031,1216.0,850.0,reapproach,195.0,2025-09-22 14:28:32-04:00
ad6f2d_20250922_181156,ad6f2d,ERU965,07R,2025-09-22 18:36:17+00:00,2025-09-22 18:37:36+00:00,go_around,False,False,91.0,2025-09-22 18:37:13+00:00,29.174973,-81.059506,11.0,2025-09-22 18:37:22+00:00,116.0,-0.016,576.0,875.0,reapproach,312.0,2025-09-22 14:37:13-04:00
a4b83a_20250923_195925,a4b83a,ERU403,07R,2025-09-23 20:03:50+00:00,2025-09-23 20:06:41+00:00,go_around,False,False,116.0,2025-09-23 20:06:02+00:00,29.173508,-81.06315,13.0,2025-09-23 20:06:13+00:00,141.0,0.24,1216.0,900.0,reapproach,219.0,2025-09-23 16:06:02-04:00
a5c8fc_20250923_015948,a5c8fc,ERU472,16,2025-09-23 02:21:09+00:00,2025-09-23 02:21:50+00:00,go_around,False,False,466.0,2025-09-23 02:21:22+00:00,29.194445,-81.058421,11.0,2025-09-23 02:21:30+00:00,491.0,0.074,1216.0,1600.0,reapproach,1138.0,2025-09-22 22:21:22-04:00
a5f432_20250923_200935,a5f432,ERU483,07R,2025-09-23 21:09:44+00:00,2025-09-23 21:10:44+00:00,go_around,False,False,316.0,2025-09-23 21:10:05+00:00,29.17331,-81.063538,5.0,2025-09-23 21:10:08+00:00,316.0,0.342,896.0,650.0,reapproach,148.0,2025-09-23 17:10:05-04:00
ad8f3e_20250923_184841,ad8f3e,ERU973,07R,2025-09-23 18:57:38+00:00,2025-09-23 18:58:42+00:00,go_around,False,False,91.0,2025-09-23 18:57:57+00:00,29.173356,-81.063591,12.0,2025-09-23 18:58:05+00:00,91.0,0.268,832.0,2075.0,reapproach,1727.0,2025-09-23 14:57:57-04:00
a55636_20250924_224427,a55636,ERU443,07L,2025-09-24 23:42:01+00:00,2025-09-24 23:44:00+00:00,go_around,False,False,591.0,2025-09-24 23:43:45+00:00,29.159546,-81.110053,14.0,2025-09-24 23:43:50+00:00,616.0,1.742,832.0,1425.0,leg_end,,2025-09-24 19:43:45-04:00
ab2788_20250924_125045,ab2788,ERU818,07R,2025-09-24 13:35:45+00:00,2025-09-24 13:36:20+00:00,ga_ambiguous,False,False,41.0,2025-09-24 13:36:03+00:00,29.175731,-81.057506,26.0,2025-09-24 13:36:25+00:00,141.0,-0.404,832.0,950.0,reapproach,341.0,2025-09-24 09:36:03-04:00
abaf3a_20250924_223236,abaf3a,ERU852,07L,2025-09-24 23:30:21+00:00,2025-09-24 23:33:40+00:00,go_around,False,False,91.0,2025-09-24 23:33:08+00:00,29.170331,-81.082979,12.0,2025-09-24 23:33:14+00:00,91.0,0.14,1280.0,1875.0,leg_end,,2025-09-24 19:33:08-04:00
abe94c_20250924_000002,abe94c,ERU867,16,2025-09-24 00:22:24+00:00,2025-09-24 00:25:44+00:00,go_around,False,False,216.0,2025-09-24 00:24:55+00:00,29.203903,-81.062516,10.0,2025-09-24 00:25:01+00:00,266.0,0.683,1216.0,2025.0,reapproach,769.0,2025-09-23 20:24:55-04:00
ac1e49_20250924_204106,ac1e49,ERU880,07L,2025-09-24 21:01:01+00:00,2025-09-24 21:04:17+00:00,go_around,False,False,91.0,2025-09-24 21:03:42+00:00,29.169725,-81.086049,6.0,2025-09-24 21:03:46+00:00,166.0,0.368,1408.0,1900.0,reapproach,1490.0,2025-09-24 17:03:42-04:00
ac2d25_20250924_025601,ac2d25,ERU884,16,2025-09-24 03:31:29+00:00,2025-09-24 03:34:44+00:00,go_around,False,False,241.0,2025-09-24 03:33:48+00:00,29.206734,-81.063861,16.0,2025-09-24 03:33:59+00:00,266.0,0.748,768.0,1750.0,reapproach,761.0,2025-09-23 23:33:48-04:00
ac4d36_20250924_202612,ac4d36,ERU892,07L,2025-09-24 20:41:28+00:00,2025-09-24 20:44:07+00:00,ga_ambiguous,False,False,266.0,2025-09-24 20:43:15+00:00,29.169205,-81.086496,21.0,2025-09-24 20:43:33+00:00,316.0,0.075,1024.0,1700.0,reapproach,1309.0,2025-09-24 16:43:15-04:00
ac4d36_20250924_223751,ac4d36,ERU892,07L,2025-09-24 22:52:14+00:00,2025-09-24 22:55:18+00:00,go_around,False,False,341.0,2025-09-24 22:54:23+00:00,29.164078,-81.098169,13.0,2025-09-24 22:54:33+00:00,341.0,0.899,1344.0,1650.0,reapproach,2813.0,2025-09-24 18:54:23-04:00
ac4d36_20250924_223751,ac4d36,ERU892,16,2025-09-24 23:42:11+00:00,2025-09-24 23:44:05+00:00,ga_ambiguous,False,False,291.0,2025-09-24 23:43:15+00:00,29.211203,-81.065746,26.0,2025-09-24 23:43:37+00:00,441.0,0.847,832.0,1700.0,reapproach,477.0,2025-09-24 19:43:15-04:00
ac5fc9_20250924_185536,ac5fc9,ERU897,07R,2025-09-24 19:18:14+00:00,2025-09-24 19:18:57+00:00,ga_ambiguous,False,False,266.0,2025-09-24 19:18:26+00:00,29.172984,-81.063538,23.0,2025-09-24 19:18:45+00:00,366.0,-0.007,896.0,625.0,reapproach,124.0,2025-09-24 15:18:26-04:00
ad001e_20250924_190710,ad001e,ERU937,07R,2025-09-24 19:29:15+00:00,2025-09-24 19:29:51+00:00,go_around,False,False,41.0,2025-09-24 19:29:32+00:00,29.175824,-81.057344,20.0,2025-09-24 19:29:49+00:00,166.0,-0.263,768.0,900.0,reapproach,211.0,2025-09-24 15:29:32-04:00
ad1153_20250924_124024,ad1153,ERU941,07R,2025-09-24 12:52:21+00:00,2025-09-24 12:53:29+00:00,go_around,False,False,166.0,2025-09-24 12:53:06+00:00,29.174286,-81.060509,19.0,2025-09-24 12:53:22+00:00,216.0,-0.131,960.0,800.0,reapproach,232.0,2025-09-24 08:53:06-04:00
a5b7c7_20250925_173641,a5b7c7,ERU468,07R,2025-09-25 17:40:03+00:00,2025-09-25 17:40:40+00:00,go_around,False,False,266.0,2025-09-25 17:40:21+00:00,29.174515,-81.060773,19.0,2025-09-25 17:40:32+00:00,316.0,-0.065,960.0,700.0,reapproach,236.0,2025-09-25 13:40:21-04:00
ab201a_20250925_160006,ab201a,ERU816,25L,2025-09-25 16:48:42+00:00,2025-09-25 16:49:50+00:00,go_around,False,False,91.0,2025-09-25 16:49:34+00:00,29.1802,-81.046627,18.0,2025-09-25 16:49:48+00:00,116.0,-0.229,1024.0,850.0,reapproach,228.0,2025-09-25 12:49:34-04:00
ad67bf_20250925_003337,ad67bf,ERU963,16,2025-09-25 01:23:14+00:00,2025-09-25 01:24:23+00:00,ga_ambiguous,False,False,141.0,2025-09-25 01:23:38+00:00,29.199188,-81.060298,26.0,2025-09-25 01:23:58+00:00,241.0,0.193,960.0,2225.0,reapproach,1052.0,2025-09-24 21:23:38-04:00
ab2b3f_20250926_154004,ab2b3f,ERU819,07R,2025-09-26 16:12:42+00:00,2025-09-26 16:13:45+00:00,ga_ambiguous,False,False,66.0,2025-09-26 16:13:17+00:00,29.174241,-81.06106,22.0,2025-09-26 16:13:32+00:00,141.0,-0.045,960.0,1925.0,reapproach,3580.0,2025-09-26 12:13:17-04:00
ac3493_20250926_155747,ac3493,ERU886,07R,2025-09-26 16:06:33+00:00,2025-09-26 16:07:25+00:00,go_around,False,False,266.0,2025-09-26 16:07:02+00:00,29.174334,-81.061383,20.0,2025-09-26 16:07:16+00:00,291.0,-0.07,1152.0,700.0,reapproach,132.0,2025-09-26 12:07:02-04:00
a48aab_20250927_205012,a48aab,ERU392,07L,2025-09-27 21:02:54+00:00,2025-09-27 21:06:36+00:00,go_around,False,False,66.0,2025-09-27 21:05:50+00:00,29.170796,-81.082441,4.0,2025-09-27 21:05:52+00:00,66.0,0.197,896.0,1800.0,reapproach,1097.0,2025-09-27 17:05:50-04:00
ab18ac_20250927_200544,ab18ac,ERU814,07R,2025-09-27 20:52:32+00:00,2025-09-27 20:53:50+00:00,go_around,False,False,91.0,2025-09-27 20:53:10+00:00,29.173682,-81.062622,14.0,2025-09-27 20:53:18+00:00,116.0,0.204,832.0,925.0,reapproach,195.0,2025-09-27 16:53:10-04:00
ab1c63_20250927_191300,ab1c63,ERU815,07R,2025-09-27 19:26:44+00:00,2025-09-27 19:27:51+00:00,go_around,False,False,91.0,2025-09-27 19:27:29+00:00,29.175293,-81.058872,13.0,2025-09-27 19:27:37+00:00,116.0,-0.033,832.0,975.0,reapproach,329.0,2025-09-27 15:27:29-04:00
ab402b_20250927_155822,ab402b,ERU824,25L,2025-09-27 16:21:25+00:00,2025-09-27 16:22:22+00:00,go_around,False,False,41.0,2025-09-27 16:21:59+00:00,29.180758,-81.045173,12.0,2025-09-27 16:22:09+00:00,91.0,-0.048,1024.0,875.0,reapproach,200.0,2025-09-27 12:21:59-04:00
ab402b_20250927_201841,ab402b,ERU824,07R,2025-09-27 20:45:12+00:00,2025-09-27 20:46:47+00:00,go_around,False,False,116.0,2025-09-27 20:46:04+00:00,29.172891,-81.064399,12.0,2025-09-27 20:46:12+00:00,116.0,0.297,1088.0,850.0,reapproach,219.0,2025-09-27 16:46:04-04:00
ab4799_20250927_180549,ab4799,ERU826,07R,2025-09-27 18:24:40+00:00,2025-09-27 18:26:03+00:00,go_around,False,False,166.0,2025-09-27 18:25:36+00:00,29.175032,-81.059014,8.0,2025-09-27 18:25:42+00:00,191.0,0.023,832.0,750.0,reapproach,266.0,2025-09-27 14:25:36-04:00
ad6f2d_20250927_201238,ad6f2d,ERU965,07L,2025-09-27 20:33:01+00:00,2025-09-27 20:36:36+00:00,go_around,False,False,141.0,2025-09-27 20:35:35+00:00,29.169205,-81.086074,18.0,2025-09-27 20:35:42+00:00,141.0,0.297,1024.0,1875.0,reapproach,1072.0,2025-09-27 16:35:35-04:00
ab2788_20250928_180920,ab2788,ERU818,07R,2025-09-28 18:18:50+00:00,2025-09-28 18:20:33+00:00,ga_ambiguous,False,False,66.0,2025-09-28 18:20:01+00:00,29.174011,-81.06183,25.0,2025-09-28 18:20:21+00:00,166.0,-0.069,896.0,850.0,reapproach,202.0,2025-09-28 14:20:01-04:00
abb6a8_20250928_004916,abb6a8,ERU854,07L,2025-09-28 01:17:55+00:00,2025-09-28 01:21:19+00:00,go_around,False,False,66.0,2025-09-28 01:20:39+00:00,29.171308,-81.081202,15.0,2025-09-28 01:20:47+00:00,91.0,-0.017,1280.0,1925.0,reapproach,900.0,2025-09-27 21:20:39-04:00
abb6a8_20250928_195719,abb6a8,ERU854,07L,2025-09-28 20:30:15+00:00,2025-09-28 20:34:24+00:00,go_around,False,False,341.0,2025-09-28 20:32:31+00:00,29.164046,-81.098381,14.0,2025-09-28 20:32:40+00:00,366.0,0.971,1024.0,1950.0,reapproach,1019.0,2025-09-28 16:32:31-04:00
ad67bf_20250928_203146,ad67bf,ERU963,07L,2025-09-28 20:47:27+00:00,2025-09-28 20:51:04+00:00,go_around,False,False,91.0,2025-09-28 20:50:12+00:00,29.169846,-81.083802,15.0,2025-09-28 20:50:19+00:00,141.0,0.17,1216.0,2475.0,reapproach,972.0,2025-09-28 16:50:12-04:00
a32734_20250929_161417,a32734,ERU302,07L,2025-09-29 16:26:31+00:00,2025-09-29 16:30:04+00:00,go_around,False,False,266.0,2025-09-29 16:28:48+00:00,29.166374,-81.09305,13.0,2025-09-29 16:28:58+00:00,366.0,0.644,1408.0,700.0,reapproach,148.0,2025-09-29 12:28:48-04:00
abba5f_20250930_223441,abba5f,ERU855,07L,2025-09-30 22:48:12+00:00,2025-09-30 22:52:12+00:00,go_around,False,False,141.0,2025-09-30 22:50:58+00:00,29.168422,-81.087718,8.0,2025-09-30 22:51:05+00:00,141.0,0.389,1088.0,1850.0,reapproach,1037.0,2025-09-30 18:50:58-04:00
a55636_20251001_104116,a55636,ERU443,34,2025-10-01 12:03:09+00:00,2025-10-01 12:04:25+00:00,ga_ambiguous,False,False,516.0,2025-10-01 12:04:15+00:00,29.156342,-81.039857,26.0,2025-10-01 12:04:35+00:00,616.0,0.954,832.0,1075.0,reapproach,220.0,2025-10-01 08:04:15-04:00
ab4799_20251001_000001,ab4799,ERU826,34,2025-10-01 00:27:43+00:00,2025-10-01 00:29:10+00:00,go_around,False,False,141.0,2025-10-01 00:28:20+00:00,29.167053,-81.044875,15.0,2025-10-01 00:28:30+00:00,166.0,0.397,896.0,2425.0,reapproach,812.0,2025-09-30 20:28:20-04:00
ad001e_20251001_174216,ad001e,ERU937,07R,2025-10-01 18:28:42+00:00,2025-10-01 18:30:17+00:00,go_around,False,False,141.0,2025-10-01 18:29:46+00:00,29.174103,-81.061671,11.0,2025-10-01 18:29:52+00:00,166.0,0.163,1344.0,875.0,reapproach,221.0,2025-10-01 14:29:46-04:00
a5c8fc_20251002_230411,a5c8fc,ERU472,07L,2025-10-02 23:18:25+00:00,2025-10-02 23:22:24+00:00,go_around,False,False,316.0,2025-10-02 23:21:20+00:00,29.165396,-81.096227,14.0,2025-10-02 23:21:27+00:00,316.0,0.905,1216.0,1850.0,reapproach,1125.0,2025-10-02 19:21:20-04:00
ab314f_20251002_012010,ab314f,ERU820,07L,2025-10-02 01:35:52+00:00,2025-10-02 01:39:23+00:00,go_around,False,False,116.0,2025-10-02 01:38:45+00:00,29.169617,-81.084753,11.0,2025-10-02 01:38:49+00:00,141.0,0.306,1536.0,1900.0,reapproach,804.0,2025-10-01 21:38:45-04:00
ab3506_20251002_224920,ab3506,ERU821,07L,2025-10-02 23:38:43+00:00,2025-10-02 23:40:52+00:00,go_around,False,False,66.0,2025-10-02 23:39:35+00:00,29.172409,-81.078204,13.0,2025-10-02 23:39:43+00:00,116.0,-0.106,768.0,1975.0,reapproach,926.0,2025-10-02 19:39:35-04:00
ab7a3d_20251002_223451,ab7a3d,ERU839,07L,2025-10-02 23:24:04+00:00,2025-10-02 23:28:28+00:00,go_around,False,False,91.0,2025-10-02 23:27:10+00:00,29.169632,-81.084487,11.0,2025-10-02 23:27:18+00:00,141.0,0.219,960.0,1900.0,reapproach,1042.0,2025-10-02 19:27:10-04:00
ac30dc_20251002_041900,ac30dc,ERU885,07L,2025-10-02 05:09:21+00:00,2025-10-02 05:13:41+00:00,go_around,False,False,166.0,2025-10-02 05:12:30+00:00,29.168841,-81.087018,13.0,2025-10-02 05:12:36+00:00,216.0,0.378,1088.0,1450.0,reapproach,685.0,2025-10-02 01:12:30-04:00
acc9c3_20251002_190432,acc9c3,ERU923,07R,2025-10-02 19:07:47+00:00,2025-10-02 19:09:44+00:00,go_around,False,False,241.0,2025-10-02 19:08:46+00:00,29.170898,-81.069436,14.0,2025-10-02 19:08:55+00:00,266.0,0.592,1344.0,675.0,reapproach,272.0,2025-10-02 15:08:46-04:00
ad67bf_20251002_174857,ad67bf,ERU963,07R,2025-10-02 19:04:14+00:00,2025-10-02 19:05:16+00:00,go_around,False,False,141.0,2025-10-02 19:04:25+00:00,29.169891,-81.066319,12.0,2025-10-02 19:04:33+00:00,166.0,0.481,896.0,825.0,reapproach,238.0,2025-10-02 15:04:25-04:00
ad67bf_20251002_174857,ad67bf,ERU963,07R,2025-10-02 19:09:14+00:00,2025-10-02 19:10:18+00:00,go_around,False,False,41.0,2025-10-02 19:09:50+00:00,29.173828,-81.06014,10.0,2025-10-02 19:09:52+00:00,41.0,0.159,960.0,900.0,reapproach,46.0,2025-10-02 15:09:50-04:00
a4b83a_20251003_032244,a4b83a,ERU403,07L,2025-10-03 03:54:42+00:00,2025-10-03 03:59:15+00:00,go_around,False,False,191.0,2025-10-03 03:58:01+00:00,29.168422,-81.088149,9.0,2025-10-03 03:58:05+00:00,241.0,0.505,1152.0,1800.0,reapproach,850.0,2025-10-02 23:58:01-04:00
ab0d87_20251003_003039,ab0d87,ERU811,07L,2025-10-03 00:42:29+00:00,2025-10-03 00:46:43+00:00,go_around,False,False,216.0,2025-10-03 00:44:46+00:00,29.165489,-81.094666,11.0,2025-10-03 00:44:53+00:00,241.0,0.803,1088.0,2150.0,reapproach,986.0,2025-10-02 20:44:46-04:00
ab0d87_20251003_003039,ab0d87,ERU811,07L,2025-10-03 01:03:09+00:00,2025-10-03 01:07:05+00:00,go_around,False,False,391.0,2025-10-03 01:05:29+00:00,29.164169,-81.098275,12.0,2025-10-03 01:05:36+00:00,416.0,1.015,1024.0,1575.0,reapproach,855.0,2025-10-02 21:05:29-04:00
ab6b61_20251003_220409,ab6b61,ERU835,07L,2025-10-03 22:17:25+00:00,2025-10-03 22:21:48+00:00,go_around,False,False,91.0,2025-10-03 22:20:20+00:00,29.170889,-81.082602,13.0,2025-10-03 22:20:27+00:00,116.0,0.129,1088.0,1875.0,reapproach,941.0,2025-10-03 18:20:20-04:00
ab87bb_20251003_012642,ab87bb,ERU842,07L,2025-10-03 01:48:56+00:00,2025-10-03 01:52:43+00:00,go_around,False,False,91.0,2025-10-03 01:52:01+00:00,29.1698,-81.084436,11.0,2025-10-03 01:52:06+00:00,141.0,0.261,1344.0,2025.0,reapproach,2609.0,2025-10-02 21:52:01-04:00
abab83_20251003_124335,abab83,ERU851,07R,2025-10-03 13:08:27+00:00,2025-10-03 13:09:25+00:00,go_around,False,False,66.0,2025-10-03 13:08:41+00:00,29.173263,-81.063161,9.0,2025-10-03 13:08:45+00:00,66.0,0.352,896.0,925.0,reapproach,251.0,2025-10-03 09:08:41-04:00
abab83_20251003_124335,abab83,ERU851,07R,2025-10-03 13:13:36+00:00,2025-10-03 13:14:17+00:00,go_around,False,False,66.0,2025-10-03 13:13:49+00:00,29.174893,-81.059606,11.0,2025-10-03 13:13:56+00:00,66.0,0.046,1024.0,925.0,reapproach,150.0,2025-10-03 09:13:49-04:00
abd302_20251003_011234,abd302,ERU861,07L,2025-10-03 01:55:17+00:00,2025-10-03 01:59:19+00:00,go_around,False,False,91.0,2025-10-03 01:58:13+00:00,29.170424,-81.083141,13.0,2025-10-03 01:58:19+00:00,141.0,0.161,896.0,1925.0,reapproach,582.0,2025-10-02 21:58:13-04:00
ad52d3_20251003_010149,ad52d3,ERU958,07R,2025-10-03 01:38:08+00:00,2025-10-03 01:39:47+00:00,go_around,False,False,66.0,2025-10-03 01:39:14+00:00,29.174149,-81.06146,15.0,2025-10-03 01:39:22+00:00,116.0,0.149,896.0,900.0,reapproach,189.0,2025-10-02 21:39:14-04:00
ad6b76_20251003_050655,ad6b76,ERU964,07L,2025-10-03 05:53:06+00:00,2025-10-03 05:57:16+00:00,go_around,False,False,66.0,2025-10-03 05:56:53+00:00,29.171356,-81.080739,12.0,2025-10-03 05:57:01+00:00,116.0,-0.017,1408.0,1900.0,reapproach,1070.0,2025-10-03 01:56:53-04:00
a5f07b_20251004_010420,a5f07b,ERU482,07L,2025-10-04 01:20:44+00:00,2025-10-04 01:25:58+00:00,go_around,False,False,91.0,2025-10-04 01:24:18+00:00,29.169662,-81.085334,11.0,2025-10-04 01:24:24+00:00,166.0,0.287,1600.0,2375.0,reapproach,1178.0,2025-10-03 21:24:18-04:00
abb6a8_20251004_005508,abb6a8,ERU854,07L,2025-10-04 01:37:38+00:00,2025-10-04 01:41:46+00:00,go_around,False,False,266.0,2025-10-04 01:41:07+00:00,29.169754,-81.085968,14.0,2025-10-04 01:41:13+00:00,291.0,0.327,1408.0,2075.0,reapproach,2027.0,2025-10-03 21:41:07-04:00
abd302_20251004_015349,abd302,ERU861,07L,2025-10-04 03:52:20+00:00,2025-10-04 03:55:59+00:00,go_around,False,False,66.0,2025-10-04 03:55:30+00:00,29.171075,-81.081202,15.0,2025-10-04 03:55:35+00:00,66.0,0.074,1152.0,1925.0,reapproach,1061.0,2025-10-03 23:55:30-04:00
ad1c78_20251004_202033,ad1c78,ERU944,07L,2025-10-04 20:44:10+00:00,2025-10-04 20:48:24+00:00,go_around,False,False,291.0,2025-10-04 20:47:40+00:00,29.172226,-81.078732,18.0,2025-10-04 20:47:49+00:00,316.0,-0.138,1024.0,1675.0,reapproach,850.0,2025-10-04 16:47:40-04:00
ad1c78_20251004_202033,ad1c78,ERU944,07L,2025-10-04 21:02:34+00:00,2025-10-04 21:07:07+00:00,go_around,False,False,116.0,2025-10-04 21:05:30+00:00,29.16926,-81.086103,12.0,2025-10-04 21:05:38+00:00,141.0,0.297,960.0,1850.0,reapproach,1038.0,2025-10-04 17:05:30-04:00
ad6b76_20251004_225750,ad6b76,ERU964,07L,2025-10-04 23:14:09+00:00,2025-10-04 23:18:21+00:00,go_around,False,False,141.0,2025-10-04 23:17:27+00:00,29.170005,-81.08551,18.0,2025-10-04 23:17:42+00:00,216.0,0.124,1152.0,2325.0,reapproach,1553.0,2025-10-04 19:17:27-04:00
ab38bd_20251005_150132,ab38bd,ERU822,07L,2025-10-05 15:24:15+00:00,2025-10-05 15:27:44+00:00,go_around,False,False,241.0,2025-10-05 15:26:49+00:00,29.167258,-81.09138,14.0,2025-10-05 15:26:58+00:00,291.0,0.588,1280.0,650.0,leg_end,,2025-10-05 11:26:49-04:00
acc9c3_20251005_204749,acc9c3,ERU923,07L,2025-10-05 21:18:36+00:00,2025-10-05 21:22:16+00:00,go_around,False,False,241.0,2025-10-05 21:21:49+00:00,29.172705,-81.077971,8.0,2025-10-05 21:21:52+00:00,241.0,-0.062,1152.0,1725.0,reapproach,1145.0,2025-10-05 17:21:49-04:00
ad52d3_20251005_220731,ad52d3,ERU958,07L,2025-10-05 22:34:22+00:00,2025-10-05 22:38:17+00:00,go_around,False,False,91.0,2025-10-05 22:37:36+00:00,29.170051,-81.083518,16.0,2025-10-05 22:37:44+00:00,141.0,0.152,1088.0,1875.0,reapproach,753.0,2025-10-05 18:37:36-04:00
ad6b76_20251005_222630,ad6b76,ERU964,07L,2025-10-05 23:03:45+00:00,2025-10-05 23:08:42+00:00,go_around,False,False,91.0,2025-10-05 23:07:23+00:00,29.17067,-81.082482,17.0,2025-10-05 23:07:32+00:00,191.0,0.072,1024.0,1850.0,reapproach,784.0,2025-10-05 19:07:23-04:00
aafc52_20251006_195614,aafc52,ERU807,07R,2025-10-06 20:32:17+00:00,2025-10-06 20:33:08+00:00,ga_ambiguous,False,False,41.0,2025-10-06 20:32:35+00:00,29.17424,-81.06146,28.0,2025-10-06 20:32:58+00:00,166.0,-0.116,1280.0,875.0,reapproach,135.0,2025-10-06 16:32:35-04:00
abbe16_20251006_223622,abbe16,ERU856,07L,2025-10-06 23:00:21+00:00,2025-10-06 23:05:16+00:00,go_around,False,False,141.0,2025-10-06 23:03:37+00:00,29.169027,-81.08648,10.0,2025-10-06 23:03:44+00:00,191.0,0.362,1024.0,2475.0,reapproach,1360.0,2025-10-06 19:03:37-04:00
ac2d25_20251006_222855,ac2d25,ERU884,07L,2025-10-06 22:53:57+00:00,2025-10-06 22:57:11+00:00,go_around,False,False,566.0,2025-10-06 22:55:39+00:00,29.159251,-81.112114,15.0,2025-10-06 22:55:50+00:00,591.0,1.75,1088.0,1775.0,reapproach,1251.0,2025-10-06 18:55:39-04:00
ad1c78_20251006_230919,ad1c78,ERU944,07L,2025-10-06 23:35:36+00:00,2025-10-06 23:40:11+00:00,go_around,False,False,66.0,2025-10-06 23:38:45+00:00,29.170349,-81.08301,13.0,2025-10-06 23:38:51+00:00,116.0,0.156,1280.0,1900.0,leg_end,,2025-10-06 19:38:45-04:00
ad6b76_20251006_195959,ad6b76,ERU964,07R,2025-10-06 20:26:56+00:00,2025-10-06 20:28:31+00:00,go_around,False,False,191.0,2025-10-06 20:27:45+00:00,29.17305,-81.064259,10.0,2025-10-06 20:27:50+00:00,191.0,0.351,896.0,775.0,reapproach,139.0,2025-10-06 16:27:45-04:00
ab0d87_20251007_183137,ab0d87,ERU811,07L,2025-10-07 18:56:23+00:00,2025-10-07 19:00:01+00:00,go_around,False,False,341.0,2025-10-07 18:58:49+00:00,29.165176,-81.097958,14.0,2025-10-07 18:58:54+00:00,366.0,1.026,1152.0,1625.0,reapproach,1246.0,2025-10-07 14:58:49-04:00
ab2788_20251007_224446,ab2788,ERU818,07L,2025-10-07 23:04:19+00:00,2025-10-07 23:08:31+00:00,go_around,False,False,91.0,2025-10-07 23:07:16+00:00,29.170853,-81.081954,18.0,2025-10-07 23:07:28+00:00,116.0,-0.058,1408.0,1875.0,reapproach,1847.0,2025-10-07 19:07:16-04:00
ac1e49_20251007_222722,ac1e49,ERU880,07L,2025-10-07 22:40:53+00:00,2025-10-07 22:44:18+00:00,go_around,False,False,266.0,2025-10-07 22:43:24+00:00,29.166779,-81.092148,9.0,2025-10-07 22:43:30+00:00,316.0,0.692,1344.0,1700.0,reapproach,1343.0,2025-10-07 18:43:24-04:00
ad52d3_20251007_020308,ad52d3,ERU958,07L,2025-10-07 02:23:18+00:00,2025-10-07 02:27:06+00:00,go_around,False,False,141.0,2025-10-07 02:26:22+00:00,29.168335,-81.087553,10.0,2025-10-07 02:26:31+00:00,191.0,0.366,1280.0,1850.0,reapproach,1528.0,2025-10-06 22:26:22-04:00
a4b83a_20251008_173835,a4b83a,ERU403,07L,2025-10-08 18:28:15+00:00,2025-10-08 18:31:35+00:00,go_around,False,False,241.0,2025-10-08 18:30:44+00:00,29.166746,-81.09068,13.0,2025-10-08 18:30:51+00:00,241.0,0.566,1280.0,1725.0,reapproach,1329.0,2025-10-08 14:30:44-04:00
abaf3a_20251008_012213,abaf3a,ERU852,07R,2025-10-08 02:17:10+00:00,2025-10-08 02:17:54+00:00,go_around,False,False,91.0,2025-10-08 02:17:29+00:00,29.174286,-81.061196,10.0,2025-10-08 02:17:34+00:00,91.0,0.131,768.0,850.0,reapproach,234.0,2025-10-07 22:17:29-04:00
ab1c63_20251009_200017,ab1c63,ERU815,07L,2025-10-09 20:14:32+00:00,2025-10-09 20:18:06+00:00,ga_ambiguous,False,False,166.0,2025-10-09 20:17:27+00:00,29.168003,-81.089119,27.0,2025-10-09 20:17:35+00:00,216.0,0.476,1088.0,2375.0,reapproach,720.0,2025-10-09 16:17:27-04:00
ab4799_20251009_000001,ab4799,ERU826,07L,2025-10-09 00:24:36+00:00,2025-10-09 00:28:24+00:00,go_around,False,False,141.0,2025-10-09 00:27:18+00:00,29.169296,-81.085387,20.0,2025-10-09 00:27:33+00:00,166.0,0.111,768.0,725.0,reapproach,26.0,2025-10-08 20:27:18-04:00
ab6f18_20251009_000305,ab6f18,ERU836,07L,2025-10-09 00:18:53+00:00,2025-10-09 00:22:19+00:00,go_around,False,False,66.0,2025-10-09 00:21:52+00:00,29.170349,-81.08301,9.0,2025-10-09 00:21:57+00:00,116.0,0.171,960.0,1925.0,reapproach,1148.0,2025-10-08 20:21:52-04:00
ac4d36_20251009_122948,ac4d36,ERU892,07R,2025-10-09 13:07:01+00:00,2025-10-09 13:09:52+00:00,ga_ambiguous,False,False,266.0,2025-10-09 13:08:53+00:00,29.170982,-81.0693,28.0,2025-10-09 13:09:15+00:00,316.0,0.364,1088.0,725.0,reapproach,359.0,2025-10-09 09:08:53-04:00
ac4d36_20251009_122948,ac4d36,ERU892,07R,2025-10-09 13:54:05+00:00,2025-10-09 13:54:47+00:00,ga_ambiguous,False,False,91.0,2025-10-09 13:54:24+00:00,29.175568,-81.057974,23.0,2025-10-09 13:54:44+00:00,216.0,-0.247,1088.0,900.0,reapproach,164.0,2025-10-09 09:54:24-04:00
aafc52_20251010_221944,aafc52,ERU807,07L,2025-10-10 22:42:06+00:00,2025-10-10 22:46:11+00:00,go_around,False,False,116.0,2025-10-10 22:44:52+00:00,29.169022,-81.084595,10.0,2025-10-10 22:44:58+00:00,141.0,0.262,1024.0,1825.0,reapproach,1963.0,2025-10-10 18:44:52-04:00
ab1c63_20251010_220717,ab1c63,ERU815,07L,2025-10-10 22:48:37+00:00,2025-10-10 22:52:41+00:00,go_around,False,False,66.0,2025-10-10 22:51:39+00:00,29.170517,-81.083141,9.0,2025-10-10 22:51:45+00:00,116.0,0.172,1024.0,2475.0,reapproach,904.0,2025-10-10 18:51:39-04:00
a5527f_20251011_011830,a5527f,ERU442,07L,2025-10-11 01:42:40+00:00,2025-10-11 01:47:02+00:00,go_around,False,False,91.0,2025-10-11 01:45:33+00:00,29.170377,-81.08271,16.0,2025-10-11 01:45:41+00:00,91.0,0.107,1152.0,1950.0,reapproach,740.0,2025-10-10 21:45:33-04:00
ab7686_20251011_025549,ab7686,ERU838,07L,2025-10-11 04:37:38+00:00,2025-10-11 04:41:26+00:00,go_around,False,False,66.0,2025-10-11 04:40:27+00:00,29.169353,-81.085295,10.0,2025-10-11 04:40:32+00:00,116.0,0.291,960.0,1875.0,reapproach,792.0,2025-10-11 00:40:27-04:00
ad52d3_20251011_021208,ad52d3,ERU958,07L,2025-10-11 03:00:54+00:00,2025-10-11 03:04:42+00:00,go_around,False,False,91.0,2025-10-11 03:03:57+00:00,29.171029,-81.081579,15.0,2025-10-11 03:04:04+00:00,91.0,0.049,1152.0,1850.0,reapproach,686.0,2025-10-10 23:03:57-04:00
ad67bf_20251011_011252,ad67bf,ERU963,07L,2025-10-11 02:10:19+00:00,2025-10-11 02:14:36+00:00,go_around,False,False,91.0,2025-10-11 02:13:10+00:00,29.169937,-81.083644,9.0,2025-10-11 02:13:18+00:00,141.0,0.154,1152.0,1900.0,reapproach,1084.0,2025-10-10 22:13:10-04:00
a606c5_20251012_131040,a606c5,ERU488,25R,2025-10-12 13:32:38+00:00,2025-10-12 13:34:32+00:00,go_around,False,False,191.0,2025-10-12 13:34:11+00:00,29.18454,-81.048044,11.0,2025-10-12 13:34:17+00:00,216.0,-0.126,640.0,750.0,reapproach,225.0,2025-10-12 09:34:11-04:00
a6231f_20251012_173827,a6231f,ERU495,25L,2025-10-12 18:05:11+00:00,2025-10-12 18:05:58+00:00,go_around,False,False,216.0,2025-10-12 18:05:34+00:00,29.180944,-81.044635,7.0,2025-10-12 18:05:41+00:00,216.0,0.055,1088.0,675.0,reapproach,155.0,2025-10-12 14:05:34-04:00
ab3506_20251012_180708,ab3506,ERU821,25L,2025-10-12 18:18:05+00:00,2025-10-12 18:19:17+00:00,go_around,False,False,91.0,2025-10-12 18:18:50+00:00,29.181107,-81.044347,9.0,2025-10-12 18:18:56+00:00,91.0,0.094,1024.0,825.0,reapproach,187.0,2025-10-12 14:18:50-04:00
abf0ba_20251012_205437,abf0ba,ERU869,16,2025-10-12 21:24:21+00:00,2025-10-12 21:25:53+00:00,go_around,False,False,716.0,2025-10-12 21:25:47+00:00,29.225076,-81.072747,12.0,2025-10-12 21:25:53+00:00,766.0,2.061,1152.0,1275.0,reapproach,1408.0,2025-10-12 17:25:47-04:00
ac5fc9_20251013_033421,ac5fc9,ERU897,07L,2025-10-13 04:04:21+00:00,2025-10-13 04:07:45+00:00,go_around,False,False,66.0,2025-10-13 04:06:46+00:00,29.172006,-81.079048,13.0,2025-10-13 04:06:53+00:00,91.0,-0.106,1088.0,1875.0,reapproach,714.0,2025-10-13 00:06:46-04:00
a4b0cc_20251014_175956,a4b0cc,ERU401,07R,2025-10-14 18:19:15+00:00,2025-10-14 18:20:11+00:00,go_around,False,False,116.0,2025-10-14 18:19:49+00:00,29.174939,-81.058637,8.0,2025-10-14 18:19:54+00:00,141.0,0.029,896.0,825.0,reapproach,170.0,2025-10-14 14:19:49-04:00
a4b0cc_20251014_175956,a4b0cc,ERU401,07R,2025-10-14 19:02:55+00:00,2025-10-14 19:04:01+00:00,go_around,False,False,116.0,2025-10-14 19:03:23+00:00,29.173782,-81.062358,11.0,2025-10-14 19:03:31+00:00,141.0,0.178,1088.0,850.0,reapproach,195.0,2025-10-14 15:03:23-04:00
a4b83a_20251014_105736,a4b83a,ERU403,25L,2025-10-14 12:12:00+00:00,2025-10-14 12:13:55+00:00,go_around,False,False,341.0,2025-10-14 12:13:26+00:00,29.181931,-81.042287,12.0,2025-10-14 12:13:32+00:00,366.0,0.19,1088.0,625.0,reapproach,169.0,2025-10-14 08:13:26-04:00
a626d6_20251014_222915,a626d6,ERU496,07L,2025-10-14 22:42:52+00:00,2025-10-14 22:46:50+00:00,go_around,False,False,91.0,2025-10-14 22:45:37+00:00,29.17012,-81.083591,11.0,2025-10-14 22:45:42+00:00,91.0,0.184,1152.0,1875.0,reapproach,921.0,2025-10-14 18:45:37-04:00
ab5c85_20251014_212917,ab5c85,ERU831,07L,2025-10-14 21:46:43+00:00,2025-10-14 21:50:36+00:00,ga_ambiguous,False,False,66.0,2025-10-14 21:49:30+00:00,29.171173,-81.081161,28.0,2025-10-14 21:49:53+00:00,291.0,-0.378,1088.0,2275.0,reapproach,1457.0,2025-10-14 17:49:30-04:00
ab9697_20251014_151623,ab9697,ERU846,07L,2025-10-14 16:59:33+00:00,2025-10-14 17:04:40+00:00,ga_ambiguous,False,False,141.0,2025-10-14 17:03:08+00:00,29.170098,-81.084649,23.0,2025-10-14 17:03:13+00:00,191.0,0.317,1088.0,850.0,reapproach,123.0,2025-10-14 13:03:08-04:00
abe94c_20251014_015233,abe94c,ERU867,07L,2025-10-14 02:53:01+00:00,2025-10-14 02:57:08+00:00,go_around,False,False,116.0,2025-10-14 02:55:50+00:00,29.169846,-81.084542,15.0,2025-10-14 02:55:55+00:00,141.0,0.255,1280.0,1850.0,reapproach,801.0,2025-10-13 22:55:50-04:00
abf0ba_20251014_012259,abf0ba,ERU869,07L,2025-10-14 01:37:09+00:00,2025-10-14 01:41:07+00:00,go_around,False,False,266.0,2025-10-14 01:39:34+00:00,29.167465,-81.090405,13.0,2025-10-14 01:39:40+00:00,316.0,0.582,1024.0,1700.0,reapproach,984.0,2025-10-13 21:39:34-04:00
ad67bf_20251014_021112,ad67bf,ERU963,07L,2025-10-14 02:27:20+00:00,2025-10-14 02:31:15+00:00,ga_ambiguous,False,False,266.0,2025-10-14 02:30:00+00:00,29.168793,-81.087077,27.0,2025-10-14 02:30:05+00:00,291.0,0.416,1280.0,2225.0,reapproach,879.0,2025-10-13 22:30:00-04:00
a48aab_20251015_034029,a48aab,ERU392,07L,2025-10-15 03:51:07+00:00,2025-10-15 03:55:07+00:00,go_around,False,False,91.0,2025-10-15 03:54:15+00:00,29.169586,-81.084487,11.0,2025-10-15 03:54:22+00:00,91.0,0.205,1152.0,1850.0,reapproach,793.0,2025-10-14 23:54:15-04:00
ab4799_20251015_032744,ab4799,ERU826,07L,2025-10-15 04:12:33+00:00,2025-10-15 04:16:38+00:00,go_around,False,False,91.0,2025-10-15 04:15:35+00:00,29.170624,-81.08301,17.0,2025-10-15 04:15:44+00:00,91.0,0.066,1152.0,1850.0,reapproach,714.0,2025-10-15 00:15:35-04:00
ab4799_20251015_180118,ab4799,ERU826,34,2025-10-15 18:39:38+00:00,2025-10-15 18:43:43+00:00,go_around,False,False,266.0,2025-10-15 18:43:30+00:00,29.176755,-81.049751,10.0,2025-10-15 18:43:36+00:00,291.0,-0.167,1216.0,725.0,reapproach,212.0,2025-10-15 14:43:30-04:00
ab52be_20251015_031112,ab52be,ERU829,07L,2025-10-15 03:40:05+00:00,2025-10-15 03:44:39+00:00,go_around,False,False,216.0,2025-10-15 03:42:58+00:00,29.167328,-81.091039,11.0,2025-10-15 03:43:04+00:00,266.0,0.64,1024.0,1700.0,reapproach,879.0,2025-10-14 23:42:58-04:00
abaf3a_20251015_104437,abaf3a,ERU852,25R,2025-10-15 11:58:58+00:00,2025-10-15 12:00:28+00:00,go_around,False,False,766.0,2025-10-15 11:59:12+00:00,29.19722,-81.016036,16.0,2025-10-15 11:59:23+00:00,791.0,1.515,768.0,1100.0,reapproach,194.0,2025-10-15 07:59:12-04:00
ad03d5_20251015_110722,ad03d5,ERU938,25L,2025-10-15 11:16:15+00:00,2025-10-15 11:16:47+00:00,go_around,False,False,91.0,2025-10-15 11:16:23+00:00,29.180805,-81.044958,10.0,2025-10-15 11:16:31+00:00,116.0,0.008,832.0,825.0,reapproach,206.0,2025-10-15 07:16:23-04:00
ab0d87_20251016_201800,ab0d87,ERU811,07R,2025-10-16 21:00:46+00:00,2025-10-16 21:03:55+00:00,go_around,False,False,266.0,2025-10-16 21:02:50+00:00,29.167877,-81.076778,17.0,2025-10-16 21:02:56+00:00,266.0,0.983,1344.0,700.0,reapproach,648.0,2025-10-16 17:02:50-04:00
ab18ac_20251016_203416,ab18ac,ERU814,07L,2025-10-16 20:49:49+00:00,2025-10-16 20:53:52+00:00,go_around,False,False,141.0,2025-10-16 20:52:28+00:00,29.168701,-81.087077,18.0,2025-10-16 20:52:39+00:00,191.0,0.276,1280.0,1825.0,reapproach,1958.0,2025-10-16 16:52:28-04:00
ab52be_20251016_030857,ab52be,ERU829,34,2025-10-16 03:29:30+00:00,2025-10-16 03:32:26+00:00,ga_ambiguous,False,False,341.0,2025-10-16 03:31:46+00:00,29.163391,-81.043554,27.0,2025-10-16 03:32:08+00:00,391.0,0.386,832.0,1600.0,reapproach,699.0,2025-10-15 23:31:46-04:00
ac05a6_20251016_102537,ac05a6,ERU874,07L,2025-10-16 10:37:30+00:00,2025-10-16 10:41:50+00:00,go_around,False,False,91.0,2025-10-16 10:40:35+00:00,29.170853,-81.081584,12.0,2025-10-16 10:40:41+00:00,116.0,0.069,1408.0,2800.0,reapproach,4737.0,2025-10-16 06:40:35-04:00
a48aab_20251017_193622,a48aab,ERU392,07R,2025-10-17 19:40:35+00:00,2025-10-17 19:41:15+00:00,go_around,False,False,166.0,2025-10-17 19:40:46+00:00,29.174606,-81.06014,13.0,2025-10-17 19:40:55+00:00,166.0,0.04,768.0,725.0,reapproach,156.0,2025-10-17 15:40:46-04:00
ab6b61_20251017_035303,ab6b61,ERU835,07L,2025-10-17 05:08:28+00:00,2025-10-17 05:12:51+00:00,go_around,False,False,91.0,2025-10-17 05:11:38+00:00,29.170982,-81.081471,13.0,2025-10-17 05:11:47+00:00,191.0,0.011,1088.0,1875.0,reapproach,793.0,2025-10-17 01:11:38-04:00
ad6f2d_20251017_023209,ad6f2d,ERU965,07L,2025-10-17 02:47:01+00:00,2025-10-17 02:51:14+00:00,go_around,False,False,66.0,2025-10-17 02:49:59+00:00,29.170563,-81.084649,8.0,2025-10-17 02:50:04+00:00,116.0,0.257,1536.0,1975.0,reapproach,824.0,2025-10-16 22:49:59-04:00
a32734_20251018_005424,a32734,ERU302,07L,2025-10-18 01:22:25+00:00,2025-10-18 01:23:45+00:00,go_around,False,False,141.0,2025-10-18 01:23:02+00:00,29.168701,-81.087553,12.0,2025-10-18 01:23:10+00:00,166.0,0.4,1024.0,1350.0,reapproach,624.0,2025-10-17 21:23:02-04:00
ab52be_20251018_232144,ab52be,ERU829,07L,2025-10-18 23:34:01+00:00,2025-10-18 23:36:49+00:00,go_around,False,False,616.0,2025-10-18 23:35:47+00:00,29.16037,-81.107677,11.0,2025-10-18 23:35:51+00:00,641.0,1.638,1024.0,1550.0,reapproach,999.0,2025-10-18 19:35:47-04:00
ab7a3d_20251018_020816,ab7a3d,ERU839,07L,2025-10-18 04:28:08+00:00,2025-10-18 04:32:00+00:00,go_around,False,False,66.0,2025-10-18 04:31:03+00:00,29.17099,-81.081795,15.0,2025-10-18 04:31:12+00:00,116.0,0.007,1088.0,1950.0,reapproach,627.0,2025-10-18 00:31:03-04:00
ac1482_20251018_132627,ac1482,ERU878,07R,2025-10-18 13:48:14+00:00,2025-10-18 13:49:45+00:00,go_around,False,False,41.0,2025-10-18 13:49:09+00:00,29.173691,-81.062516,14.0,2025-10-18 13:49:13+00:00,66.0,0.267,960.0,900.0,reapproach,184.0,2025-10-18 09:49:09-04:00
ac1482_20251018_132627,ac1482,ERU878,07R,2025-10-18 13:52:49+00:00,2025-10-18 13:53:55+00:00,go_around,False,False,141.0,2025-10-18 13:53:13+00:00,29.173031,-81.064184,11.0,2025-10-18 13:53:20+00:00,166.0,0.319,768.0,775.0,reapproach,146.0,2025-10-18 09:53:13-04:00
ad8f3e_20251018_021842,ad8f3e,ERU973,07L,2025-10-18 02:34:05+00:00,2025-10-18 02:38:12+00:00,go_around,False,False,91.0,2025-10-18 02:36:59+00:00,29.171219,-81.08132,11.0,2025-10-18 02:37:04+00:00,116.0,0.079,1088.0,1575.0,reapproach,821.0,2025-10-17 22:36:59-04:00
a5b7c7_20251019_130402,a5b7c7,ERU468,34,2025-10-19 14:30:09+00:00,2025-10-19 14:31:24+00:00,go_around,False,False,616.0,2025-10-19 14:31:01+00:00,29.156342,-81.038378,8.0,2025-10-19 14:31:06+00:00,641.0,1.134,960.0,250.0,leg_end,,2025-10-19 10:31:01-04:00
ab113e_20251019_151021,ab113e,ERU812,16,2025-10-19 15:22:11+00:00,2025-10-19 15:24:50+00:00,ga_ambiguous,False,False,366.0,2025-10-19 15:24:16+00:00,29.210179,-81.065423,25.0,2025-10-19 15:24:37+00:00,466.0,0.758,832.0,1525.0,reapproach,1611.0,2025-10-19 11:24:16-04:00
ab18ac_20251019_175917,ab18ac,ERU814,25L,2025-10-19 18:29:11+00:00,2025-10-19 18:30:16+00:00,go_around,False,False,66.0,2025-10-19 18:29:43+00:00,29.181829,-81.042696,14.0,2025-10-19 18:29:52+00:00,116.0,0.129,960.0,875.0,reapproach,168.0,2025-10-19 14:29:43-04:00
ab87bb_20251019_181014,ab87bb,ERU842,25L,2025-10-19 18:55:25+00:00,2025-10-19 18:55:56+00:00,go_around,False,False,91.0,2025-10-19 18:55:31+00:00,29.180851,-81.044904,11.0,2025-10-19 18:55:40+00:00,116.0,-0.007,896.0,825.0,reapproach,134.0,2025-10-19 14:55:31-04:00
ab18ac_20251020_222721,ab18ac,ERU814,07L,2025-10-20 23:11:57+00:00,2025-10-20 23:15:18+00:00,go_around,False,False,341.0,2025-10-20 23:14:16+00:00,29.164902,-81.096321,10.0,2025-10-20 23:14:23+00:00,391.0,0.892,1216.0,1600.0,reapproach,545.0,2025-10-20 19:14:16-04:00
ab2788_20251020_014313,ab2788,ERU818,07L,2025-10-20 01:56:12+00:00,2025-10-20 01:59:05+00:00,go_around,False,False,116.0,2025-10-20 01:58:30+00:00,29.169479,-81.08544,15.0,2025-10-20 01:58:38+00:00,166.0,0.214,1152.0,2375.0,reapproach,1959.0,2025-10-19 21:58:30-04:00
ab4f07_20251020_184115,ab4f07,ERU828,07L,2025-10-20 19:56:37+00:00,2025-10-20 19:58:43+00:00,go_around,False,False,366.0,2025-10-20 19:57:56+00:00,29.168793,-81.086972,10.0,2025-10-20 19:58:02+00:00,366.0,0.432,1152.0,1125.0,reapproach,361.0,2025-10-20 15:57:56-04:00
ab87bb_20251020_205720,ab87bb,ERU842,07R,2025-10-20 22:01:10+00:00,2025-10-20 22:02:17+00:00,go_around,False,False,41.0,2025-10-20 22:01:58+00:00,29.175963,-81.057021,10.0,2025-10-20 22:02:02+00:00,41.0,-0.063,960.0,900.0,reapproach,191.0,2025-10-20 18:01:58-04:00
ab9e05_20251020_113937,ab9e05,ERU848,25R,2025-10-20 12:00:24+00:00,2025-10-20 12:00:56+00:00,go_around,False,False,166.0,2025-10-20 12:00:33+00:00,29.184952,-81.046935,12.0,2025-10-20 12:00:42+00:00,191.0,-0.101,1088.0,800.0,reapproach,150.0,2025-10-20 08:00:33-04:00
ab9e05_20251020_230810,ab9e05,ERU848,07L,2025-10-20 23:26:10+00:00,2025-10-20 23:29:10+00:00,go_around,False,False,416.0,2025-10-20 23:28:13+00:00,29.162556,-81.102205,14.0,2025-10-20 23:28:23+00:00,416.0,1.168,1216.0,1525.0,reapproach,845.0,2025-10-20 19:28:13-04:00
a4e370_20251021_141008,a4e370,ERU414,07R,2025-10-21 14:41:06+00:00,2025-10-21 14:42:21+00:00,go_around,False,False,91.0,2025-10-21 14:42:08+00:00,29.176208,-81.056284,13.0,2025-10-21 14:42:15+00:00,116.0,-0.169,768.0,775.0,reapproach,239.0,2025-10-21 10:42:08-04:00
ab402b_20251021_131753,ab402b,ERU824,07R,2025-10-21 14:27:00+00:00,2025-10-21 14:28:18+00:00,go_around,False,False,41.0,2025-10-21 14:27:55+00:00,29.174753,-81.059983,12.0,2025-10-21 14:28:02+00:00,41.0,0.047,768.0,1425.0,reapproach,481.0,2025-10-21 10:27:55-04:00
a5c8fc_20251022_012045,a5c8fc,ERU472,07L,2025-10-22 01:51:18+00:00,2025-10-22 01:54:21+00:00,go_around,False,False,116.0,2025-10-22 01:53:51+00:00,29.169632,-81.085026,11.0,2025-10-22 01:53:58+00:00,141.0,0.231,1472.0,2400.0,reapproach,868.0,2025-10-21 21:53:51-04:00
a6108c_20251022_012918,a6108c,ERU490,07L,2025-10-22 01:45:21+00:00,2025-10-22 01:49:01+00:00,go_around,False,False,116.0,2025-10-22 01:47:57+00:00,29.169958,-81.084218,14.0,2025-10-22 01:48:01+00:00,141.0,0.285,1216.0,1850.0,reapproach,858.0,2025-10-21 21:47:57-04:00
a6108c_20251022_203630,a6108c,ERU490,07R,2025-10-22 21:09:19+00:00,2025-10-22 21:11:45+00:00,go_around,False,False,91.0,2025-10-22 21:11:04+00:00,29.173141,-81.063995,15.0,2025-10-22 21:11:11+00:00,116.0,0.294,960.0,900.0,reapproach,233.0,2025-10-22 17:11:04-04:00
a6108c_20251022_203630,a6108c,ERU490,07R,2025-10-22 21:15:38+00:00,2025-10-22 21:17:11+00:00,go_around,False,False,66.0,2025-10-22 21:16:42+00:00,29.174377,-81.060879,11.0,2025-10-22 21:16:47+00:00,66.0,0.153,1344.0,900.0,reapproach,221.0,2025-10-22 17:16:42-04:00
a6108c_20251022_203630,a6108c,ERU490,07R,2025-10-22 21:32:53+00:00,2025-10-22 21:35:03+00:00,go_around,False,False,266.0,2025-10-22 21:34:20+00:00,29.172286,-81.065961,9.0,2025-10-22 21:34:25+00:00,291.0,0.448,832.0,725.0,reapproach,164.0,2025-10-22 17:34:20-04:00
a626d6_20251022_222035,a626d6,ERU496,07L,2025-10-22 22:39:35+00:00,2025-10-22 22:42:43+00:00,go_around,False,False,366.0,2025-10-22 22:41:40+00:00,29.164139,-81.098166,10.0,2025-10-22 22:41:46+00:00,391.0,1.033,896.0,2000.0,reapproach,3125.0,2025-10-22 18:41:40-04:00
aafc52_20251022_221858,aafc52,ERU807,07L,2025-10-22 22:46:03+00:00,2025-10-22 22:49:15+00:00,go_around,False,False,491.0,2025-10-22 22:47:52+00:00,29.161905,-81.103929,13.0,2025-10-22 22:47:59+00:00,516.0,1.335,1216.0,1525.0,reapproach,1524.0,2025-10-22 18:47:52-04:00
ac1e49_20251022_132543,ac1e49,ERU880,25L,2025-10-22 14:09:23+00:00,2025-10-22 14:10:02+00:00,go_around,False,False,41.0,2025-10-22 14:10:00+00:00,29.180572,-81.045496,15.0,2025-10-22 14:10:00+00:00,41.0,0.131,1088.0,925.0,reapproach,212.0,2025-10-22 10:10:00-04:00
ac1e49_20251022_132543,ac1e49,ERU880,25L,2025-10-22 14:18:38+00:00,2025-10-22 14:19:43+00:00,ga_ambiguous,False,False,66.0,2025-10-22 14:19:20+00:00,29.181317,-81.043773,23.0,2025-10-22 14:19:42+00:00,191.0,-0.268,1280.0,950.0,reapproach,274.0,2025-10-22 10:19:20-04:00
ad001e_20251022_150248,ad001e,ERU937,16,2025-10-22 16:04:59+00:00,2025-10-22 16:07:43+00:00,go_around,False,False,691.0,2025-10-22 16:06:35+00:00,29.224869,-81.072552,12.0,2025-10-22 16:06:40+00:00,691.0,2.051,960.0,800.0,reapproach,90.0,2025-10-22 12:06:35-04:00
aafc52_20251023_031619,aafc52,ERU807,07L,2025-10-23 04:38:27+00:00,2025-10-23 04:41:40+00:00,go_around,False,False,66.0,2025-10-23 04:41:16+00:00,29.170898,-81.083063,13.0,2025-10-23 04:41:22+00:00,91.0,0.132,1024.0,1900.0,reapproach,567.0,2025-10-23 00:41:16-04:00
ab113e_20251023_011549,ab113e,ERU812,07R,2025-10-23 01:28:20+00:00,2025-10-23 01:29:15+00:00,go_around,False,False,216.0,2025-10-23 01:28:42+00:00,29.173868,-81.062084,11.0,2025-10-23 01:28:49+00:00,241.0,0.178,896.0,725.0,reapproach,127.0,2025-10-22 21:28:42-04:00
ab402b_20251023_002125,ab402b,ERU824,07L,2025-10-23 01:24:00+00:00,2025-10-23 01:27:28+00:00,go_around,False,False,116.0,2025-10-23 01:26:39+00:00,29.17067,-81.082482,11.0,2025-10-23 01:26:44+00:00,141.0,0.179,768.0,850.0,reapproach,151.0,2025-10-22 21:26:39-04:00
ab603c_20251023_024338,ab603c,ERU832,07L,2025-10-23 03:30:36+00:00,2025-10-23 03:33:50+00:00,go_around,False,False,91.0,2025-10-23 03:33:03+00:00,29.170377,-81.083356,15.0,2025-10-23 03:33:11+00:00,141.0,0.107,1344.0,1900.0,reapproach,630.0,2025-10-22 23:33:03-04:00
ab9697_20251023_015814,ab9697,ERU846,16,2025-10-23 02:45:06+00:00,2025-10-23 02:46:59+00:00,go_around,False,False,666.0,2025-10-23 02:46:37+00:00,29.22489,-81.072747,13.0,2025-10-23 02:46:44+00:00,691.0,2.033,1280.0,1300.0,reapproach,868.0,2025-10-22 22:46:37-04:00
ab9697_20251023_181204,ab9697,ERU846,07R,2025-10-23 18:15:30+00:00,2025-10-23 18:16:10+00:00,go_around,False,False,191.0,2025-10-23 18:15:45+00:00,29.175156,-81.058661,10.0,2025-10-23 18:15:51+00:00,216.0,-0.002,1216.0,800.0,reapproach,276.0,2025-10-23 14:15:45-04:00
ad001e_20251024_031901,ad001e,ERU937,16,2025-10-24 04:10:15+00:00,2025-10-24 04:12:28+00:00,go_around,False,False,466.0,2025-10-24 04:12:18+00:00,29.213058,-81.067957,12.0,2025-10-24 04:12:28+00:00,516.0,1.184,576.0,300.0,reapproach,135.0,2025-10-24 00:12:18-04:00
a5c8fc_20251025_174023,a5c8fc,ERU472,07R,2025-10-25 18:15:41+00:00,2025-10-25 18:16:18+00:00,go_around,False,False,191.0,2025-10-25 18:15:56+00:00,29.17511,-81.058661,9.0,2025-10-25 18:16:02+00:00,216.0,0.031,1280.0,850.0,reapproach,115.0,2025-10-25 14:15:56-04:00
a5c8fc_20251025_174023,a5c8fc,ERU472,07R,2025-10-25 18:28:50+00:00,2025-10-25 18:29:33+00:00,go_around,False,False,166.0,2025-10-25 18:29:10+00:00,29.175451,-81.058421,8.0,2025-10-25 18:29:16+00:00,166.0,-0.003,896.0,825.0,reapproach,252.0,2025-10-25 14:29:10-04:00
a5ecc4_20251025_180716,a5ecc4,ERU481,16,2025-10-25 18:45:04+00:00,2025-10-25 18:47:33+00:00,go_around,False,False,366.0,2025-10-25 18:47:28+00:00,29.199966,-81.060298,10.0,2025-10-25 18:47:35+00:00,416.0,0.408,832.0,250.0,reapproach,106.0,2025-10-25 14:47:28-04:00
ab0d87_20251025_193818,ab0d87,ERU811,07L,2025-10-25 19:53:11+00:00,2025-10-25 19:58:16+00:00,go_around,False,False,116.0,2025-10-25 19:56:42+00:00,29.169912,-81.084433,12.0,2025-10-25 19:56:49+00:00,116.0,0.225,1216.0,1825.0,reapproach,1087.0,2025-10-25 15:56:42-04:00
ab113e_20251025_184834,ab113e,ERU812,07R,2025-10-25 18:51:17+00:00,2025-10-25 18:52:23+00:00,go_around,False,False,91.0,2025-10-25 18:51:38+00:00,29.172006,-81.065369,13.0,2025-10-25 18:51:44+00:00,116.0,0.41,960.0,850.0,reapproach,176.0,2025-10-25 14:51:38-04:00
ab9e05_20251025_203523,ab9e05,ERU848,07L,2025-10-25 20:55:02+00:00,2025-10-25 20:58:59+00:00,go_around,False,False,166.0,2025-10-25 20:58:11+00:00,29.168564,-81.088503,9.0,2025-10-25 20:58:16+00:00,191.0,0.522,1408.0,2325.0,reapproach,1382.0,2025-10-25 16:58:11-04:00
abba5f_20251025_124357,abba5f,ERU855,07R,2025-10-25 13:17:34+00:00,2025-10-25 13:18:46+00:00,go_around,False,False,141.0,2025-10-25 13:17:57+00:00,29.172318,-81.065844,14.0,2025-10-25 13:18:06+00:00,141.0,0.376,960.0,775.0,reapproach,149.0,2025-10-25 09:17:57-04:00
abf0ba_20251025_200122,abf0ba,ERU869,07L,2025-10-25 20:15:53+00:00,2025-10-25 20:20:17+00:00,go_around,False,False,66.0,2025-10-25 20:19:06+00:00,29.171951,-81.079418,17.0,2025-10-25 20:19:11+00:00,91.0,-0.044,1408.0,2450.0,reapproach,1898.0,2025-10-25 16:19:06-04:00
ac1e49_20251025_030308,ac1e49,ERU880,07L,2025-10-25 04:36:59+00:00,2025-10-25 04:41:37+00:00,go_around,False,False,91.0,2025-10-25 04:40:04+00:00,29.169754,-81.085387,15.0,2025-10-25 04:40:13+00:00,116.0,0.231,1152.0,1825.0,reapproach,884.0,2025-10-25 00:40:04-04:00
a593ff_20251026_010443,a593ff,ERU459,07L,2025-10-26 01:27:22+00:00,2025-10-26 01:30:56+00:00,go_around,False,False,391.0,2025-10-26 01:30:01+00:00,29.164581,-81.097852,15.0,2025-10-26 01:30:10+00:00,466.0,0.953,1280.0,1600.0,reapproach,664.0,2025-10-25 21:30:01-04:00
a5b7c7_20251026_201832,a5b7c7,ERU468,07L,2025-10-26 20:42:45+00:00,2025-10-26 20:47:31+00:00,go_around,False,False,66.0,2025-10-26 20:46:43+00:00,29.171308,-81.081471,13.0,2025-10-26 20:46:47+00:00,91.0,0.107,1280.0,2350.0,reapproach,774.0,2025-10-26 16:46:43-04:00
a6231f_20251026_000002,a6231f,ERU495,07L,2025-10-26 00:54:47+00:00,2025-10-26 00:57:47+00:00,go_around,False,False,366.0,2025-10-26 00:57:12+00:00,29.164465,-81.098058,13.0,2025-10-26 00:57:21+00:00,366.0,0.939,1408.0,1575.0,reapproach,783.0,2025-10-25 20:57:12-04:00
ab4799_20251026_024958,ab4799,ERU826,07L,2025-10-26 03:04:22+00:00,2025-10-26 03:08:44+00:00,go_around,False,False,266.0,2025-10-26 03:06:43+00:00,29.164977,-81.095366,9.0,2025-10-26 03:06:52+00:00,291.0,0.845,896.0,1675.0,reapproach,634.0,2025-10-25 23:06:43-04:00
ac4d36_20251026_210246,ac4d36,ERU892,07L,2025-10-26 21:52:30+00:00,2025-10-26 21:57:32+00:00,go_around,False,False,66.0,2025-10-26 21:55:57+00:00,29.170237,-81.083302,12.0,2025-10-26 21:56:03+00:00,116.0,0.197,1344.0,2950.0,reapproach,1313.0,2025-10-26 17:55:57-04:00
ad52d3_20251026_010342,ad52d3,ERU958,07L,2025-10-26 01:22:33+00:00,2025-10-26 01:26:21+00:00,go_around,False,False,416.0,2025-10-26 01:24:57+00:00,29.163627,-81.10032,15.0,2025-10-26 01:25:03+00:00,416.0,1.165,1216.0,1600.0,reapproach,748.0,2025-10-25 21:24:57-04:00
ad52d3_20251026_010342,ad52d3,ERU958,07L,2025-10-26 01:38:49+00:00,2025-10-26 01:42:29+00:00,go_around,False,False,91.0,2025-10-26 01:41:55+00:00,29.170074,-81.083802,13.0,2025-10-26 01:42:03+00:00,141.0,0.174,1088.0,1875.0,reapproach,2774.0,2025-10-25 21:41:55-04:00
ab0d87_20251027_175729,ab0d87,ERU811,25L,2025-10-27 18:44:41+00:00,2025-10-27 18:45:02+00:00,go_around,False,False,91.0,2025-10-27 18:44:47+00:00,29.179642,-81.047674,7.0,2025-10-27 18:44:52+00:00,141.0,-0.097,960.0,850.0,reapproach,362.0,2025-10-27 14:44:47-04:00
ab0d87_20251027_175729,ab0d87,ERU811,25L,2025-10-27 18:51:04+00:00,2025-10-27 18:52:47+00:00,go_around,False,False,41.0,2025-10-27 18:52:30+00:00,29.180339,-81.046735,9.0,2025-10-27 18:52:35+00:00,66.0,-0.038,896.0,900.0,reapproach,335.0,2025-10-27 14:52:30-04:00
ab0d87_20251027_175729,ab0d87,ERU811,25L,2025-10-27 18:58:22+00:00,2025-10-27 18:59:01+00:00,go_around,False,False,166.0,2025-10-27 18:58:42+00:00,29.180665,-81.045604,14.0,2025-10-27 18:58:51+00:00,191.0,-0.061,960.0,850.0,reapproach,194.0,2025-10-27 14:58:42-04:00
ab14f5_20251027_121822,ab14f5,ERU813,25L,2025-10-27 13:09:57+00:00,2025-10-27 13:10:37+00:00,go_around,False,False,141.0,2025-10-27 13:10:17+00:00,29.180619,-81.04555,9.0,2025-10-27 13:10:21+00:00,166.0,0.039,960.0,825.0,reapproach,243.0,2025-10-27 09:10:17-04:00
ab14f5_20251027_121822,ab14f5,ERU813,25L,2025-10-27 13:14:40+00:00,2025-10-27 13:15:14+00:00,go_around,False,False,91.0,2025-10-27 13:14:57+00:00,29.179781,-81.047597,9.0,2025-10-27 13:15:04+00:00,91.0,-0.12,960.0,825.0,reapproach,197.0,2025-10-27 09:14:57-04:00
ab18ac_20251027_121723,ab18ac,ERU814,07R,2025-10-27 12:21:06+00:00,2025-10-27 12:21:51+00:00,go_around,False,False,141.0,2025-10-27 12:21:35+00:00,29.175568,-81.058132,16.0,2025-10-27 12:21:47+00:00,191.0,-0.197,768.0,775.0,reapproach,262.0,2025-10-27 08:21:35-04:00
ab3506_20251027_182134,ab3506,ERU821,25L,2025-10-27 18:56:51+00:00,2025-10-27 18:57:22+00:00,go_around,False,False,41.0,2025-10-27 18:57:16+00:00,29.17857,-81.050666,12.0,2025-10-27 18:57:16+00:00,41.0,-0.165,896.0,950.0,reapproach,310.0,2025-10-27 14:57:16-04:00
ab4f07_20251027_031323,ab4f07,ERU828,07L,2025-10-27 03:28:31+00:00,2025-10-27 03:32:42+00:00,go_around,False,False,116.0,2025-10-27 03:32:06+00:00,29.169983,-81.084383,14.0,2025-10-27 03:32:13+00:00,141.0,0.223,1152.0,1850.0,reapproach,791.0,2025-10-26 23:32:06-04:00
a57db5_20251028_225428,a57db5,ERU453,34,2025-10-28 23:08:50+00:00,2025-10-28 23:11:45+00:00,go_around,False,False,241.0,2025-10-28 23:11:03+00:00,29.166048,-81.044527,10.0,2025-10-28 23:11:08+00:00,291.0,0.523,1152.0,2350.0,reapproach,1125.0,2025-10-28 19:11:03-04:00
ab4f07_20251028_200629,ab4f07,ERU828,07L,2025-10-28 20:24:46+00:00,2025-10-28 20:28:14+00:00,go_around,False,False,91.0,2025-10-28 20:27:31+00:00,29.170212,-81.082059,14.0,2025-10-28 20:27:37+00:00,116.0,0.13,1088.0,1825.0,reapproach,1189.0,2025-10-28 16:27:31-04:00
ab6b61_20251028_000001,ab6b61,ERU835,07L,2025-10-28 00:03:45+00:00,2025-10-28 00:07:47+00:00,go_around,False,False,91.0,2025-10-28 00:06:34+00:00,29.170303,-81.082957,8.0,2025-10-28 00:06:39+00:00,141.0,0.171,1024.0,1875.0,reapproach,875.0,2025-10-27 20:06:34-04:00
ab9e05_20251028_005819,ab9e05,ERU848,07L,2025-10-28 01:15:46+00:00,2025-10-28 01:19:05+00:00,go_around,False,False,91.0,2025-10-28 01:18:24+00:00,29.170441,-81.082957,13.0,2025-10-28 01:18:32+00:00,166.0,0.087,1088.0,2425.0,reapproach,1171.0,2025-10-27 21:18:24-04:00
ab9e05_20251028_150321,ab9e05,ERU848,07L,2025-10-28 15:21:32+00:00,2025-10-28 15:24:56+00:00,go_around,False,False,91.0,2025-10-28 15:24:09+00:00,29.170807,-81.082059,13.0,2025-10-28 15:24:15+00:00,91.0,0.095,1344.0,1850.0,reapproach,660.0,2025-10-28 11:24:09-04:00
ac3493_20251028_172529,ac3493,ERU886,07L,2025-10-28 17:47:36+00:00,2025-10-28 17:51:31+00:00,go_around,False,False,66.0,2025-10-28 17:50:21+00:00,29.170532,-81.081743,12.0,2025-10-28 17:50:27+00:00,91.0,0.069,1728.0,1875.0,reapproach,1967.0,2025-10-28 13:50:21-04:00
ac4d36_20251028_005413,ac4d36,ERU892,07L,2025-10-28 01:10:29+00:00,2025-10-28 01:13:58+00:00,go_around,False,False,316.0,2025-10-28 01:12:38+00:00,29.168106,-81.088979,16.0,2025-10-28 01:12:49+00:00,391.0,0.37,1024.0,2700.0,reapproach,1046.0,2025-10-27 21:12:38-04:00
a6231f_20251029_175200,a6231f,ERU495,25L,2025-10-29 18:28:52+00:00,2025-10-29 18:29:25+00:00,go_around,False,False,166.0,2025-10-29 18:29:02+00:00,29.181244,-81.043819,9.0,2025-10-29 18:29:09+00:00,166.0,0.07,832.0,775.0,reapproach,146.0,2025-10-29 14:29:02-04:00
ab7686_20251029_162803,ab7686,ERU838,25L,2025-10-29 16:46:57+00:00,2025-10-29 16:48:06+00:00,ga_ambiguous,False,False,91.0,2025-10-29 16:47:38+00:00,29.181473,-81.04329,29.0,2025-10-29 16:48:04+00:00,266.0,-0.251,896.0,850.0,reapproach,316.0,2025-10-29 12:47:38-04:00
a593ff_20251030_230200,a593ff,ERU459,16,2025-10-30 23:21:40+00:00,2025-10-30 23:25:16+00:00,ga_ambiguous,False,False,216.0,2025-10-30 23:24:51+00:00,29.185501,-81.045826,21.0,2025-10-30 23:25:08+00:00,316.0,-0.536,960.0,1750.0,reapproach,775.0,2025-10-30 19:24:51-04:00
ab1c63_20251030_172442,ab1c63,ERU815,16,2025-10-30 17:37:29+00:00,2025-10-30 17:39:49+00:00,go_around,False,False,391.0,2025-10-30 17:39:35+00:00,29.205012,-81.063107,15.0,2025-10-30 17:39:47+00:00,441.0,0.537,1152.0,425.0,reapproach,91.0,2025-10-30 13:39:35-04:00
ab201a_20251031_154333,ab201a,ERU816,25L,2025-10-31 16:33:56+00:00,2025-10-31 16:35:36+00:00,go_around,False,False,241.0,2025-10-31 16:34:55+00:00,29.184296,-81.033056,20.0,2025-10-31 16:35:11+00:00,266.0,0.57,960.0,625.0,reapproach,99.0,2025-10-31 12:34:55-04:00
ab2b3f_20251031_173416,ab2b3f,ERU819,25L,2025-10-31 18:16:10+00:00,2025-10-31 18:17:22+00:00,go_around,False,False,91.0,2025-10-31 18:16:55+00:00,29.181131,-81.044365,15.0,2025-10-31 18:16:59+00:00,191.0,0.115,1088.0,800.0,reapproach,271.0,2025-10-31 14:16:55-04:00
abb6a8_20251031_202356,abb6a8,ERU854,25L,2025-10-31 20:38:52+00:00,2025-10-31 20:39:55+00:00,go_around,False,False,91.0,2025-10-31 20:39:29+00:00,29.181224,-81.044581,8.0,2025-10-31 20:39:33+00:00,116.0,0.117,896.0,875.0,reapproach,330.0,2025-10-31 16:39:29-04:00
ad001e_20251031_131827,ad001e,ERU937,25L,2025-10-31 13:27:06+00:00,2025-10-31 13:28:17+00:00,go_around,False,False,41.0,2025-10-31 13:27:41+00:00,29.182201,-81.041727,11.0,2025-10-31 13:27:47+00:00,41.0,0.282,1152.0,900.0,reapproach,3287.0,2025-10-31 09:27:41-04:00
a5c545_20251101_173503,a5c545,ERU471,07R,2025-11-01 18:13:14+00:00,2025-11-01 18:15:16+00:00,go_around,False,False,66.0,2025-11-01 18:14:44+00:00,29.173822,-81.062245,10.0,2025-11-01 18:14:49+00:00,91.0,0.22,1216.0,900.0,reapproach,136.0,2025-11-01 14:14:44-04:00
a37632_20251102_115325,a37632,ERU322,07L,2025-11-02 12:30:09+00:00,2025-11-02 12:31:30+00:00,go_around,False,False,216.0,2025-11-02 12:30:24+00:00,29.166733,-81.092095,14.0,2025-11-02 12:30:31+00:00,241.0,0.648,1408.0,1775.0,reapproach,714.0,2025-11-02 07:30:24-05:00
a5f07b_20251102_000003,a5f07b,ERU482,07L,2025-11-02 00:34:52+00:00,2025-11-02 00:38:48+00:00,go_around,False,False,316.0,2025-11-02 00:37:26+00:00,29.164719,-81.097641,6.0,2025-11-02 00:37:31+00:00,366.0,1.015,1280.0,1625.0,reapproach,778.0,2025-11-01 20:37:26-04:00
a606c5_20251102_040831,a606c5,ERU488,07L,2025-11-02 04:23:36+00:00,2025-11-02 04:27:59+00:00,go_around,False,False,291.0,2025-11-02 04:26:05+00:00,29.163953,-81.098705,17.0,2025-11-02 04:26:17+00:00,291.0,0.928,1024.0,1650.0,reapproach,631.0,2025-11-02 00:26:05-04:00
a606c5_20251102_040831,a606c5,ERU488,07L,2025-11-02 04:38:30+00:00,2025-11-02 04:42:43+00:00,go_around,False,False,91.0,2025-11-02 04:41:28+00:00,29.170005,-81.084218,15.0,2025-11-02 04:41:36+00:00,116.0,0.159,960.0,1850.0,reapproach,671.0,2025-11-02 00:41:28-04:00
ab6b61_20251102_003950,ab6b61,ERU835,07L,2025-11-02 00:58:03+00:00,2025-11-02 01:01:44+00:00,go_around,False,False,291.0,2025-11-02 01:00:51+00:00,29.16628,-81.092727,15.0,2025-11-02 01:01:01+00:00,366.0,0.642,1152.0,1675.0,reapproach,906.0,2025-11-01 21:00:51-04:00
ab9697_20251102_020608,ab9697,ERU846,07L,2025-11-02 02:18:53+00:00,2025-11-02 02:23:13+00:00,go_around,False,False,266.0,2025-11-02 02:21:29+00:00,29.164856,-81.095898,12.0,2025-11-02 02:21:37+00:00,266.0,0.82,1088.0,1675.0,reapproach,809.0,2025-11-01 22:21:29-04:00
a32734_20251103_221303,a32734,ERU302,34,2025-11-03 23:15:35+00:00,2025-11-03 23:18:36+00:00,ga_ambiguous,False,False,316.0,2025-11-03 23:17:50+00:00,29.160787,-81.041996,23.0,2025-11-03 23:17:58+00:00,341.0,0.77,1152.0,600.0,reapproach,147.0,2025-11-03 18:17:50-05:00
a6108c_20251103_193837,a6108c,ERU490,34,2025-11-03 19:53:42+00:00,2025-11-03 19:55:21+00:00,ga_ambiguous,False,False,241.0,2025-11-03 19:55:19+00:00,29.164884,-81.04415,29.0,2025-11-03 19:55:36+00:00,266.0,0.541,960.0,600.0,reapproach,134.0,2025-11-03 14:55:19-05:00
ab9a4e_20251103_005715,ab9a4e,ERU847,07L,2025-11-03 01:22:38+00:00,2025-11-03 01:26:20+00:00,go_around,False,False,291.0,2025-11-03 01:24:46+00:00,29.165085,-81.095634,17.0,2025-11-03 01:24:59+00:00,341.0,0.706,1536.0,1700.0,reapproach,933.0,2025-11-02 20:24:46-05:00
ab9a4e_20251103_113514,ab9a4e,ERU847,25L,2025-11-03 12:59:42+00:00,2025-11-03 13:00:28+00:00,go_around,False,False,66.0,2025-11-03 13:00:11+00:00,29.180191,-81.046459,10.0,2025-11-03 13:00:17+00:00,66.0,-0.056,896.0,975.0,reapproach,295.0,2025-11-03 08:00:11-05:00
a57290_20251104_003919,a57290,ERU450,07L,2025-11-04 01:18:35+00:00,2025-11-04 01:23:05+00:00,go_around,False,False,91.0,2025-11-04 01:21:51+00:00,29.171173,-81.082218,14.0,2025-11-04 01:22:00+00:00,141.0,0.038,1408.0,1800.0,reapproach,729.0,2025-11-03 20:21:51-05:00
a606c5_20251104_015126,a606c5,ERU488,07R,2025-11-04 02:04:03+00:00,2025-11-04 02:05:42+00:00,go_around,False,False,66.0,2025-11-04 02:05:04+00:00,29.172937,-81.064345,13.0,2025-11-04 02:05:12+00:00,91.0,0.292,1024.0,900.0,reapproach,176.0,2025-11-03 21:05:04-05:00
aafc52_20251104_035154,aafc52,ERU807,07L,2025-11-04 04:04:59+00:00,2025-11-04 04:09:03+00:00,go_around,False,False,91.0,2025-11-04 04:08:11+00:00,29.170853,-81.082059,17.0,2025-11-04 04:08:17+00:00,116.0,0.125,1408.0,1850.0,reapproach,833.0,2025-11-03 23:08:11-05:00
aafc52_20251104_124201,aafc52,ERU807,07L,2025-11-04 13:44:35+00:00,2025-11-04 13:48:20+00:00,go_around,False,False,216.0,2025-11-04 13:47:41+00:00,29.169159,-81.086126,8.0,2025-11-04 13:47:46+00:00,241.0,0.374,1088.0,700.0,reapproach,443.0,2025-11-04 08:47:41-05:00
ab0d87_20251104_023107,ab0d87,ERU811,07L,2025-11-04 02:49:41+00:00,2025-11-04 02:54:05+00:00,go_around,False,False,91.0,2025-11-04 02:52:40+00:00,29.170424,-81.084595,12.0,2025-11-04 02:52:48+00:00,116.0,0.18,1152.0,1800.0,reapproach,2428.0,2025-11-03 21:52:40-05:00
ab0d87_20251104_123634,ab0d87,ERU811,25R,2025-11-04 12:55:33+00:00,2025-11-04 12:56:19+00:00,go_around,False,False,41.0,2025-11-04 12:55:47+00:00,29.185972,-81.044689,7.0,2025-11-04 12:55:53+00:00,41.0,0.065,896.0,1925.0,reapproach,1064.0,2025-11-04 07:55:47-05:00
ab113e_20251104_000006,ab113e,ERU812,07L,2025-11-04 00:37:11+00:00,2025-11-04 00:40:32+00:00,go_around,False,False,466.0,2025-11-04 00:39:17+00:00,29.162979,-81.101074,11.0,2025-11-04 00:39:22+00:00,466.0,1.235,1600.0,1450.0,reapproach,922.0,2025-11-03 19:39:17-05:00
ab201a_20251104_162026,ab201a,ERU816,07R,2025-11-04 16:29:23+00:00,2025-11-04 16:30:01+00:00,go_around,False,False,41.0,2025-11-04 16:29:45+00:00,29.175842,-81.057129,8.0,2025-11-04 16:29:48+00:00,41.0,-0.029,960.0,925.0,reapproach,200.0,2025-11-04 11:29:45-05:00
ab2788_20251104_220052,ab2788,ERU818,07L,2025-11-04 22:13:46+00:00,2025-11-04 22:17:41+00:00,go_around,False,False,91.0,2025-11-04 22:16:59+00:00,29.171173,-81.081795,17.0,2025-11-04 22:17:05+00:00,116.0,0.069,1216.0,2350.0,reapproach,1055.0,2025-11-04 17:16:59-05:00
ab52be_20251104_000114,ab52be,ERU829,07L,2025-11-04 00:23:30+00:00,2025-11-04 00:27:46+00:00,go_around,False,False,91.0,2025-11-04 00:26:40+00:00,29.170441,-81.08338,12.0,2025-11-04 00:26:49+00:00,116.0,0.099,1152.0,1850.0,reapproach,717.0,2025-11-03 19:26:40-05:00
ab87bb_20251104_022404,ab87bb,ERU842,07L,2025-11-04 02:42:05+00:00,2025-11-04 02:45:51+00:00,ga_ambiguous,False,False,166.0,2025-11-04 02:45:07+00:00,29.167677,-81.089711,28.0,2025-11-04 02:45:32+00:00,391.0,0.16,1216.0,1325.0,reapproach,248.0,2025-11-03 21:45:07-05:00
ab9a4e_20251104_041042,ab9a4e,ERU847,07L,2025-11-04 04:45:35+00:00,2025-11-04 04:47:10+00:00,ga_ambiguous,False,False,141.0,2025-11-04 04:45:46+00:00,29.171127,-81.081267,27.0,2025-11-04 04:46:11+00:00,291.0,-0.21,896.0,1825.0,reapproach,935.0,2025-11-03 23:45:46-05:00
ac3493_20251104_043056,ac3493,ERU886,07L,2025-11-04 04:41:45+00:00,2025-11-04 04:45:52+00:00,go_around,False,False,91.0,2025-11-04 04:44:31+00:00,29.170098,-81.084433,10.0,2025-11-04 04:44:36+00:00,116.0,0.28,1344.0,1825.0,reapproach,1920.0,2025-11-03 23:44:31-05:00
ac384a_20251104_114533,ac384a,ERU887,25L,2025-11-04 12:47:16+00:00,2025-11-04 12:48:02+00:00,ga_ambiguous,False,False,116.0,2025-11-04 12:47:47+00:00,29.180008,-81.047093,23.0,2025-11-04 12:48:06+00:00,216.0,-0.379,960.0,850.0,reapproach,228.0,2025-11-04 07:47:47-05:00
ac8d58_20251104_123808,ac8d58,ERU908,25L,2025-11-04 12:58:46+00:00,2025-11-04 12:59:31+00:00,go_around,False,False,316.0,2025-11-04 12:59:08+00:00,29.181736,-81.042804,10.0,2025-11-04 12:59:17+00:00,341.0,0.083,960.0,1600.0,reapproach,1270.0,2025-11-04 07:59:08-05:00
ad1c78_20251104_025538,ad1c78,ERU944,07L,2025-11-04 03:09:53+00:00,2025-11-04 03:13:16+00:00,go_around,False,False,91.0,2025-11-04 03:12:39+00:00,29.170029,-81.083538,14.0,2025-11-04 03:12:47+00:00,116.0,0.19,1280.0,1825.0,reapproach,944.0,2025-11-03 22:12:39-05:00
ad1c78_20251104_025538,ad1c78,ERU944,16,2025-11-04 03:29:00+00:00,2025-11-04 03:31:25+00:00,ga_ambiguous,False,False,441.0,2025-11-04 03:30:44+00:00,29.209579,-81.065052,27.0,2025-11-04 03:31:07+00:00,466.0,0.569,1216.0,1450.0,reapproach,1322.0,2025-11-03 22:30:44-05:00
a48aab_20251105_184843,a48aab,ERU392,07R,2025-11-05 19:29:36+00:00,2025-11-05 19:30:14+00:00,go_around,False,False,241.0,2025-11-05 19:29:47+00:00,29.174744,-81.06014,7.0,2025-11-05 19:29:52+00:00,266.0,0.096,1216.0,650.0,reapproach,126.0,2025-11-05 14:29:47-05:00
a5527f_20251105_165653,a5527f,ERU442,07R,2025-11-05 17:16:26+00:00,2025-11-05 17:17:17+00:00,go_around,False,False,41.0,2025-11-05 17:16:41+00:00,29.172844,-81.064722,19.0,2025-11-05 17:16:55+00:00,116.0,0.168,1152.0,900.0,reapproach,234.0,2025-11-05 12:16:41-05:00
a6231f_20251105_204702,a6231f,ERU495,07L,2025-11-05 21:31:36+00:00,2025-11-05 21:35:04+00:00,go_around,False,False,291.0,2025-11-05 21:34:09+00:00,29.166141,-81.093696,7.0,2025-11-05 21:34:14+00:00,341.0,0.792,1344.0,1650.0,reapproach,1143.0,2025-11-05 16:34:09-05:00
ab2b3f_20251105_204532,ab2b3f,ERU819,07L,2025-11-05 21:00:53+00:00,2025-11-05 21:04:51+00:00,go_around,False,False,191.0,2025-11-05 21:03:35+00:00,29.169213,-81.086318,11.0,2025-11-05 21:03:41+00:00,241.0,0.362,896.0,1750.0,reapproach,721.0,2025-11-05 16:03:35-05:00
acc9c3_20251105_145459,acc9c3,ERU923,07R,2025-11-05 15:39:20+00:00,2025-11-05 15:40:14+00:00,ga_ambiguous,False,False,116.0,2025-11-05 15:39:54+00:00,29.175797,-81.057921,28.0,2025-11-05 15:40:15+00:00,266.0,-0.315,832.0,850.0,reapproach,183.0,2025-11-05 10:39:54-05:00
a5527f_20251106_145518,a5527f,ERU442,25L,2025-11-06 15:17:30+00:00,2025-11-06 15:18:15+00:00,ga_ambiguous,False,False,41.0,2025-11-06 15:18:13+00:00,29.177872,-81.05212,22.0,2025-11-06 15:18:35+00:00,216.0,-0.752,1344.0,800.0,reapproach,174.0,2025-11-06 10:18:13-05:00
ab113e_20251106_030924,ab113e,ERU812,07L,2025-11-06 03:25:33+00:00,2025-11-06 03:29:44+00:00,go_around,False,False,66.0,2025-11-06 03:28:33+00:00,29.171219,-81.081056,12.0,2025-11-06 03:28:38+00:00,116.0,0.07,1280.0,1850.0,reapproach,746.0,2025-11-05 22:28:33-05:00
ab7686_20251106_163549,ab7686,ERU838,07R,2025-11-06 16:39:17+00:00,2025-11-06 16:40:19+00:00,go_around,False,False,191.0,2025-11-06 16:39:53+00:00,29.174101,-81.06133,11.0,2025-11-06 16:40:00+00:00,216.0,0.118,832.0,750.0,reapproach,235.0,2025-11-06 11:39:53-05:00
ac54a4_20251106_020319,ac54a4,ERU894,07L,2025-11-06 02:16:53+00:00,2025-11-06 02:19:01+00:00,go_around,False,False,791.0,2025-11-06 02:18:33+00:00,29.156662,-81.117237,19.0,2025-11-06 02:18:42+00:00,816.0,2.055,1152.0,800.0,reapproach,742.0,2025-11-05 21:18:33-05:00
ab0d87_20251107_223923,ab0d87,ERU811,07L,2025-11-07 23:26:55+00:00,2025-11-07 23:28:33+00:00,go_around,False,False,741.0,2025-11-07 23:28:04+00:00,29.156365,-81.119115,15.0,2025-11-07 23:28:15+00:00,941.0,2.11,1344.0,1250.0,reapproach,564.0,2025-11-07 18:28:04-05:00
ab38bd_20251107_133313,ab38bd,ERU822,07R,2025-11-07 13:36:40+00:00,2025-11-07 13:37:20+00:00,go_around,False,False,91.0,2025-11-07 13:36:57+00:00,29.175498,-81.057991,8.0,2025-11-07 13:37:02+00:00,141.0,-0.03,1024.0,2225.0,reapproach,2439.0,2025-11-07 08:36:57-05:00
ad52d3_20251107_000001,ad52d3,ERU958,07L,2025-11-07 01:04:08+00:00,2025-11-07 01:08:47+00:00,go_around,False,False,66.0,2025-11-07 01:07:29+00:00,29.171355,-81.080502,14.0,2025-11-07 01:07:35+00:00,91.0,0.031,896.0,2375.0,reapproach,652.0,2025-11-06 20:07:29-05:00
ab14f5_20251108_031851,ab14f5,ERU813,07L,2025-11-08 03:56:47+00:00,2025-11-08 04:00:19+00:00,go_around,False,False,91.0,2025-11-08 03:59:20+00:00,29.170761,-81.082165,13.0,2025-11-08 03:59:26+00:00,116.0,0.088,1088.0,1037.5,leg_end,,2025-11-07 22:59:20-05:00
ab3506_20251108_170004,ab3506,ERU821,25R,2025-11-08 17:59:00+00:00,2025-11-08 18:02:08+00:00,ga_ambiguous,False,False,266.0,2025-11-08 18:01:37+00:00,29.186371,-81.043924,22.0,2025-11-08 18:01:58+00:00,416.0,-0.179,1600.0,1700.0,reapproach,434.0,2025-11-08 13:01:37-05:00
ac2d25_20251108_002823,ac2d25,ERU884,07L,2025-11-08 00:42:56+00:00,2025-11-08 00:45:44+00:00,go_around,False,False,141.0,2025-11-08 00:45:12+00:00,29.169958,-81.084218,15.0,2025-11-08 00:45:19+00:00,166.0,0.218,1024.0,1925.0,reapproach,711.0,2025-11-07 19:45:12-05:00
ac770e_20251108_131629,ac770e,ERU902,25L,2025-11-08 13:39:55+00:00,2025-11-08 13:41:23+00:00,go_around,False,False,66.0,2025-11-08 13:41:23+00:00,29.181061,-81.044452,10.0,2025-11-08 13:41:23+00:00,66.0,0.193,896.0,950.0,reapproach,314.0,2025-11-08 08:41:23-05:00
ac770e_20251108_131629,ac770e,ERU902,25L,2025-11-08 14:40:21+00:00,2025-11-08 14:41:46+00:00,go_around,False,False,466.0,2025-11-08 14:41:46+00:00,29.185638,-81.033889,1.0,2025-11-08 14:41:46+00:00,466.0,0.811,960.0,525.0,reapproach,299.0,2025-11-08 09:41:46-05:00
ac8d58_20251108_171039,ac8d58,ERU908,07R,2025-11-08 18:44:34+00:00,2025-11-08 18:45:22+00:00,go_around,False,False,366.0,2025-11-08 18:44:49+00:00,29.173124,-81.063915,10.0,2025-11-08 18:44:58+00:00,366.0,0.225,832.0,600.0,reapproach,313.0,2025-11-08 13:44:49-05:00
ad6f2d_20251108_214025,ad6f2d,ERU965,07R,2025-11-08 22:46:50+00:00,2025-11-08 22:47:34+00:00,go_around,False,False,41.0,2025-11-08 22:47:15+00:00,29.175613,-81.057921,8.0,2025-11-08 22:47:21+00:00,66.0,-0.055,832.0,925.0,reapproach,199.0,2025-11-08 17:47:15-05:00
ab201a_20251109_013930,ab201a,ERU816,07L,2025-11-09 02:14:21+00:00,2025-11-09 02:17:04+00:00,go_around,False,False,191.0,2025-11-09 02:16:28+00:00,29.168427,-81.089454,13.0,2025-11-09 02:16:38+00:00,191.0,0.355,1280.0,1775.0,reapproach,687.0,2025-11-08 21:16:28-05:00
abd302_20251109_034545,abd302,ERU861,16,2025-11-09 03:58:20+00:00,2025-11-09 04:00:12+00:00,go_around,False,False,566.0,2025-11-09 03:59:51+00:00,29.221166,-81.070862,16.0,2025-11-09 04:00:02+00:00,616.0,1.68,960.0,1375.0,reapproach,686.0,2025-11-08 22:59:51-05:00
ad6f2d_20251109_014428,ad6f2d,ERU965,07L,2025-11-09 02:03:07+00:00,2025-11-09 02:06:17+00:00,go_around,False,False,466.0,2025-11-09 02:05:09+00:00,29.168003,-81.089388,9.0,2025-11-09 02:05:15+00:00,466.0,0.478,1216.0,1575.0,reapproach,685.0,2025-11-08 21:05:09-05:00
ad52d3_20251110_004700,ad52d3,ERU958,25R,2025-11-10 01:50:41+00:00,2025-11-10 01:51:33+00:00,go_around,False,False,91.0,2025-11-10 01:51:17+00:00,29.184174,-81.049048,11.0,2025-11-10 01:51:17+00:00,91.0,-0.068,1088.0,900.0,reapproach,227.0,2025-11-09 20:51:17-05:00
ad8f3e_20251110_035055,ad8f3e,ERU973,07L,2025-11-10 04:25:09+00:00,2025-11-10 04:28:17+00:00,go_around,False,False,91.0,2025-11-10 04:27:14+00:00,29.170258,-81.084542,11.0,2025-11-10 04:27:20+00:00,141.0,0.207,1152.0,2525.0,reapproach,1063.0,2025-11-09 23:27:14-05:00
a606c5_20251111_170415,a606c5,ERU488,34,2025-11-11 17:48:28+00:00,2025-11-11 17:51:21+00:00,ga_ambiguous,False,False,291.0,2025-11-11 17:50:36+00:00,29.155655,-81.03954,22.0,2025-11-11 17:50:50+00:00,316.0,0.991,1664.0,1400.0,reapproach,609.0,2025-11-11 12:50:36-05:00
a5f07b_20251112_035335,a5f07b,ERU482,25R,2025-11-12 04:20:19+00:00,2025-11-12 04:21:40+00:00,go_around,False,False,341.0,2025-11-12 04:20:59+00:00,29.18816,-81.039088,9.0,2025-11-12 04:21:06+00:00,366.0,0.357,960.0,550.0,reapproach,124.0,2025-11-11 23:20:59-05:00
ab6b61_20251112_040108,ab6b61,ERU835,25L,2025-11-12 04:37:43+00:00,2025-11-12 04:38:35+00:00,go_around,False,False,141.0,2025-11-12 04:38:13+00:00,29.180386,-81.045819,12.0,2025-11-12 04:38:19+00:00,166.0,0.003,1024.0,850.0,reapproach,210.0,2025-11-11 23:38:13-05:00
ab87bb_20251112_185347,ab87bb,ERU842,25L,2025-11-12 18:57:26+00:00,2025-11-12 18:59:06+00:00,go_around,False,False,66.0,2025-11-12 18:58:31+00:00,29.182667,-81.040488,15.0,2025-11-12 18:58:38+00:00,91.0,0.314,896.0,900.0,reapproach,249.0,2025-11-12 13:58:31-05:00
ab9a4e_20251112_172057,ab9a4e,ERU847,25L,2025-11-12 17:24:10+00:00,2025-11-12 17:25:05+00:00,ga_ambiguous,False,False,141.0,2025-11-12 17:24:25+00:00,29.182755,-81.038273,21.0,2025-11-12 17:24:43+00:00,191.0,0.193,1152.0,675.0,reapproach,120.0,2025-11-12 12:24:25-05:00
abb6a8_20251112_042613,abb6a8,ERU854,25R,2025-11-12 05:08:18+00:00,2025-11-12 05:09:02+00:00,go_around,False,False,166.0,2025-11-12 05:08:34+00:00,29.186205,-81.043935,9.0,2025-11-12 05:08:42+00:00,241.0,0.034,1216.0,1300.0,reapproach,675.0,2025-11-12 00:08:34-05:00
ac30dc_20251112_195149,ac30dc,ERU885,25L,2025-11-12 20:02:57+00:00,2025-11-12 20:03:53+00:00,go_around,False,False,66.0,2025-11-12 20:03:53+00:00,29.180712,-81.044958,10.0,2025-11-12 20:03:53+00:00,66.0,0.16,1024.0,875.0,reapproach,259.0,2025-11-12 15:03:53-05:00
a32734_20251113_115822,a32734,ERU302,25R,2025-11-13 13:16:56+00:00,2025-11-13 13:20:15+00:00,go_around,False,False,66.0,2025-11-13 13:19:54+00:00,29.186019,-81.044473,5.0,2025-11-13 13:19:55+00:00,66.0,0.171,1152.0,900.0,reapproach,32.0,2025-11-13 08:19:54-05:00
a32734_20251113_153215,a32734,ERU302,25R,2025-11-13 15:45:02+00:00,2025-11-13 15:48:05+00:00,go_around,False,False,216.0,2025-11-13 15:47:28+00:00,29.19072,-81.033096,12.0,2025-11-13 15:47:34+00:00,266.0,0.644,1600.0,1350.0,reapproach,233.0,2025-11-13 10:47:28-05:00
a57290_20251113_194815,a57290,ERU450,07L,2025-11-13 20:03:25+00:00,2025-11-13 20:06:12+00:00,go_around,False,False,116.0,2025-11-13 20:04:46+00:00,29.170563,-81.082656,9.0,2025-11-13 20:04:50+00:00,141.0,0.203,1088.0,850.0,reapproach,203.0,2025-11-13 15:04:46-05:00
a5d7d8_20251113_001748,a5d7d8,ERU476,25R,2025-11-13 01:34:23+00:00,2025-11-13 01:36:13+00:00,go_around,False,False,266.0,2025-11-13 01:35:00+00:00,29.19104,-81.032304,19.0,2025-11-13 01:35:11+00:00,291.0,0.739,1280.0,1700.0,reapproach,363.0,2025-11-12 20:35:00-05:00
a3526a_20251114_141206,a3526a,ERU313,07L,2025-11-14 15:20:28+00:00,2025-11-14 15:23:38+00:00,go_around,False,False,416.0,2025-11-14 15:22:30+00:00,29.163345,-81.100546,10.0,2025-11-14 15:22:38+00:00,441.0,1.092,1600.0,1550.0,reapproach,1596.0,2025-11-14 10:22:30-05:00
a5d421_20251114_141915,a5d421,ERU475,25L,2025-11-14 14:28:52+00:00,2025-11-14 14:29:52+00:00,go_around,False,False,141.0,2025-11-14 14:29:24+00:00,29.181456,-81.043181,10.0,2025-11-14 14:29:31+00:00,191.0,0.092,960.0,800.0,reapproach,212.0,2025-11-14 09:29:24-05:00
ab87bb_20251114_040903,ab87bb,ERU842,07L,2025-11-14 04:24:00+00:00,2025-11-14 04:27:53+00:00,go_around,False,False,66.0,2025-11-14 04:26:48+00:00,29.171587,-81.080286,12.0,2025-11-14 04:26:54+00:00,66.0,-0.024,1280.0,1875.0,reapproach,997.0,2025-11-13 23:26:48-05:00
a54b11_20251115_184103,a54b11,ERU440,07R,2025-11-15 18:50:08+00:00,2025-11-15 18:51:15+00:00,ga_ambiguous,False,False,216.0,2025-11-15 18:50:24+00:00,29.171029,-81.069085,23.0,2025-11-15 18:50:42+00:00,266.0,0.372,960.0,700.0,reapproach,174.0,2025-11-15 13:50:24-05:00
a5a17d_20251115_164757,a5a17d,ERU462,07L,2025-11-15 17:01:48+00:00,2025-11-15 17:05:54+00:00,go_around,False,False,66.0,2025-11-15 17:04:47+00:00,29.171585,-81.079947,11.0,2025-11-15 17:04:51+00:00,91.0,0.015,1216.0,2350.0,reapproach,3261.0,2025-11-15 12:04:47-05:00
a5d421_20251115_192615,a5d421,ERU475,07R,2025-11-15 19:29:38+00:00,2025-11-15 19:30:36+00:00,go_around,False,False,66.0,2025-11-15 19:29:57+00:00,29.17317,-81.064022,16.0,2025-11-15 19:30:06+00:00,91.0,0.265,1024.0,875.0,reapproach,251.0,2025-11-15 14:29:57-05:00
a5d7d8_20251115_232613,a5d7d8,ERU476,07R,2025-11-15 23:34:51+00:00,2025-11-15 23:35:20+00:00,go_around,False,False,41.0,2025-11-15 23:35:03+00:00,29.176056,-81.056967,9.0,2025-11-15 23:35:09+00:00,41.0,-0.098,960.0,900.0,reapproach,207.0,2025-11-15 18:35:03-05:00
ab5c85_20251115_142330,ab5c85,ERU831,07R,2025-11-15 16:12:06+00:00,2025-11-15 16:14:07+00:00,go_around,False,False,41.0,2025-11-15 16:13:38+00:00,29.174515,-81.060562,13.0,2025-11-15 16:13:47+00:00,41.0,0.073,1088.0,900.0,reapproach,211.0,2025-11-15 11:13:38-05:00
ac4d36_20251115_211116,ac4d36,ERU892,07L,2025-11-15 22:20:07+00:00,2025-11-15 22:21:47+00:00,go_around,False,False,516.0,2025-11-15 22:21:05+00:00,29.164605,-81.098328,14.0,2025-11-15 22:21:14+00:00,566.0,0.973,1024.0,1500.0,reapproach,320.0,2025-11-15 17:21:05-05:00
ad52d3_20251115_163701,ad52d3,ERU958,07L,2025-11-15 16:44:27+00:00,2025-11-15 16:46:00+00:00,go_around,False,False,191.0,2025-11-15 16:44:58+00:00,29.173077,-81.076678,9.0,2025-11-15 16:45:04+00:00,191.0,-0.158,1088.0,750.0,reapproach,262.0,2025-11-15 11:44:58-05:00
a39033_20251116_181936,a39033,ERU329,25R,2025-11-16 18:36:08+00:00,2025-11-16 18:39:25+00:00,go_around,False,False,166.0,2025-11-16 18:38:41+00:00,29.188019,-81.039435,16.0,2025-11-16 18:38:47+00:00,191.0,0.372,1152.0,900.0,reapproach,339.0,2025-11-16 13:38:41-05:00
a5b7c7_20251116_182204,a5b7c7,ERU468,25L,2025-11-16 18:46:41+00:00,2025-11-16 18:48:58+00:00,go_around,False,False,41.0,2025-11-16 18:48:40+00:00,29.1802,-81.046627,4.0,2025-11-16 18:48:43+00:00,41.0,0.01,1216.0,1975.0,reapproach,3342.0,2025-11-16 13:48:40-05:00
a6231f_20251116_002439,a6231f,ERU495,07R,2025-11-16 00:38:51+00:00,2025-11-16 00:40:53+00:00,go_around,False,False,66.0,2025-11-16 00:40:13+00:00,29.173141,-81.064154,14.0,2025-11-16 00:40:19+00:00,141.0,0.315,896.0,850.0,reapproach,272.0,2025-11-15 19:40:13-05:00
ac770e_20251116_205626,ac770e,ERU902,25L,2025-11-16 21:19:15+00:00,2025-11-16 21:21:19+00:00,go_around,False,False,91.0,2025-11-16 21:21:19+00:00,29.182574,-81.040596,14.0,2025-11-16 21:21:19+00:00,91.0,0.415,1024.0,1925.0,reapproach,2204.0,2025-11-16 16:21:19-05:00
ac770e_20251116_205626,ac770e,ERU902,25L,2025-11-16 22:00:40+00:00,2025-11-16 22:02:15+00:00,go_around,False,False,141.0,2025-11-16 22:02:13+00:00,29.182388,-81.041242,17.0,2025-11-16 22:02:30+00:00,141.0,-0.711,1088.0,825.0,reapproach,223.0,2025-11-16 17:02:13-05:00
a4b0cc_20251117_135813,a4b0cc,ERU401,25L,2025-11-17 15:32:52+00:00,2025-11-17 15:33:47+00:00,ga_ambiguous,False,False,66.0,2025-11-17 15:33:28+00:00,29.180293,-81.046789,25.0,2025-11-17 15:33:50+00:00,191.0,-0.361,960.0,900.0,reapproach,204.0,2025-11-17 10:33:28-05:00
a59a0f_20251117_000001,a59a0f,ERU460,16,2025-11-17 00:20:06+00:00,2025-11-17 00:22:36+00:00,go_around,False,False,216.0,2025-11-17 00:22:29+00:00,29.201248,-81.061249,11.0,2025-11-17 00:22:34+00:00,266.0,0.548,1088.0,1025.0,reapproach,86.0,2025-11-16 19:22:29-05:00
a6108c_20251117_230840,a6108c,ERU490,07L,2025-11-17 23:26:57+00:00,2025-11-17 23:30:07+00:00,go_around,False,False,91.0,2025-11-17 23:29:33+00:00,29.169865,-81.084702,10.0,2025-11-17 23:29:39+00:00,166.0,0.244,1600.0,2800.0,reapproach,1130.0,2025-11-17 18:29:33-05:00
a61443_20251117_130450,a61443,ERU491,25R,2025-11-17 13:28:04+00:00,2025-11-17 13:29:07+00:00,go_around,False,False,41.0,2025-11-17 13:28:39+00:00,29.185553,-81.045712,10.0,2025-11-17 13:28:44+00:00,41.0,0.031,832.0,2175.0,reapproach,836.0,2025-11-17 08:28:39-05:00
ab3506_20251117_161620,ab3506,ERU821,07R,2025-11-17 17:44:04+00:00,2025-11-17 17:45:23+00:00,ga_ambiguous,False,False,191.0,2025-11-17 17:44:36+00:00,29.171681,-81.067523,28.0,2025-11-17 17:44:57+00:00,291.0,0.236,832.0,1725.0,reapproach,691.0,2025-11-17 12:44:36-05:00
ac05a6_20251117_232025,ac05a6,ERU874,07L,2025-11-17 23:34:07+00:00,2025-11-17 23:38:20+00:00,go_around,False,False,91.0,2025-11-17 23:37:02+00:00,29.170237,-81.083841,13.0,2025-11-17 23:37:08+00:00,91.0,0.204,1280.0,1850.0,reapproach,882.0,2025-11-17 18:37:02-05:00
ad52d3_20251117_224002,ad52d3,ERU958,07L,2025-11-17 23:24:26+00:00,2025-11-17 23:28:09+00:00,ga_ambiguous,False,False,266.0,2025-11-17 23:27:02+00:00,29.164698,-81.094127,24.0,2025-11-17 23:27:24+00:00,316.0,0.442,1472.0,1650.0,reapproach,742.0,2025-11-17 18:27:02-05:00
a4b83a_20251118_000001,a4b83a,ERU403,07L,2025-11-18 00:23:28+00:00,2025-11-18 00:25:13+00:00,go_around,False,False,66.0,2025-11-18 00:24:01+00:00,29.17099,-81.081743,13.0,2025-11-18 00:24:08+00:00,66.0,0.073,1024.0,875.0,reapproach,140.0,2025-11-17 19:24:01-05:00
a50381_20251118_211018,a50381,ERU422,07L,2025-11-18 22:08:47+00:00,2025-11-18 22:12:42+00:00,go_around,False,False,116.0,2025-11-18 22:11:26+00:00,29.169912,-81.083625,13.0,2025-11-18 22:11:33+00:00,141.0,0.173,1536.0,1850.0,reapproach,780.0,2025-11-18 17:11:26-05:00
ab113e_20251118_000001,ab113e,ERU812,07L,2025-11-18 00:02:01+00:00,2025-11-18 00:06:02+00:00,go_around,False,False,66.0,2025-11-18 00:04:42+00:00,29.170166,-81.083855,8.0,2025-11-18 00:04:48+00:00,91.0,0.221,1536.0,2075.0,reapproach,997.0,2025-11-17 19:04:42-05:00
ab113e_20251118_000001,ab113e,ERU812,07L,2025-11-18 00:22:39+00:00,2025-11-18 00:26:43+00:00,go_around,False,False,91.0,2025-11-18 00:25:20+00:00,29.170349,-81.083697,11.0,2025-11-18 00:25:24+00:00,141.0,0.227,1472.0,2475.0,reapproach,877.0,2025-11-17 19:25:20-05:00
ab113e_20251118_194424,ab113e,ERU812,07L,2025-11-18 19:58:28+00:00,2025-11-18 20:02:23+00:00,go_around,False,False,91.0,2025-11-18 20:01:03+00:00,29.170166,-81.083644,14.0,2025-11-18 20:01:11+00:00,116.0,0.156,1152.0,2350.0,reapproach,1384.0,2025-11-18 15:01:03-05:00
ad1c78_20251118_213035,ad1c78,ERU944,07L,2025-11-18 22:06:40+00:00,2025-11-18 22:10:08+00:00,go_around,False,False,216.0,2025-11-18 22:09:25+00:00,29.16777,-81.089442,11.0,2025-11-18 22:09:30+00:00,216.0,0.575,1088.0,1700.0,reapproach,762.0,2025-11-18 17:09:25-05:00
ad8f3e_20251118_183733,ad8f3e,ERU973,07L,2025-11-18 19:29:00+00:00,2025-11-18 19:30:57+00:00,ga_ambiguous,False,False,266.0,2025-11-18 19:29:58+00:00,29.173187,-81.076091,27.0,2025-11-18 19:30:21+00:00,416.0,-0.563,1088.0,675.0,reapproach,263.0,2025-11-18 14:29:58-05:00
a57db5_20251119_211250,a57db5,ERU453,07R,2025-11-19 21:16:09+00:00,2025-11-19 21:16:58+00:00,go_around,False,False,91.0,2025-11-19 21:16:34+00:00,29.173589,-81.062837,5.0,2025-11-19 21:16:39+00:00,141.0,0.192,1856.0,875.0,reapproach,219.0,2025-11-19 16:16:34-05:00
a57db5_20251119_211250,a57db5,ERU453,07R,2025-11-19 21:46:14+00:00,2025-11-19 21:48:15+00:00,go_around,False,False,166.0,2025-11-19 21:47:43+00:00,29.173263,-81.063699,8.0,2025-11-19 21:47:48+00:00,191.0,0.274,1152.0,800.0,reapproach,186.0,2025-11-19 16:47:43-05:00
a59a0f_20251119_034139,a59a0f,ERU460,07L,2025-11-19 03:56:42+00:00,2025-11-19 04:00:32+00:00,go_around,False,False,91.0,2025-11-19 03:59:39+00:00,29.170944,-81.082852,15.0,2025-11-19 03:59:46+00:00,116.0,0.087,1408.0,1825.0,reapproach,1534.0,2025-11-18 22:59:39-05:00
a5b7c7_20251119_135510,a5b7c7,ERU468,25L,2025-11-19 14:40:01+00:00,2025-11-19 14:41:31+00:00,go_around,False,False,41.0,2025-11-19 14:41:04+00:00,29.181519,-81.043396,15.0,2025-11-19 14:41:12+00:00,41.0,0.135,896.0,950.0,reapproach,252.0,2025-11-19 09:41:04-05:00
abd302_20251119_162044,abd302,ERU861,25L,2025-11-19 16:23:47+00:00,2025-11-19 16:24:24+00:00,go_around,False,False,116.0,2025-11-19 16:24:04+00:00,29.180283,-81.046354,11.0,2025-11-19 16:24:10+00:00,191.0,-0.017,1024.0,775.0,reapproach,384.0,2025-11-19 11:24:04-05:00
abf0ba_20251119_211738,abf0ba,ERU869,07L,2025-11-19 21:54:43+00:00,2025-11-19 21:55:51+00:00,go_around,False,False,66.0,2025-11-19 21:55:26+00:00,29.172409,-81.078151,13.0,2025-11-19 21:55:34+00:00,91.0,-0.18,1088.0,2275.0,reapproach,847.0,2025-11-19 16:55:26-05:00
ac1482_20251119_000001,ac1482,ERU878,07L,2025-11-19 00:04:43+00:00,2025-11-19 00:07:51+00:00,go_around,False,False,541.0,2025-11-19 00:06:17+00:00,29.161148,-81.105458,16.0,2025-11-19 00:06:25+00:00,591.0,1.392,1088.0,1450.0,reapproach,988.0,2025-11-18 19:06:17-05:00
ac30dc_20251119_023811,ac30dc,ERU885,07L,2025-11-19 02:55:11+00:00,2025-11-19 02:59:07+00:00,go_around,False,False,116.0,2025-11-19 02:57:51+00:00,29.169754,-81.084278,14.0,2025-11-19 02:57:59+00:00,141.0,0.182,1024.0,2400.0,reapproach,965.0,2025-11-18 21:57:51-05:00
ad52d3_20251119_164514,ad52d3,ERU958,25L,2025-11-19 16:52:17+00:00,2025-11-19 16:52:49+00:00,go_around,False,False,116.0,2025-11-19 16:52:27+00:00,29.180665,-81.045604,9.0,2025-11-19 16:52:33+00:00,141.0,0.061,1024.0,800.0,reapproach,184.0,2025-11-19 11:52:27-05:00
a39033_20251120_212956,a39033,ERU329,07L,2025-11-20 21:42:37+00:00,2025-11-20 21:44:47+00:00,go_around,False,False,666.0,2025-11-20 21:43:59+00:00,29.157808,-81.114646,13.0,2025-11-20 21:44:04+00:00,716.0,1.968,1344.0,1825.0,reapproach,672.0,2025-11-20 16:43:59-05:00
a57290_20251120_120208,a57290,ERU450,25L,2025-11-20 13:10:41+00:00,2025-11-20 13:11:47+00:00,go_around,False,False,266.0,2025-11-20 13:11:25+00:00,29.180898,-81.044958,9.0,2025-11-20 13:11:30+00:00,266.0,0.054,832.0,650.0,reapproach,179.0,2025-11-20 08:11:25-05:00
a59a0f_20251120_213038,a59a0f,ERU460,07L,2025-11-20 21:44:43+00:00,2025-11-20 21:47:49+00:00,go_around,False,False,91.0,2025-11-20 21:47:19+00:00,29.17012,-81.084067,10.0,2025-11-20 21:47:25+00:00,116.0,0.211,1024.0,1875.0,reapproach,1937.0,2025-11-20 16:47:19-05:00
ab52be_20251120_010618,ab52be,ERU829,07L,2025-11-20 01:29:51+00:00,2025-11-20 01:32:44+00:00,go_around,False,False,66.0,2025-11-20 01:32:19+00:00,29.170796,-81.082548,11.0,2025-11-20 01:32:24+00:00,116.0,0.14,1408.0,1875.0,reapproach,646.0,2025-11-19 20:32:19-05:00
ab87bb_20251120_135424,ab87bb,ERU842,25L,2025-11-20 14:16:11+00:00,2025-11-20 14:16:40+00:00,ga_ambiguous,False,False,66.0,2025-11-20 14:16:24+00:00,29.179874,-81.047489,25.0,2025-11-20 14:16:44+00:00,191.0,-0.371,768.0,825.0,reapproach,179.0,2025-11-20 09:16:24-05:00
ab87bb_20251120_135424,ab87bb,ERU842,25L,2025-11-20 14:28:28+00:00,2025-11-20 14:29:29+00:00,go_around,False,False,116.0,2025-11-20 14:29:15+00:00,29.179734,-81.047597,10.0,2025-11-20 14:29:20+00:00,166.0,-0.093,1024.0,800.0,reapproach,237.0,2025-11-20 09:29:15-05:00
ac05a6_20251120_135639,ac05a6,ERU874,25L,2025-11-20 14:13:45+00:00,2025-11-20 14:14:11+00:00,go_around,False,False,141.0,2025-11-20 14:13:50+00:00,29.180851,-81.044904,8.0,2025-11-20 14:13:55+00:00,166.0,0.033,1024.0,750.0,reapproach,437.0,2025-11-20 09:13:50-05:00
a4dfb9_20251121_211346,a4dfb9,ERU413,07L,2025-11-21 21:57:26+00:00,2025-11-21 22:00:28+00:00,go_around,False,False,241.0,2025-11-21 21:59:50+00:00,29.16893,-81.08713,15.0,2025-11-21 21:59:57+00:00,241.0,0.353,960.0,1800.0,reapproach,687.0,2025-11-21 16:59:50-05:00
a5b059_20251121_155920,a5b059,ERU466,25L,2025-11-21 16:02:27+00:00,2025-11-21 16:02:59+00:00,ga_ambiguous,False,False,116.0,2025-11-21 16:02:40+00:00,29.180374,-81.046195,27.0,2025-11-21 16:03:05+00:00,291.0,-0.424,1216.0,800.0,reapproach,147.0,2025-11-21 11:02:40-05:00
a606c5_20251121_220010,a606c5,ERU488,07R,2025-11-21 22:28:22+00:00,2025-11-21 22:29:11+00:00,go_around,False,False,66.0,2025-11-21 22:28:49+00:00,29.175293,-81.058661,8.0,2025-11-21 22:28:54+00:00,91.0,0.02,1088.0,900.0,reapproach,348.0,2025-11-21 17:28:49-05:00
a6231f_20251121_000555,a6231f,ERU495,07L,2025-11-21 01:12:46+00:00,2025-11-21 01:17:05+00:00,go_around,False,False,141.0,2025-11-21 01:15:40+00:00,29.169388,-81.085968,18.0,2025-11-21 01:15:45+00:00,166.0,0.352,896.0,2275.0,reapproach,907.0,2025-11-20 20:15:40-05:00
ab113e_20251121_231426,ab113e,ERU812,07L,2025-11-21 23:33:22+00:00,2025-11-21 23:36:53+00:00,go_around,False,False,166.0,2025-11-21 23:35:37+00:00,29.168515,-81.087234,10.0,2025-11-21 23:35:46+00:00,191.0,0.315,1600.0,1775.0,reapproach,635.0,2025-11-21 18:35:37-05:00
ab4b50_20251121_210754,ab4b50,ERU827,07L,2025-11-21 21:23:30+00:00,2025-11-21 21:26:22+00:00,go_around,False,False,291.0,2025-11-21 21:25:34+00:00,29.167145,-81.090986,19.0,2025-11-21 21:25:47+00:00,341.0,0.439,1280.0,1650.0,reapproach,3106.0,2025-11-21 16:25:34-05:00
ab6f18_20251121_221735,ab6f18,ERU836,07L,2025-11-21 22:42:06+00:00,2025-11-21 22:44:56+00:00,go_around,False,False,91.0,2025-11-21 22:44:29+00:00,29.17012,-81.083538,16.0,2025-11-21 22:44:35+00:00,116.0,0.181,1408.0,1875.0,reapproach,1207.0,2025-11-21 17:44:29-05:00
ab7a3d_20251121_025733,ab7a3d,ERU839,16,2025-11-21 04:56:11+00:00,2025-11-21 04:59:38+00:00,go_around,False,False,241.0,2025-11-21 04:58:48+00:00,29.204041,-81.062675,10.0,2025-11-21 04:58:52+00:00,241.0,0.728,896.0,1700.0,reapproach,744.0,2025-11-20 23:58:48-05:00
ac1e49_20251121_232041,ac1e49,ERU880,07L,2025-11-21 23:44:10+00:00,2025-11-21 23:47:05+00:00,ga_ambiguous,False,False,91.0,2025-11-21 23:46:39+00:00,29.170424,-81.082818,29.0,2025-11-21 23:47:04+00:00,391.0,-0.263,768.0,1950.0,leg_end,,2025-11-21 18:46:39-05:00
ac2d25_20251121_232339,ac2d25,ERU884,07L,2025-11-21 23:39:46+00:00,2025-11-21 23:42:16+00:00,go_around,False,False,666.0,2025-11-21 23:41:05+00:00,29.160648,-81.107429,10.0,2025-11-21 23:41:10+00:00,691.0,1.555,1280.0,1375.0,reapproach,618.0,2025-11-21 18:41:05-05:00
a368b4_20251122_143201,a368b4,ERU319,25R,2025-11-22 15:45:36+00:00,2025-11-22 15:48:46+00:00,go_around,False,False,241.0,2025-11-22 15:48:14+00:00,29.190811,-81.032779,12.0,2025-11-22 15:48:24+00:00,291.0,0.641,1152.0,1800.0,reapproach,901.0,2025-11-22 10:48:14-05:00
a4b83a_20251122_010800,a4b83a,ERU403,16,2025-11-22 01:29:38+00:00,2025-11-22 01:31:48+00:00,go_around,False,False,441.0,2025-11-22 01:31:33+00:00,29.21516,-81.068223,18.0,2025-11-22 01:31:45+00:00,466.0,1.301,896.0,1500.0,reapproach,797.0,2025-11-21 20:31:33-05:00
a4b83a_20251122_010800,a4b83a,ERU403,16,2025-11-22 01:45:05+00:00,2025-11-22 01:47:21+00:00,ga_ambiguous,False,False,441.0,2025-11-22 01:47:04+00:00,29.213928,-81.06801,25.0,2025-11-22 01:47:21+00:00,491.0,1.073,768.0,600.0,reapproach,1266.0,2025-11-21 20:47:04-05:00
a50381_20251122_024241,a50381,ERU422,07R,2025-11-22 02:46:10+00:00,2025-11-22 02:47:03+00:00,go_around,False,False,66.0,2025-11-22 02:46:40+00:00,29.174846,-81.059606,11.0,2025-11-22 02:46:47+00:00,91.0,0.034,1088.0,825.0,reapproach,155.0,2025-11-21 21:46:40-05:00
a55636_20251122_005241,a55636,ERU443,07L,2025-11-22 01:49:24+00:00,2025-11-22 01:52:31+00:00,go_around,False,False,466.0,2025-11-22 01:51:33+00:00,29.165163,-81.096712,12.0,2025-11-22 01:51:40+00:00,466.0,0.885,1152.0,1475.0,reapproach,728.0,2025-11-21 20:51:33-05:00
a57290_20251122_005517,a57290,ERU450,07L,2025-11-22 01:10:55+00:00,2025-11-22 01:14:10+00:00,go_around,False,False,466.0,2025-11-22 01:12:57+00:00,29.162789,-81.10479,9.0,2025-11-22 01:13:01+00:00,516.0,1.406,1024.0,1500.0,reapproach,1002.0,2025-11-21 20:12:57-05:00
a593ff_20251122_010227,a593ff,ERU459,07L,2025-11-22 01:27:05+00:00,2025-11-22 01:30:09+00:00,go_around,False,False,591.0,2025-11-22 01:29:07+00:00,29.16372,-81.100051,8.0,2025-11-22 01:29:12+00:00,591.0,1.134,1472.0,1425.0,reapproach,726.0,2025-11-21 20:29:07-05:00
ab1c63_20251122_004235,ab1c63,ERU815,07R,2025-11-22 01:03:31+00:00,2025-11-22 01:03:52+00:00,go_around,False,False,191.0,2025-11-22 01:03:50+00:00,29.177732,-81.052659,6.0,2025-11-22 01:03:53+00:00,191.0,-0.319,832.0,725.0,reapproach,118.0,2025-11-21 20:03:50-05:00
ab201a_20251122_000002,ab201a,ERU816,07L,2025-11-22 00:07:06+00:00,2025-11-22 00:10:59+00:00,go_around,False,False,116.0,2025-11-22 00:09:48+00:00,29.169865,-81.083571,15.0,2025-11-22 00:09:51+00:00,116.0,0.282,1088.0,1900.0,reapproach,1055.0,2025-11-21 19:09:48-05:00
ab2788_20251122_013613,ab2788,ERU818,07L,2025-11-22 02:24:02+00:00,2025-11-22 02:27:46+00:00,go_around,False,False,66.0,2025-11-22 02:26:39+00:00,29.170656,-81.083141,12.0,2025-11-22 02:26:45+00:00,91.0,0.144,896.0,1875.0,reapproach,1054.0,2025-11-21 21:26:39-05:00
ab4b50_20251122_004502,ab4b50,ERU827,07L,2025-11-22 01:13:43+00:00,2025-11-22 01:17:23+00:00,go_around,False,False,391.0,2025-11-22 01:15:47+00:00,29.165582,-81.09655,12.0,2025-11-22 01:15:54+00:00,416.0,0.889,960.0,1575.0,reapproach,1044.0,2025-11-21 20:15:47-05:00
ac1e49_20251122_020847,ac1e49,ERU880,07L,2025-11-22 03:04:15+00:00,2025-11-22 03:07:22+00:00,go_around,False,False,91.0,2025-11-22 03:07:02+00:00,29.171127,-81.081954,10.0,2025-11-22 03:07:07+00:00,91.0,0.08,960.0,1850.0,reapproach,642.0,2025-11-21 22:07:02-05:00
a50381_20251123_001927,a50381,ERU422,25R,2025-11-23 01:44:00+00:00,2025-11-23 01:46:27+00:00,go_around,False,False,291.0,2025-11-23 01:45:31+00:00,29.193793,-81.025247,10.0,2025-11-23 01:45:37+00:00,316.0,1.18,1600.0,1550.0,reapproach,284.0,2025-11-22 20:45:31-05:00
a5c8fc_20251123_193157,a5c8fc,ERU472,07L,2025-11-23 19:47:48+00:00,2025-11-23 19:51:47+00:00,ga_ambiguous,False,False,241.0,2025-11-23 19:50:07+00:00,29.166275,-81.093415,23.0,2025-11-23 19:50:24+00:00,316.0,0.496,1344.0,2750.0,reapproach,860.0,2025-11-23 14:50:07-05:00
ab6b61_20251123_192631,ab6b61,ERU835,07L,2025-11-23 19:43:26+00:00,2025-11-23 19:46:41+00:00,go_around,False,False,91.0,2025-11-23 19:46:14+00:00,29.170395,-81.08301,15.0,2025-11-23 19:46:23+00:00,116.0,0.085,1216.0,1850.0,reapproach,757.0,2025-11-23 14:46:14-05:00
a4b83a_20251124_014056,a4b83a,ERU403,07R,2025-11-24 01:52:07+00:00,2025-11-24 01:52:46+00:00,go_around,False,False,216.0,2025-11-24 01:52:16+00:00,29.172891,-81.064399,11.0,2025-11-24 01:52:24+00:00,241.0,0.247,1216.0,700.0,reapproach,187.0,2025-11-23 20:52:16-05:00
ab201a_20251124_222757,ab201a,ERU816,07L,2025-11-24 23:06:58+00:00,2025-11-24 23:10:33+00:00,go_around,False,False,441.0,2025-11-24 23:09:07+00:00,29.162338,-81.103451,11.0,2025-11-24 23:09:16+00:00,441.0,1.272,1152.0,1525.0,reapproach,680.0,2025-11-24 18:09:07-05:00
ab7686_20251124_031041,ab7686,ERU838,07L,2025-11-24 03:29:39+00:00,2025-11-24 03:33:01+00:00,go_around,False,False,91.0,2025-11-24 03:32:18+00:00,29.169891,-81.083908,9.0,2025-11-24 03:32:23+00:00,116.0,0.217,1280.0,1450.0,reapproach,646.0,2025-11-23 22:32:18-05:00
abba5f_20251124_222315,abba5f,ERU855,07L,2025-11-24 22:36:49+00:00,2025-11-24 22:40:25+00:00,go_around,False,False,391.0,2025-11-24 22:39:11+00:00,29.163712,-81.098856,10.0,2025-11-24 22:39:16+00:00,441.0,1.113,1216.0,1550.0,reapproach,798.0,2025-11-24 17:39:11-05:00
abba5f_20251124_222315,abba5f,ERU855,07L,2025-11-24 22:53:43+00:00,2025-11-24 22:57:57+00:00,go_around,False,False,91.0,2025-11-24 22:56:37+00:00,29.169912,-81.084433,12.0,2025-11-24 22:56:44+00:00,116.0,0.204,1344.0,1850.0,reapproach,707.0,2025-11-24 17:56:37-05:00
abba5f_20251124_222315,abba5f,ERU855,07L,2025-11-24 23:09:44+00:00,2025-11-24 23:12:43+00:00,go_around,False,False,541.0,2025-11-24 23:11:28+00:00,29.158506,-81.112545,12.0,2025-11-24 23:11:32+00:00,566.0,1.927,1152.0,1400.0,reapproach,267.0,2025-11-24 18:11:28-05:00
acf4f9_20251124_230839,acf4f9,ERU934,07L,2025-11-24 23:55:24+00:00,2025-11-24 23:57:46+00:00,go_around,False,False,791.0,2025-11-24 23:56:50+00:00,29.154503,-81.122131,12.0,2025-11-24 23:56:56+00:00,841.0,2.432,832.0,1175.0,leg_end,,2025-11-24 18:56:50-05:00
ad001e_20251124_233629,ad001e,ERU937,07L,2025-11-24 23:51:25+00:00,2025-11-24 23:54:49+00:00,go_around,False,False,566.0,2025-11-24 23:53:28+00:00,29.15981,-81.110606,18.0,2025-11-24 23:53:35+00:00,591.0,1.74,1280.0,1375.0,leg_end,,2025-11-24 18:53:28-05:00
a4dfb9_20251125_015303,a4dfb9,ERU413,07L,2025-11-25 02:13:02+00:00,2025-11-25 02:16:28+00:00,go_around,False,False,341.0,2025-11-25 02:15:47+00:00,29.165349,-81.096335,17.0,2025-11-25 02:15:58+00:00,391.0,0.828,1216.0,1675.0,reapproach,708.0,2025-11-24 21:15:47-05:00
a5b059_20251125_010056,a5b059,ERU466,07L,2025-11-25 01:55:01+00:00,2025-11-25 01:58:47+00:00,go_around,False,False,341.0,2025-11-25 01:57:49+00:00,29.165176,-81.096215,17.0,2025-11-25 01:57:58+00:00,366.0,0.869,1216.0,1675.0,reapproach,674.0,2025-11-24 20:57:49-05:00
a5c545_20251125_210040,a5c545,ERU471,07R,2025-11-25 21:13:05+00:00,2025-11-25 21:14:13+00:00,go_around,False,False,116.0,2025-11-25 21:13:35+00:00,29.173775,-81.062461,10.0,2025-11-25 21:13:42+00:00,116.0,0.194,768.0,850.0,reapproach,152.0,2025-11-25 16:13:35-05:00
a5c545_20251125_210040,a5c545,ERU471,07R,2025-11-25 21:40:02+00:00,2025-11-25 21:40:49+00:00,go_around,False,False,66.0,2025-11-25 21:40:24+00:00,29.174744,-81.060034,11.0,2025-11-25 21:40:28+00:00,91.0,0.109,832.0,875.0,reapproach,166.0,2025-11-25 16:40:24-05:00
a6231f_20251125_221605,a6231f,ERU495,07L,2025-11-25 22:44:35+00:00,2025-11-25 22:47:56+00:00,go_around,False,False,291.0,2025-11-25 22:47:40+00:00,29.172099,-81.079209,12.0,2025-11-25 22:47:44+00:00,316.0,-0.02,1536.0,1975.0,reapproach,1484.0,2025-11-25 17:47:40-05:00
ab63f3_20251125_000003,ab63f3,ERU833,16,2025-11-25 00:07:04+00:00,2025-11-25 00:09:29+00:00,go_around,False,False,466.0,2025-11-25 00:09:14+00:00,29.216034,-81.068327,11.0,2025-11-25 00:09:18+00:00,516.0,1.528,1088.0,1525.0,reapproach,1147.0,2025-11-24 19:09:14-05:00
ab63f3_20251125_043621,ab63f3,ERU833,07L,2025-11-25 05:13:52+00:00,2025-11-25 05:17:15+00:00,go_around,False,False,91.0,2025-11-25 05:16:44+00:00,29.170284,-81.083733,14.0,2025-11-25 05:16:50+00:00,141.0,0.179,1280.0,1875.0,reapproach,1077.0,2025-11-25 00:16:44-05:00
ab7a3d_20251125_021103,ab7a3d,ERU839,07L,2025-11-25 02:23:41+00:00,2025-11-25 02:25:36+00:00,go_around,False,False,716.0,2025-11-25 02:25:21+00:00,29.15657,-81.117554,14.0,2025-11-25 02:25:27+00:00,791.0,2.171,1280.0,875.0,reapproach,517.0,2025-11-24 21:25:21-05:00
abb6a8_20251125_003214,abb6a8,ERU854,07L,2025-11-25 00:51:34+00:00,2025-11-25 00:55:55+00:00,go_around,False,False,91.0,2025-11-25 00:54:48+00:00,29.170715,-81.082271,13.0,2025-11-25 00:54:55+00:00,116.0,0.066,1344.0,1875.0,reapproach,1229.0,2025-11-24 19:54:48-05:00
abf0ba_20251125_193750,abf0ba,ERU869,07R,2025-11-25 20:21:35+00:00,2025-11-25 20:21:55+00:00,go_around,False,False,166.0,2025-11-25 20:21:38+00:00,29.173589,-81.062999,19.0,2025-11-25 20:21:56+00:00,41.0,-0.467,896.0,725.0,reapproach,197.0,2025-11-25 15:21:38-05:00
ac05a6_20251125_164103,ac05a6,ERU874,25R,2025-11-25 17:53:33+00:00,2025-11-25 17:54:18+00:00,go_around,False,False,191.0,2025-11-25 17:53:53+00:00,29.185913,-81.044716,7.0,2025-11-25 17:53:57+00:00,241.0,0.066,832.0,2175.0,reapproach,2158.0,2025-11-25 12:53:53-05:00
ac3493_20251125_000001,ac3493,ERU886,07L,2025-11-25 00:57:12+00:00,2025-11-25 01:01:16+00:00,go_around,False,False,141.0,2025-11-25 01:00:03+00:00,29.169167,-81.086749,13.0,2025-11-25 01:00:11+00:00,191.0,0.31,896.0,1825.0,reapproach,1087.0,2025-11-24 20:00:03-05:00
ad1c78_20251125_171501,ad1c78,ERU944,25L,2025-11-25 18:06:38+00:00,2025-11-25 18:07:23+00:00,go_around,False,False,191.0,2025-11-25 18:07:04+00:00,29.180283,-81.046618,3.0,2025-11-25 18:07:07+00:00,191.0,0.014,1088.0,775.0,reapproach,252.0,2025-11-25 13:07:04-05:00
ab113e_20251126_005052,ab113e,ERU812,07L,2025-11-26 01:01:49+00:00,2025-11-26 01:02:21+00:00,go_around,False,False,91.0,2025-11-26 01:02:00+00:00,29.17186,-81.07963,12.0,2025-11-26 01:02:09+00:00,116.0,-0.063,1088.0,1875.0,reapproach,712.0,2025-11-25 20:02:00-05:00
ab113e_20251126_024726,ab113e,ERU812,07L,2025-11-26 03:02:42+00:00,2025-11-26 03:06:22+00:00,go_around,False,False,66.0,2025-11-26 03:05:35+00:00,29.170843,-81.081633,14.0,2025-11-26 03:05:39+00:00,116.0,0.11,1152.0,1875.0,reapproach,1130.0,2025-11-25 22:05:35-05:00
ab113e_20251126_024726,ab113e,ERU812,07L,2025-11-26 03:25:12+00:00,2025-11-26 03:28:12+00:00,go_around,False,False,91.0,2025-11-26 03:27:43+00:00,29.169891,-81.083961,11.0,2025-11-26 03:27:52+00:00,116.0,0.121,896.0,2225.0,reapproach,1227.0,2025-11-25 22:27:43-05:00
ab4799_20251126_000001,ab4799,ERU826,07L,2025-11-26 00:06:01+00:00,2025-11-26 00:09:01+00:00,ga_ambiguous,False,False,341.0,2025-11-26 00:08:09+00:00,29.166183,-81.094049,27.0,2025-11-26 00:08:33+00:00,416.0,0.321,1280.0,1650.0,reapproach,1164.0,2025-11-25 19:08:09-05:00
ab52be_20251126_000001,ab52be,ERU829,07L,2025-11-26 00:11:54+00:00,2025-11-26 00:14:53+00:00,go_around,False,False,116.0,2025-11-26 00:14:26+00:00,29.170284,-81.08341,13.0,2025-11-26 00:14:34+00:00,116.0,0.126,1088.0,1850.0,reapproach,1002.0,2025-11-25 19:14:26-05:00
ab603c_20251126_003931,ab603c,ERU832,07R,2025-11-26 00:43:40+00:00,2025-11-26 00:44:55+00:00,go_around,False,False,191.0,2025-11-26 00:44:21+00:00,29.172937,-81.064453,17.0,2025-11-26 00:44:29+00:00,216.0,0.286,960.0,1350.0,reapproach,204.0,2025-11-25 19:44:21-05:00
ab6f18_20251126_033613,ab6f18,ERU836,07L,2025-11-26 04:06:45+00:00,2025-11-26 04:09:51+00:00,go_around,False,False,91.0,2025-11-26 04:09:29+00:00,29.171075,-81.082117,14.0,2025-11-26 04:09:36+00:00,116.0,0.113,1088.0,1875.0,reapproach,616.0,2025-11-25 23:09:29-05:00
ab9a4e_20251126_045509,ab9a4e,ERU847,07L,2025-11-26 05:26:03+00:00,2025-11-26 05:28:53+00:00,go_around,False,False,41.0,2025-11-26 05:28:29+00:00,29.17067,-81.082324,8.0,2025-11-26 05:28:34+00:00,91.0,0.12,960.0,1950.0,reapproach,626.0,2025-11-26 00:28:29-05:00
abbe16_20251126_030505,abbe16,ERU856,07L,2025-11-26 03:22:37+00:00,2025-11-26 03:25:49+00:00,go_around,False,False,66.0,2025-11-26 03:25:26+00:00,29.170761,-81.081901,12.0,2025-11-26 03:25:31+00:00,91.0,0.105,960.0,2425.0,reapproach,1114.0,2025-11-25 22:25:26-05:00
ac384a_20251126_210947,ac384a,ERU887,25L,2025-11-26 21:13:04+00:00,2025-11-26 21:14:15+00:00,go_around,False,False,66.0,2025-11-26 21:13:55+00:00,29.181061,-81.044611,2.0,2025-11-26 21:13:57+00:00,66.0,0.106,896.0,875.0,reapproach,191.0,2025-11-26 16:13:55-05:00
ac384a_20251126_210947,ac384a,ERU887,25L,2025-11-26 22:35:12+00:00,2025-11-26 22:35:50+00:00,go_around,False,False,41.0,2025-11-26 22:35:32+00:00,29.179967,-81.046843,7.0,2025-11-26 22:35:35+00:00,41.0,-0.007,896.0,900.0,reapproach,144.0,2025-11-26 17:35:32-05:00
ad001e_20251126_005838,ad001e,ERU937,07L,2025-11-26 01:45:33+00:00,2025-11-26 01:48:48+00:00,go_around,False,False,41.0,2025-11-26 01:48:28+00:00,29.171122,-81.081202,11.0,2025-11-26 01:48:34+00:00,66.0,0.027,1088.0,1900.0,reapproach,792.0,2025-11-25 20:48:28-05:00
ab4b50_20251129_164828,ab4b50,ERU827,07R,2025-11-29 16:57:24+00:00,2025-11-29 16:59:06+00:00,go_around,False,False,241.0,2025-11-29 16:58:37+00:00,29.174613,-81.060252,8.0,2025-11-29 16:58:42+00:00,266.0,0.125,1216.0,700.0,reapproach,175.0,2025-11-29 11:58:37-05:00
ac384a_20251129_033009,ac384a,ERU887,34,2025-11-29 03:42:53+00:00,2025-11-29 03:46:57+00:00,go_around,False,False,191.0,2025-11-29 03:46:17+00:00,29.167584,-81.045173,20.0,2025-11-29 03:46:31+00:00,216.0,0.21,1408.0,2175.0,reapproach,776.0,2025-11-28 22:46:17-05:00
ac5fc9_20251129_213845,ac5fc9,ERU897,16,2025-11-29 21:51:35+00:00,2025-11-29 21:54:04+00:00,go_around,False,False,416.0,2025-11-29 21:53:41+00:00,29.213857,-81.0672,18.0,2025-11-29 21:53:53+00:00,466.0,1.177,1216.0,1475.0,reapproach,1058.0,2025-11-29 16:53:41-05:00
ab314f_20251130_191329,ab314f,ERU820,07L,2025-11-30 19:43:53+00:00,2025-11-30 19:48:06+00:00,go_around,False,False,66.0,2025-11-30 19:46:51+00:00,29.170843,-81.082117,13.0,2025-11-30 19:46:57+00:00,141.0,0.121,1024.0,1450.0,reapproach,746.0,2025-11-30 14:46:51-05:00
ac384a_20251130_210526,ac384a,ERU887,07L,2025-11-30 22:08:38+00:00,2025-11-30 22:12:55+00:00,go_around,False,False,116.0,2025-11-30 22:11:36+00:00,29.169891,-81.084331,12.0,2025-11-30 22:11:44+00:00,116.0,0.159,960.0,1850.0,reapproach,714.0,2025-11-30 17:11:36-05:00
ad4f1c_20251130_210257,ad4f1c,ERU957,07L,2025-11-30 21:20:09+00:00,2025-11-30 21:24:21+00:00,go_around,False,False,116.0,2025-11-30 21:23:04+00:00,29.1698,-81.084331,13.0,2025-11-30 21:23:10+00:00,141.0,0.225,1024.0,1825.0,reapproach,771.0,2025-11-30 16:23:04-05:00
ad8f3e_20251130_205948,ad8f3e,ERU973,07L,2025-11-30 22:46:39+00:00,2025-11-30 22:50:54+00:00,go_around,False,False,66.0,2025-11-30 22:49:40+00:00,29.170936,-81.081902,13.0,2025-11-30 22:49:48+00:00,116.0,0.036,1088.0,2875.0,reapproach,1220.0,2025-11-30 17:49:40-05:00
ab2b3f_20251201_231156,ab2b3f,ERU819,07L,2025-12-01 23:41:41+00:00,2025-12-01 23:45:38+00:00,go_around,False,False,366.0,2025-12-01 23:44:32+00:00,29.164627,-81.097166,16.0,2025-12-01 23:44:41+00:00,391.0,0.892,1152.0,1650.0,reapproach,626.0,2025-12-01 18:44:32-05:00
ac3493_20251201_013634,ac3493,ERU886,07L,2025-12-01 05:44:29+00:00,2025-12-01 05:48:03+00:00,go_around,False,False,141.0,2025-12-01 05:47:25+00:00,29.169167,-81.08648,14.0,2025-12-01 05:47:34+00:00,141.0,0.31,960.0,1775.0,reapproach,694.0,2025-12-01 00:47:25-05:00
ad4f1c_20251201_000014,ad4f1c,ERU957,07L,2025-12-01 00:45:28+00:00,2025-12-01 00:49:15+00:00,go_around,False,False,116.0,2025-12-01 00:48:27+00:00,29.172053,-81.079425,11.0,2025-12-01 00:48:32+00:00,166.0,-0.024,1472.0,825.0,reapproach,134.0,2025-11-30 19:48:27-05:00
ab4799_20251202_005041,ab4799,ERU826,07L,2025-12-02 02:28:44+00:00,2025-12-02 02:32:58+00:00,go_around,False,False,66.0,2025-12-02 02:31:41+00:00,29.171356,-81.080475,10.0,2025-12-02 02:31:45+00:00,91.0,0.052,1280.0,2825.0,reapproach,1266.0,2025-12-01 21:31:41-05:00
abbe16_20251202_121419,abbe16,ERU856,25L,2025-12-02 12:18:08+00:00,2025-12-02 12:18:58+00:00,go_around,False,False,91.0,2025-12-02 12:18:25+00:00,29.182993,-81.039895,17.0,2025-12-02 12:18:39+00:00,141.0,0.16,1728.0,875.0,reapproach,490.0,2025-12-02 07:18:25-05:00
ac1e49_20251202_052830,ac1e49,ERU880,07L,2025-12-02 05:51:56+00:00,2025-12-02 05:54:58+00:00,go_around,False,False,66.0,2025-12-02 05:54:35+00:00,29.171402,-81.081056,13.0,2025-12-02 05:54:41+00:00,91.0,0.022,1408.0,1950.0,reapproach,301.0,2025-12-02 00:54:35-05:00
ac770e_20251202_034325,ac770e,ERU902,07L,2025-12-02 03:55:54+00:00,2025-12-02 04:00:01+00:00,go_around,False,False,66.0,2025-12-02 03:58:53+00:00,29.170889,-81.081633,14.0,2025-12-02 03:59:04+00:00,91.0,-0.105,1088.0,1825.0,reapproach,750.0,2025-12-01 22:58:53-05:00
ac8233_20251202_040136,ac8233,ERU905,07L,2025-12-02 04:17:07+00:00,2025-12-02 04:20:28+00:00,go_around,False,False,66.0,2025-12-02 04:20:12+00:00,29.172089,-81.078521,14.0,2025-12-02 04:20:21+00:00,91.0,-0.21,960.0,1500.0,reapproach,1225.0,2025-12-01 23:20:12-05:00
a4e370_20251203_232207,a4e370,ERU414,07L,2025-12-03 23:51:33+00:00,2025-12-03 23:55:42+00:00,go_around,False,False,116.0,2025-12-03 23:54:33+00:00,29.170191,-81.083787,12.0,2025-12-03 23:54:40+00:00,166.0,0.173,1216.0,2800.0,leg_end,,2025-12-03 18:54:33-05:00
ab201a_20251203_172451,ab201a,ERU816,07R,2025-12-03 17:28:32+00:00,2025-12-03 17:29:07+00:00,go_around,False,False,116.0,2025-12-03 17:28:45+00:00,29.174986,-81.059283,9.0,2025-12-03 17:28:52+00:00,166.0,-0.008,1216.0,825.0,reapproach,312.0,2025-12-03 12:28:45-05:00
ab4f07_20251203_035537,ab4f07,ERU828,34,2025-12-03 04:03:28+00:00,2025-12-03 04:05:10+00:00,go_around,False,False,591.0,2025-12-03 04:04:22+00:00,29.145676,-81.033519,18.0,2025-12-03 04:04:34+00:00,616.0,1.719,960.0,325.0,reapproach,92.0,2025-12-02 23:04:22-05:00
ac8d58_20251203_162708,ac8d58,ERU908,07R,2025-12-03 17:02:05+00:00,2025-12-03 17:02:50+00:00,ga_ambiguous,False,False,41.0,2025-12-03 17:02:34+00:00,29.175777,-81.057506,29.0,2025-12-03 17:02:59+00:00,166.0,-0.495,1408.0,850.0,reapproach,309.0,2025-12-03 12:02:34-05:00
ac8d58_20251203_162708,ac8d58,ERU908,07R,2025-12-03 17:25:00+00:00,2025-12-03 17:25:41+00:00,go_around,False,False,141.0,2025-12-03 17:25:23+00:00,29.175247,-81.058713,6.0,2025-12-03 17:25:27+00:00,141.0,0.007,1472.0,800.0,reapproach,248.0,2025-12-03 12:25:23-05:00
a48aab_20251204_042953,a48aab,ERU392,07L,2025-12-04 05:04:56+00:00,2025-12-04 05:09:01+00:00,go_around,False,False,316.0,2025-12-04 05:07:35+00:00,29.166048,-81.093858,12.0,2025-12-04 05:07:41+00:00,341.0,0.78,1152.0,1675.0,reapproach,828.0,2025-12-04 00:07:35-05:00
ab0d87_20251204_115839,ab0d87,ERU811,07R,2025-12-04 13:11:22+00:00,2025-12-04 13:16:00+00:00,go_around,False,False,366.0,2025-12-04 13:14:50+00:00,29.167398,-81.078024,20.0,2025-12-04 13:15:00+00:00,391.0,1.038,896.0,575.0,reapproach,273.0,2025-12-04 08:14:50-05:00
ab7a3d_20251204_000001,ab7a3d,ERU839,07L,2025-12-04 00:00:01+00:00,2025-12-04 00:03:08+00:00,go_around,False,False,91.0,2025-12-04 00:01:51+00:00,29.170191,-81.083679,11.0,2025-12-04 00:01:57+00:00,116.0,0.159,1280.0,1800.0,reapproach,849.0,2025-12-03 19:01:51-05:00
ad52d3_20251204_133452,ad52d3,ERU958,07L,2025-12-04 14:50:17+00:00,2025-12-04 14:51:46+00:00,go_around,False,False,41.0,2025-12-04 14:50:48+00:00,29.172332,-81.078294,9.0,2025-12-04 14:50:53+00:00,66.0,-0.102,896.0,950.0,reapproach,328.0,2025-12-04 09:50:48-05:00
a5d421_20251205_041921,a5d421,ERU475,07L,2025-12-05 04:36:08+00:00,2025-12-05 04:39:33+00:00,go_around,False,False,66.0,2025-12-05 04:39:11+00:00,29.170796,-81.08201,10.0,2025-12-05 04:39:16+00:00,91.0,0.113,960.0,1875.0,reapproach,1928.0,2025-12-04 23:39:11-05:00
ab9a4e_20251205_014815,ab9a4e,ERU847,07L,2025-12-05 02:08:03+00:00,2025-12-05 02:12:09+00:00,go_around,False,False,241.0,2025-12-05 02:10:40+00:00,29.166746,-81.092134,13.0,2025-12-05 02:10:48+00:00,291.0,0.644,1408.0,1675.0,reapproach,1022.0,2025-12-04 21:10:40-05:00
ab9e05_20251205_211112,ab9e05,ERU848,25L,2025-12-05 21:43:12+00:00,2025-12-05 21:43:57+00:00,go_around,False,False,91.0,2025-12-05 21:43:24+00:00,29.181224,-81.043342,9.0,2025-12-05 21:43:29+00:00,116.0,0.154,960.0,850.0,reapproach,144.0,2025-12-05 16:43:24-05:00
ac384a_20251205_041301,ac384a,ERU887,07L,2025-12-05 06:16:32+00:00,2025-12-05 06:20:06+00:00,go_around,False,False,91.0,2025-12-05 06:19:31+00:00,29.170377,-81.083033,12.0,2025-12-05 06:19:36+00:00,116.0,0.181,1088.0,1850.0,reapproach,902.0,2025-12-05 01:19:31-05:00
acf4f9_20251205_170114,acf4f9,ERU934,25L,2025-12-05 17:05:00+00:00,2025-12-05 17:05:46+00:00,go_around,False,False,116.0,2025-12-05 17:05:10+00:00,29.181643,-81.041403,12.0,2025-12-05 17:05:15+00:00,116.0,0.259,960.0,850.0,reapproach,315.0,2025-12-05 12:05:10-05:00
a61bb1_20251206_000001,a61bb1,ERU493,25L,2025-12-06 00:35:14+00:00,2025-12-06 00:36:45+00:00,go_around,False,False,141.0,2025-12-06 00:35:51+00:00,29.183533,-81.038325,20.0,2025-12-06 00:36:00+00:00,166.0,0.396,832.0,825.0,reapproach,168.0,2025-12-05 19:35:51-05:00
ab7a3d_20251206_005343,ab7a3d,ERU839,25R,2025-12-06 01:30:20+00:00,2025-12-06 01:31:20+00:00,ga_ambiguous,False,False,216.0,2025-12-06 01:30:36+00:00,29.187601,-81.040757,28.0,2025-12-06 01:31:00+00:00,316.0,-0.018,832.0,1350.0,reapproach,937.0,2025-12-05 20:30:36-05:00
ac384a_20251206_203135,ac384a,ERU887,34,2025-12-06 21:17:55+00:00,2025-12-06 21:21:55+00:00,go_around,False,False,216.0,2025-12-06 21:21:03+00:00,29.16358,-81.043504,13.0,2025-12-06 21:21:08+00:00,266.0,0.661,960.0,2675.0,reapproach,943.0,2025-12-06 16:21:03-05:00
ac5fc9_20251206_233555,ac5fc9,ERU897,07L,2025-12-06 23:52:28+00:00,2025-12-06 23:56:28+00:00,go_around,False,False,91.0,2025-12-06 23:55:46+00:00,29.169891,-81.084067,13.0,2025-12-06 23:55:51+00:00,141.0,0.244,1344.0,1775.0,leg_end,,2025-12-06 18:55:46-05:00
ac384a_20251207_000905,ac384a,ERU887,34,2025-12-07 01:08:36+00:00,2025-12-07 01:11:04+00:00,go_around,False,False,341.0,2025-12-07 01:10:03+00:00,29.146545,-81.034364,9.0,2025-12-07 01:10:07+00:00,366.0,1.829,1344.0,1650.0,reapproach,859.0,2025-12-06 20:10:03-05:00
ac384a_20251207_205424,ac384a,ERU887,07L,2025-12-07 21:39:29+00:00,2025-12-07 21:42:57+00:00,go_around,False,False,116.0,2025-12-07 21:42:23+00:00,29.169912,-81.084218,14.0,2025-12-07 21:42:27+00:00,141.0,0.291,960.0,1400.0,reapproach,633.0,2025-12-07 16:42:23-05:00
ac8233_20251207_002322,ac8233,ERU905,34,2025-12-07 00:41:50+00:00,2025-12-07 00:45:50+00:00,ga_ambiguous,False,False,241.0,2025-12-07 00:45:32+00:00,29.17452,-81.048566,23.0,2025-12-07 00:45:38+00:00,316.0,-0.05,1216.0,1675.0,reapproach,882.0,2025-12-06 19:45:32-05:00
ac05a6_20251208_190220,ac05a6,ERU874,07L,2025-12-08 19:29:03+00:00,2025-12-08 19:32:31+00:00,go_around,False,False,366.0,2025-12-08 19:31:22+00:00,29.164186,-81.098705,6.0,2025-12-08 19:31:27+00:00,391.0,1.073,1408.0,1700.0,reapproach,770.0,2025-12-08 14:31:22-05:00
ad03d5_20251208_112118,ad03d5,ERU938,07L,2025-12-08 11:35:39+00:00,2025-12-08 11:39:27+00:00,go_around,False,False,91.0,2025-12-08 11:38:34+00:00,29.169912,-81.083356,14.0,2025-12-08 11:38:42+00:00,141.0,0.128,1280.0,1825.0,reapproach,2777.0,2025-12-08 06:38:34-05:00
a54b11_20251209_114439,a54b11,ERU440,07R,2025-12-09 12:47:48+00:00,2025-12-09 12:50:12+00:00,ga_ambiguous,False,False,66.0,2025-12-09 12:49:49+00:00,29.175385,-81.058449,28.0,2025-12-09 12:50:11+00:00,266.0,-0.266,1216.0,900.0,reapproach,284.0,2025-12-09 07:49:49-05:00
a6108c_20251209_185233,a6108c,ERU490,07L,2025-12-09 19:17:22+00:00,2025-12-09 19:21:12+00:00,go_around,False,False,316.0,2025-12-09 19:20:06+00:00,29.164698,-81.095635,11.0,2025-12-09 19:20:13+00:00,366.0,0.867,1408.0,1625.0,reapproach,913.0,2025-12-09 14:20:06-05:00
a6108c_20251209_185233,a6108c,ERU490,07L,2025-12-09 19:36:25+00:00,2025-12-09 19:40:21+00:00,go_around,False,False,241.0,2025-12-09 19:39:26+00:00,29.166979,-81.091219,13.0,2025-12-09 19:39:31+00:00,266.0,0.667,1408.0,1675.0,reapproach,890.0,2025-12-09 14:39:26-05:00
ab402b_20251209_112044,ab402b,ERU824,07L,2025-12-09 11:37:50+00:00,2025-12-09 11:42:10+00:00,go_around,False,False,66.0,2025-12-09 11:41:22+00:00,29.170703,-81.082656,12.0,2025-12-09 11:41:28+00:00,116.0,0.14,1536.0,2325.0,reapproach,2947.0,2025-12-09 06:41:22-05:00
a3526a_20251210_140606,a3526a,ERU313,34,2025-12-10 15:42:09+00:00,2025-12-10 15:44:56+00:00,go_around,False,False,141.0,2025-12-10 15:44:41+00:00,29.165817,-81.044294,12.0,2025-12-10 15:44:47+00:00,166.0,0.492,1344.0,600.0,reapproach,76.0,2025-12-10 10:44:41-05:00
a388c5_20251210_143952,a388c5,ERU327,34,2025-12-10 15:31:33+00:00,2025-12-10 15:33:51+00:00,go_around,False,False,316.0,2025-12-10 15:33:36+00:00,29.158768,-81.04123,17.0,2025-12-10 15:33:45+00:00,341.0,0.859,1216.0,550.0,reapproach,86.0,2025-12-10 10:33:36-05:00
ab14f5_20251210_133230,ab14f5,ERU813,25L,2025-12-10 13:38:41+00:00,2025-12-10 13:39:23+00:00,go_around,False,False,66.0,2025-12-10 13:39:05+00:00,29.1802,-81.04652,6.0,2025-12-10 13:39:10+00:00,66.0,-0.022,704.0,825.0,reapproach,254.0,2025-12-10 08:39:05-05:00
ab14f5_20251210_133230,ab14f5,ERU813,25L,2025-12-10 13:57:56+00:00,2025-12-10 13:58:34+00:00,go_around,False,False,41.0,2025-12-10 13:58:15+00:00,29.180013,-81.046897,10.0,2025-12-10 13:58:19+00:00,41.0,-0.018,768.0,825.0,reapproach,223.0,2025-12-10 08:58:15-05:00
ab314f_20251210_201110,ab314f,ERU820,07L,2025-12-10 20:30:24+00:00,2025-12-10 20:34:03+00:00,go_around,False,False,91.0,2025-12-10 20:32:56+00:00,29.170441,-81.082957,14.0,2025-12-10 20:33:04+00:00,91.0,0.092,1024.0,2325.0,reapproach,1408.0,2025-12-10 15:32:56-05:00
ab6f18_20251210_162310,ab6f18,ERU836,25L,2025-12-10 17:10:51+00:00,2025-12-10 17:11:25+00:00,go_around,False,False,53.5,2025-12-10 17:11:09+00:00,29.179825,-81.04741,19.0,2025-12-10 17:11:27+00:00,141.0,-0.357,960.0,862.5,reapproach,417.0,2025-12-10 12:11:09-05:00
abba5f_20251210_112058,abba5f,ERU855,07L,2025-12-10 11:35:40+00:00,2025-12-10 11:39:27+00:00,go_around,False,False,91.0,2025-12-10 11:38:45+00:00,29.170098,-81.083895,14.0,2025-12-10 11:38:52+00:00,116.0,0.169,1472.0,1900.0,reapproach,1054.0,2025-12-10 06:38:45-05:00
abe94c_20251210_162341,abe94c,ERU867,25L,2025-12-10 18:02:29+00:00,2025-12-10 18:03:20+00:00,ga_ambiguous,False,False,66.0,2025-12-10 18:03:01+00:00,29.180572,-81.045442,29.0,2025-12-10 18:03:25+00:00,191.0,-0.395,1216.0,850.0,reapproach,209.0,2025-12-10 13:03:01-05:00
a37da0_20251211_162203,a37da0,ERU324,25R,2025-12-11 18:20:23+00:00,2025-12-11 18:23:07+00:00,go_around,False,False,66.0,2025-12-11 18:22:42+00:00,29.186096,-81.044347,11.0,2025-12-11 18:22:47+00:00,91.0,0.124,1216.0,925.0,reapproach,267.0,2025-12-11 13:22:42-05:00
a38c7c_20251211_160129,a38c7c,ERU328,34,2025-12-11 16:19:23+00:00,2025-12-11 16:21:20+00:00,go_around,False,False,166.0,2025-12-11 16:20:45+00:00,29.167053,-81.044928,14.0,2025-12-11 16:20:53+00:00,216.0,0.388,1344.0,875.0,reapproach,94.0,2025-12-11 11:20:45-05:00
a4e370_20251211_173454,a4e370,ERU414,25L,2025-12-11 18:20:51+00:00,2025-12-11 18:21:45+00:00,go_around,False,False,41.0,2025-12-11 18:21:29+00:00,29.179781,-81.047489,8.0,2025-12-11 18:21:32+00:00,41.0,-0.07,1088.0,875.0,reapproach,94.0,2025-12-11 13:21:29-05:00
ab4b50_20251211_000156,ab4b50,ERU827,16,2025-12-11 00:55:42+00:00,2025-12-11 00:57:55+00:00,go_around,False,False,391.0,2025-12-11 00:57:53+00:00,29.209213,-81.064154,10.0,2025-12-11 00:57:58+00:00,416.0,1.04,1024.0,1050.0,reapproach,168.0,2025-12-10 19:57:53-05:00
ab7686_20251211_203313,ab7686,ERU838,25L,2025-12-11 21:05:01+00:00,2025-12-11 21:07:02+00:00,go_around,False,False,91.0,2025-12-11 21:06:27+00:00,29.182201,-81.04135,13.0,2025-12-11 21:06:34+00:00,141.0,0.259,832.0,875.0,reapproach,150.0,2025-12-11 16:06:27-05:00
ab9697_20251211_194025,ab9697,ERU846,25R,2025-12-11 20:16:31+00:00,2025-12-11 20:18:36+00:00,ga_ambiguous,False,False,541.0,2025-12-11 20:17:29+00:00,29.191093,-81.029663,24.0,2025-12-11 20:17:45+00:00,591.0,0.709,1216.0,1250.0,reapproach,248.0,2025-12-11 15:17:29-05:00
a4dfb9_20251212_225539,a4dfb9,ERU413,07L,2025-12-12 23:13:21+00:00,2025-12-12 23:16:49+00:00,go_around,False,False,116.0,2025-12-12 23:16:17+00:00,29.170051,-81.084325,14.0,2025-12-12 23:16:23+00:00,141.0,0.227,1024.0,2150.0,reapproach,1505.0,2025-12-12 18:16:17-05:00
ab2b3f_20251212_215808,ab2b3f,ERU819,07L,2025-12-12 22:16:06+00:00,2025-12-12 22:19:26+00:00,go_around,False,False,66.0,2025-12-12 22:18:50+00:00,29.17099,-81.081637,19.0,2025-12-12 22:18:58+00:00,91.0,0.015,1792.0,2350.0,reapproach,1015.0,2025-12-12 17:18:50-05:00
ab9a4e_20251212_232950,ab9a4e,ERU847,07L,2025-12-12 23:48:39+00:00,2025-12-12 23:52:33+00:00,go_around,False,False,116.0,2025-12-12 23:51:15+00:00,29.169958,-81.084433,17.0,2025-12-12 23:51:22+00:00,141.0,0.202,1280.0,1850.0,leg_end,,2025-12-12 18:51:15-05:00
ac30dc_20251212_144145,ac30dc,ERU885,25L,2025-12-12 14:56:47+00:00,2025-12-12 15:00:03+00:00,ga_ambiguous,False,False,116.0,2025-12-12 14:59:43+00:00,29.180432,-81.045927,28.0,2025-12-12 15:00:07+00:00,266.0,-0.417,960.0,775.0,reapproach,256.0,2025-12-12 09:59:43-05:00
ac770e_20251212_222520,ac770e,ERU902,07L,2025-12-12 22:43:43+00:00,2025-12-12 22:48:48+00:00,go_around,False,False,116.0,2025-12-12 22:47:15+00:00,29.168934,-81.087503,11.0,2025-12-12 22:47:22+00:00,141.0,0.431,960.0,2625.0,reapproach,1789.0,2025-12-12 17:47:15-05:00
a5f07b_20251213_213649,a5f07b,ERU482,07L,2025-12-13 22:01:17+00:00,2025-12-13 22:04:50+00:00,go_around,False,False,516.0,2025-12-13 22:03:20+00:00,29.160974,-81.107806,19.0,2025-12-13 22:03:33+00:00,541.0,1.404,960.0,1475.0,reapproach,940.0,2025-12-13 17:03:20-05:00
a5f07b_20251213_213649,a5f07b,ERU482,07L,2025-12-13 22:20:30+00:00,2025-12-13 22:24:04+00:00,go_around,False,False,116.0,2025-12-13 22:23:16+00:00,29.169983,-81.084278,12.0,2025-12-13 22:23:22+00:00,141.0,0.236,960.0,2325.0,reapproach,3270.0,2025-12-13 17:23:16-05:00
a5f432_20251213_192449,a5f432,ERU483,07R,2025-12-13 19:37:56+00:00,2025-12-13 19:38:52+00:00,go_around,False,False,41.0,2025-12-13 19:38:52+00:00,29.175568,-81.05808,9.0,2025-12-13 19:38:52+00:00,41.0,0.072,832.0,875.0,reapproach,207.0,2025-12-13 14:38:52-05:00
ab0d87_20251213_015725,ab0d87,ERU811,07L,2025-12-13 02:14:23+00:00,2025-12-13 02:17:31+00:00,go_around,False,False,66.0,2025-12-13 02:17:07+00:00,29.170377,-81.083195,12.0,2025-12-13 02:17:14+00:00,91.0,0.118,1280.0,1975.0,reapproach,821.0,2025-12-12 21:17:07-05:00
ab402b_20251213_020042,ab402b,ERU824,07L,2025-12-13 02:40:18+00:00,2025-12-13 02:43:00+00:00,go_around,False,False,666.0,2025-12-13 02:41:37+00:00,29.157486,-81.115864,16.0,2025-12-13 02:41:47+00:00,691.0,1.941,1088.0,1250.0,reapproach,888.0,2025-12-12 21:41:37-05:00
abba5f_20251213_000002,abba5f,ERU855,07L,2025-12-13 00:02:58+00:00,2025-12-13 00:06:59+00:00,go_around,False,False,66.0,2025-12-13 00:05:48+00:00,29.170144,-81.083787,8.0,2025-12-13 00:05:53+00:00,116.0,0.217,1216.0,1825.0,reapproach,574.0,2025-12-12 19:05:48-05:00
ac1482_20251213_004235,ac1482,ERU878,07L,2025-12-13 00:58:37+00:00,2025-12-13 01:02:14+00:00,go_around,False,False,241.0,2025-12-13 01:01:06+00:00,29.167099,-81.092201,8.0,2025-12-13 01:01:12+00:00,266.0,0.736,1152.0,1750.0,reapproach,753.0,2025-12-12 20:01:06-05:00
ac1482_20251213_141249,ac1482,ERU878,07L,2025-12-13 14:33:06+00:00,2025-12-13 14:37:03+00:00,go_around,False,False,116.0,2025-12-13 14:35:43+00:00,29.168701,-81.087664,10.0,2025-12-13 14:35:50+00:00,166.0,0.388,1152.0,2325.0,reapproach,1467.0,2025-12-13 09:35:43-05:00
ac4d36_20251213_161200,ac4d36,ERU892,07R,2025-12-13 16:37:53+00:00,2025-12-13 16:38:37+00:00,go_around,False,False,66.0,2025-12-13 16:38:13+00:00,29.174057,-81.061671,10.0,2025-12-13 16:38:19+00:00,91.0,0.13,1216.0,875.0,reapproach,204.0,2025-12-13 11:38:13-05:00
ac54a4_20251213_123715,ac54a4,ERU894,07R,2025-12-13 12:53:37+00:00,2025-12-13 12:54:18+00:00,go_around,False,False,41.0,2025-12-13 12:53:55+00:00,29.175018,-81.059136,12.0,2025-12-13 12:54:05+00:00,41.0,-0.049,896.0,875.0,reapproach,195.0,2025-12-13 07:53:55-05:00
ad1c78_20251213_032744,ad1c78,ERU944,07L,2025-12-13 03:49:21+00:00,2025-12-13 03:52:40+00:00,go_around,False,False,41.0,2025-12-13 03:52:01+00:00,29.171677,-81.079947,12.0,2025-12-13 03:52:07+00:00,66.0,-0.033,960.0,2050.0,reapproach,2345.0,2025-12-12 22:52:01-05:00
ab9e05_20251214_035516,ab9e05,ERU848,07L,2025-12-14 04:40:27+00:00,2025-12-14 04:43:47+00:00,go_around,False,False,91.0,2025-12-14 04:43:17+00:00,29.170703,-81.08201,15.0,2025-12-14 04:43:25+00:00,116.0,0.044,1152.0,1800.0,reapproach,706.0,2025-12-13 23:43:17-05:00
ab9e05_20251214_035516,ab9e05,ERU848,07L,2025-12-14 04:55:33+00:00,2025-12-14 04:59:19+00:00,go_around,False,False,66.0,2025-12-14 04:58:15+00:00,29.170624,-81.082588,12.0,2025-12-14 04:58:22+00:00,116.0,0.092,1216.0,1925.0,reapproach,1072.0,2025-12-13 23:58:15-05:00
abb6a8_20251214_163142,abb6a8,ERU854,25L,2025-12-14 16:58:49+00:00,2025-12-14 16:59:45+00:00,go_around,False,False,66.0,2025-12-14 16:59:08+00:00,29.180786,-81.039857,10.0,2025-12-14 16:59:12+00:00,66.0,0.331,1024.0,875.0,reapproach,177.0,2025-12-14 11:59:08-05:00
ac384a_20251214_014148,ac384a,ERU887,07L,2025-12-14 01:54:45+00:00,2025-12-14 01:58:12+00:00,go_around,False,False,91.0,2025-12-14 01:57:34+00:00,29.170284,-81.083841,13.0,2025-12-14 01:57:42+00:00,116.0,0.136,1088.0,1825.0,reapproach,977.0,2025-12-13 20:57:34-05:00
ab201a_20251215_204459,ab201a,ERU816,07L,2025-12-15 21:24:41+00:00,2025-12-15 21:29:11+00:00,go_around,False,False,116.0,2025-12-15 21:27:52+00:00,29.169912,-81.084272,13.0,2025-12-15 21:27:58+00:00,166.0,0.227,1344.0,1775.0,reapproach,935.0,2025-12-15 16:27:52-05:00
ab9697_20251215_190012,ab9697,ERU846,07R,2025-12-15 19:03:26+00:00,2025-12-15 19:04:24+00:00,go_around,False,False,166.0,2025-12-15 19:03:54+00:00,29.174423,-81.060615,11.0,2025-12-15 19:03:58+00:00,166.0,0.152,960.0,725.0,reapproach,173.0,2025-12-15 14:03:54-05:00
ab9e05_20251215_203327,ab9e05,ERU848,07R,2025-12-15 20:46:07+00:00,2025-12-15 20:47:12+00:00,go_around,False,False,91.0,2025-12-15 20:46:43+00:00,29.174194,-81.061383,10.0,2025-12-15 20:46:49+00:00,91.0,0.152,832.0,900.0,reapproach,201.0,2025-12-15 15:46:43-05:00
abb6a8_20251215_183243,abb6a8,ERU854,07L,2025-12-15 19:32:51+00:00,2025-12-15 19:36:43+00:00,go_around,False,False,116.0,2025-12-15 19:36:04+00:00,29.169388,-81.085017,11.0,2025-12-15 19:36:10+00:00,166.0,0.289,1344.0,1750.0,reapproach,1265.0,2025-12-15 14:36:04-05:00
ac8d58_20251215_210158,ac8d58,ERU908,07L,2025-12-15 21:35:52+00:00,2025-12-15 21:40:22+00:00,go_around,False,False,91.0,2025-12-15 21:38:53+00:00,29.168934,-81.086803,14.0,2025-12-15 21:39:01+00:00,116.0,0.324,1216.0,1825.0,reapproach,1163.0,2025-12-15 16:38:53-05:00
ad03d5_20251215_190804,ad03d5,ERU938,07L,2025-12-15 19:47:23+00:00,2025-12-15 19:52:08+00:00,go_around,False,False,66.0,2025-12-15 19:50:48+00:00,29.171402,-81.081426,13.0,2025-12-15 19:50:53+00:00,116.0,0.093,1408.0,2750.0,reapproach,1283.0,2025-12-15 14:50:48-05:00
a5f07b_20251216_135827,a5f07b,ERU482,07R,2025-12-16 15:26:26+00:00,2025-12-16 15:26:59+00:00,go_around,False,False,91.0,2025-12-16 15:26:39+00:00,29.175591,-81.057937,10.0,2025-12-16 15:26:46+00:00,116.0,-0.05,1024.0,850.0,reapproach,231.0,2025-12-16 10:26:39-05:00
ab4f07_20251216_190208,ab4f07,ERU828,07L,2025-12-16 19:16:15+00:00,2025-12-16 19:19:59+00:00,go_around,False,False,266.0,2025-12-16 19:19:05+00:00,29.166141,-81.093158,17.0,2025-12-16 19:19:15+00:00,291.0,0.659,1088.0,2700.0,reapproach,1030.0,2025-12-16 14:19:05-05:00
abaf3a_20251216_231715,abaf3a,ERU852,07L,2025-12-16 23:36:05+00:00,2025-12-16 23:40:07+00:00,go_around,False,False,166.0,2025-12-16 23:39:03+00:00,29.16925,-81.086338,10.0,2025-12-16 23:39:09+00:00,216.0,0.348,1408.0,2225.0,leg_end,,2025-12-16 18:39:03-05:00
abb6a8_20251216_140234,abb6a8,ERU854,07R,2025-12-16 15:35:01+00:00,2025-12-16 15:35:37+00:00,go_around,False,False,216.0,2025-12-16 15:35:11+00:00,29.174474,-81.060683,8.0,2025-12-16 15:35:16+00:00,216.0,0.131,1088.0,675.0,reapproach,135.0,2025-12-16 10:35:11-05:00
a6108c_20251217_170622,a6108c,ERU490,07R,2025-12-17 17:20:34+00:00,2025-12-17 17:21:53+00:00,go_around,False,False,141.0,2025-12-17 17:21:29+00:00,29.174101,-81.061491,19.0,2025-12-17 17:21:34+00:00,141.0,0.182,1024.0,675.0,reapproach,102.0,2025-12-17 12:21:29-05:00
aafc52_20251217_011341,aafc52,ERU807,07L,2025-12-17 01:30:24+00:00,2025-12-17 01:34:11+00:00,go_around,False,False,216.0,2025-12-17 01:33:14+00:00,29.16687,-81.091778,10.0,2025-12-17 01:33:19+00:00,241.0,0.672,1152.0,2975.0,reapproach,1924.0,2025-12-16 20:33:14-05:00
ab4f07_20251217_012941,ab4f07,ERU828,07L,2025-12-17 02:19:41+00:00,2025-12-17 02:23:57+00:00,go_around,False,False,66.0,2025-12-17 02:22:46+00:00,29.170761,-81.082165,9.0,2025-12-17 02:22:52+00:00,91.0,0.087,1216.0,875.0,reapproach,205.0,2025-12-16 21:22:46-05:00
ab4f07_20251217_183800,ab4f07,ERU828,07R,2025-12-17 19:03:21+00:00,2025-12-17 19:04:05+00:00,go_around,False,False,116.0,2025-12-17 19:03:39+00:00,29.175079,-81.059283,8.0,2025-12-17 19:03:46+00:00,116.0,0.037,1152.0,850.0,reapproach,281.0,2025-12-17 14:03:39-05:00
abe94c_20251217_025509,abe94c,ERU867,07L,2025-12-17 03:37:45+00:00,2025-12-17 03:41:22+00:00,go_around,False,False,91.0,2025-12-17 03:40:40+00:00,29.170656,-81.082979,10.0,2025-12-17 03:40:46+00:00,141.0,0.134,1344.0,1950.0,reapproach,714.0,2025-12-16 22:40:40-05:00
ac384a_20251217_034413,ac384a,ERU887,07L,2025-12-17 04:02:33+00:00,2025-12-17 04:06:40+00:00,go_around,False,False,66.0,2025-12-17 04:05:36+00:00,29.170889,-81.081956,10.0,2025-12-17 04:05:41+00:00,66.0,0.103,1088.0,2350.0,reapproach,1946.0,2025-12-16 23:05:36-05:00
ac54a4_20251217_000001,ac54a4,ERU894,07L,2025-12-17 00:08:53+00:00,2025-12-17 00:12:53+00:00,go_around,False,False,66.0,2025-12-17 00:11:39+00:00,29.170807,-81.081848,17.0,2025-12-17 00:11:50+00:00,91.0,-0.044,1216.0,1900.0,reapproach,741.0,2025-12-16 19:11:39-05:00
a38c7c_20251218_143405,a38c7c,ERU328,16,2025-12-18 14:57:55+00:00,2025-12-18 15:00:55+00:00,go_around,False,False,166.0,2025-12-18 15:00:49+00:00,29.200077,-81.060791,14.0,2025-12-18 15:00:55+00:00,241.0,0.459,1664.0,800.0,reapproach,82.0,2025-12-18 10:00:49-05:00
ad001e_20251218_000001,ad001e,ERU937,07L,2025-12-18 00:00:01+00:00,2025-12-18 00:02:21+00:00,go_around,False,False,91.0,2025-12-18 00:01:49+00:00,29.170624,-81.08264,12.0,2025-12-18 00:01:55+00:00,116.0,0.109,1472.0,1900.0,reapproach,804.0,2025-12-17 19:01:49-05:00
a5f432_20251219_170729,a5f432,ERU483,25L,2025-12-19 17:17:41+00:00,2025-12-19 17:18:39+00:00,go_around,False,False,141.0,2025-12-19 17:17:54+00:00,29.182892,-81.038114,14.0,2025-12-19 17:18:03+00:00,166.0,0.404,896.0,850.0,reapproach,165.0,2025-12-19 12:17:54-05:00
ab0d87_20251220_233129,ab0d87,ERU811,07L,2025-12-20 23:45:25+00:00,2025-12-20 23:49:53+00:00,go_around,False,False,91.0,2025-12-20 23:48:38+00:00,29.170656,-81.082818,12.0,2025-12-20 23:48:44+00:00,116.0,0.139,1152.0,1825.0,leg_end,,2025-12-20 18:48:38-05:00
ab201a_20251220_134337,ab201a,ERU816,25L,2025-12-20 14:17:15+00:00,2025-12-20 14:17:56+00:00,go_around,False,False,41.0,2025-12-20 14:17:36+00:00,29.180991,-81.044689,10.0,2025-12-20 14:17:42+00:00,41.0,0.036,960.0,925.0,reapproach,176.0,2025-12-20 09:17:36-05:00
ab5c85_20251220_134345,ab5c85,ERU831,25L,2025-12-20 13:47:34+00:00,2025-12-20 13:48:18+00:00,go_around,False,False,116.0,2025-12-20 13:47:53+00:00,29.181885,-81.042657,13.0,2025-12-20 13:48:01+00:00,116.0,0.118,960.0,800.0,reapproach,215.0,2025-12-20 08:47:53-05:00
abf0ba_20251220_123800,abf0ba,ERU869,25R,2025-12-20 12:58:31+00:00,2025-12-20 13:00:08+00:00,go_around,False,False,91.0,2025-12-20 12:59:43+00:00,29.185879,-81.04485,10.0,2025-12-20 12:59:53+00:00,91.0,-0.047,704.0,875.0,reapproach,230.0,2025-12-20 07:59:43-05:00
abe94c_20251221_140224,abe94c,ERU867,07R,2025-12-21 14:57:17+00:00,2025-12-21 14:58:32+00:00,go_around,False,False,141.0,2025-12-21 14:57:47+00:00,29.172891,-81.064453,12.0,2025-12-21 14:57:54+00:00,166.0,0.336,832.0,875.0,reapproach,172.0,2025-12-21 09:57:47-05:00
ad4f1c_20251221_174707,ad4f1c,ERU957,34,2025-12-21 17:58:42+00:00,2025-12-21 17:59:14+00:00,go_around,False,False,591.0,2025-12-21 17:59:00+00:00,29.176289,-81.048081,12.0,2025-12-21 17:59:05+00:00,641.0,-0.113,832.0,425.0,reapproach,35.0,2025-12-21 12:59:00-05:00
ad52d3_20251221_000001,ad52d3,ERU958,07R,2025-12-21 00:01:52+00:00,2025-12-21 00:03:15+00:00,go_around,False,False,41.0,2025-12-21 00:02:40+00:00,29.17452,-81.060522,15.0,2025-12-21 00:02:44+00:00,66.0,0.156,960.0,925.0,reapproach,250.0,2025-12-20 19:02:40-05:00
abf0ba_20251222_182818,abf0ba,ERU869,07R,2025-12-22 18:31:25+00:00,2025-12-22 18:32:34+00:00,go_around,False,False,91.0,2025-12-22 18:32:06+00:00,29.174287,-81.060845,12.0,2025-12-22 18:32:11+00:00,116.0,0.142,1024.0,850.0,reapproach,191.0,2025-12-22 13:32:06-05:00
a5527f_20251223_200331,a5527f,ERU442,07R,2025-12-23 21:13:47+00:00,2025-12-23 21:15:11+00:00,ga_ambiguous,False,False,416.0,2025-12-23 21:14:38+00:00,29.172821,-81.065052,25.0,2025-12-23 21:14:57+00:00,466.0,0.063,1024.0,500.0,reapproach,146.0,2025-12-23 16:14:38-05:00
ac05a6_20251223_184931,ac05a6,ERU874,07R,2025-12-23 19:13:23+00:00,2025-12-23 19:14:14+00:00,go_around,False,False,41.0,2025-12-23 19:13:53+00:00,29.175405,-81.058368,8.0,2025-12-23 19:13:58+00:00,41.0,-0.022,832.0,975.0,reapproach,242.0,2025-12-23 14:13:53-05:00
ac05a6_20251223_184931,ac05a6,ERU874,07R,2025-12-23 19:23:11+00:00,2025-12-23 19:24:03+00:00,go_around,False,False,91.0,2025-12-23 19:23:34+00:00,29.174474,-81.060576,11.0,2025-12-23 19:23:40+00:00,116.0,0.116,832.0,850.0,reapproach,190.0,2025-12-23 14:23:34-05:00
ac30dc_20251223_145335,ac30dc,ERU885,07R,2025-12-23 15:18:55+00:00,2025-12-23 15:19:44+00:00,ga_ambiguous,False,False,116.0,2025-12-23 15:19:23+00:00,29.17511,-81.058608,24.0,2025-12-23 15:19:44+00:00,266.0,-0.297,896.0,875.0,reapproach,257.0,2025-12-23 10:19:23-05:00
